activity_identifier,transaction_ref,transaction_type,transaction_date,value,currency,value_date,description,provider_org_ref,provider_org_name,provider_org_type,receiver_org_ref,receiver_org_name,receiver_org_type,disbursement_channel,flow_type,finance_type,aid_type,tied_status,humanitarian
US-GOV-1-000-15-ASIA,A1B03408949C,2,2015-09-30,77000.0,,2015-09-30,,,,,,U.S. Government - U.S. Agency for International Development,10,,,,,,0
US-GOV-1-000-15-ASIA,A1B03408949C,3,2015-09-30,77000.0,,2015-09-30,,,,,,U.S. Government - U.S. Agency for International Development,10,,,,,,0
US-GOV-1-000-15-ASIA,E871CC266F27,2,2015-09-30,12440.0,,2015-09-30,,,,,,U.S. Government - U.S. Agency for International Development,10,,,,,,0
US-GOV-1-000-15-ASIA,E871CC266F27,3,2015-09-30,12440.0,,2015-09-30,,,,,,U.S. Government - U.S. Agency for International Development,10,,,,,,0
US-GOV-1-000-15-ASIA,B8021B1FF974,2,2015-09-30,71120.0,,2015-09-30,,,,,,U.S. Government - U.S. Agency for International Development,10,,,,,,0
US-GOV-1-000-15-ASIA,B8021B1FF974,3,2015-09-30,71120.0,,2015-09-30,,,,,,U.S. Government - U.S. Agency for International Development,10,,,,,,0
US-GOV-1-00008MO000188,A7188C340B3F,2,2015-06-30,-6494.0,,2015-06-30,,,,,,U.S. Government - U.S. Agency for International Development,10,,,,,,0
US-GOV-1-00008MO000192,D768DE9AA4E0,2,2015-06-30,0.0,,2015-06-30,,,,,,U.S. Government - U.S. Agency for International Development,10,,,,,,0
US-GOV-1-00008MO000194,6641B9CE7B98,2,2015-06-30,-20745.0,,2015-06-30,,,,,,U.S. Government - U.S. Agency for International Development,10,,,,,,0
US-GOV-1-00008MO000195,DF26FD77D65B,2,2015-06-30,-23661.0,,2015-06-30,,,,,,U.S. Government - U.S. Agency for International Development,10,,,,,,0
US-GOV-1-00008MO000197,F6656AF4A11B,2,2015-06-30,-10621.0,,2015-06-30,,,,,,U.S. Government - U.S. Agency for International Development,10,,,,,,0
US-GOV-1-00022MO000378,DB473D00009D,2,2022-09-30,42110.0,,2022-09-30,,,,,,United Nations Development Programme,40,,,,,,0
US-GOV-1-00022MO000378,DB473D00009D,3,2022-09-30,42110.0,,2022-09-30,,,,,,United Nations Development Programme,40,,,,,,0
US-GOV-1-00022MO000378,4081461526B0,2,2022-09-30,233825.0,,2022-09-30,,,,,,United Nations Development Programme,40,,,,,,0
US-GOV-1-00022MO000378,4081461526B0,3,2022-09-30,233825.0,,2022-09-30,,,,,,United Nations Development Programme,40,,,,,,0
US-GOV-1-00022MO000378,12D3328FF4C5,2,2023-09-30,585000.0,,2023-09-30,,,,,,United Nations Development Programme,40,,,,,,0
US-GOV-1-00022MO000378,12D3328FF4C5,3,2023-09-30,585000.0,,2023-09-30,,,,,,United Nations Development Programme,40,,,,,,0
US-GOV-1-115-EPP-I-05-05-00010,46A5F879FBD5,3,2013-03-31,86683.0,,2013-03-31,,,,,,"Mendez England & Associates, Inc.",70,,,,,,0
US-GOV-1-115-EPP-I-05-05-00010,7C613CA7648A,3,2013-09-30,11465.0,,2013-09-30,,,,,,"Mendez England & Associates, Inc.",70,,,,,,0
US-GOV-1-115-EPP-I-05-05-00010,7E6B595B3E7C,2,2018-09-30,-689.0,,2018-09-30,,,,,,"Mendez England & Associates, Inc.",70,,,,,,0
US-GOV-1-2940005G00420100,198907B80744,2,2015-09-30,-19198.0,,2015-09-30,,,,,,United Nations Relief and Works Agency,40,,,,,,0
US-GOV-1-2940007G00400500,43EC3D015440,2,2015-09-30,-72532.0,,2015-09-30,,,,,,U.S. Government - Other,,,,,,,0
US-GOV-1-399-C-00-92-00356,B3BFC1411A49,2,2015-09-30,-29476.0,,2015-09-30,,,,,,"Berger Group Holdings, Inc.",70,,,,,,0
US-GOV-1-442-EEE-A-00-02-00041-00-5,CB58AED4D027,2,2013-09-30,-315000.0,,2013-09-30,,,,,,Enterprise - United States Other,70,,,,,,0
US-GOV-1-486-22-486-CASH-AWARD-232,064D65664A27,2,2022-09-30,200.0,,2022-09-30,,,,,,U.S. Government - U.S. Agency for International Development,10,,,,,,0
US-GOV-1-486-22-486-CASH-AWARD-232,082AA24E6A88,3,2022-12-31,200.0,,2022-12-31,,,,,,U.S. Government - U.S. Agency for International Development,10,,,,,,0
US-GOV-1-498-DCA-17-001,287076360D3C,2,2017-09-30,488999.0,,2017-09-30,,,,,,U.S. Government - U.S. Agency for International Development,10,,,,,,0
US-GOV-1-498-DCA-17-001,EF25CB6972A6,2,2019-06-30,-488999.0,,2019-06-30,,,,,,U.S. Government - U.S. Agency for International Development,10,,,,,,0
US-GOV-1-498-DCA-17-001,5B5521DB5700,2,2017-09-30,200000.0,,2017-09-30,,,,,,U.S. Government - U.S. Agency for International Development,10,,,,,,0
US-GOV-1-498-DCA-17-001,E677E3E1633A,2,2019-06-30,-200000.0,,2019-06-30,,,,,,U.S. Government - U.S. Agency for International Development,10,,,,,,0
US-GOV-1-498-DCA-17-001,BCBF17F15EB4,2,2017-09-30,217288.0,,2017-09-30,,,,,,U.S. Government - U.S. Agency for International Development,10,,,,,,0
US-GOV-1-498-DCA-17-001,79FB84C2C6D2,2,2019-06-30,-217288.0,,2019-06-30,,,,,,U.S. Government - U.S. Agency for International Development,10,,,,,,0
US-GOV-1-4990015G00254400,3C93AF9B1650,2,2015-09-30,-232121.0,,2015-09-30,,,,,,U.S. Government - Environmental Protection Agency,10,,,,,,0
US-GOV-1-4990015G00256600,D2023557C451,2,2014-03-31,-17824.0,,2014-03-31,,,,,,Enterprise - United States Other,70,,,,,,0
US-GOV-1-4990015G00355200,48D64E410619,2,2015-09-30,-1559.0,,2015-09-30,,,,,,U.S. Government - Overseas Private Investment Corporation,10,,,,,,0
US-GOV-1-4990015G00510600,B4902BD38D7A,2,2015-09-30,-32016.0,,2015-09-30,,,,,,U.S. Government - Department of Interior,10,,,,,,0
US-GOV-1-7200AA19F00023,97A3A90FDC45,2,2019-09-30,1111112.0,,2019-09-30,,,,,,nan,70,,,,,,0
US-GOV-1-7200AA19F00023,F014533BB352,2,2019-09-30,444444.0,,2019-09-30,,,,,,nan,70,,,,,,0
US-GOV-1-7200AA19F00023,06775C4BFE1B,2,2019-09-30,444444.0,,2019-09-30,,,,,,nan,70,,,,,,0
US-GOV-1-7200AA19F00023,A6A0B919BCB2,3,2020-03-31,69384.0,,2020-03-31,,,,,,nan,70,,,,,,0
US-GOV-1-7200AA19F00023,C6A319E420B6,3,2020-06-30,81231.0,,2020-06-30,,,,,,nan,70,,,,,,0
US-GOV-1-7200AA19F00023,6F99D95BD6EA,3,2020-09-30,159803.0,,2020-09-30,,,,,,nan,70,,,,,,0
US-GOV-1-7200AA19F00023,26C2BC12ED30,3,2020-03-31,79399.0,,2020-03-31,,,,,,nan,70,,,,,,0
US-GOV-1-7200AA19F00023,74F1E7EE6F83,3,2020-12-31,86812.0,,2020-12-31,,,,,,nan,70,,,,,,0
US-GOV-1-7200AA19F00023,6847F040BB2E,3,2021-03-31,102768.0,,2021-03-31,,,,,,nan,70,,,,,,0
US-GOV-1-7200AA19F00023,D268ED97AC24,3,2021-03-31,36976.0,,2021-03-31,,,,,,nan,70,,,,,,0
US-GOV-1-7200AA19F00023,CB2E42C02789,3,2021-03-31,50942.0,,2021-03-31,,,,,,nan,70,,,,,,0
US-GOV-1-7200AA19F00023,1C9F3468EC65,3,2021-06-30,128064.0,,2021-06-30,,,,,,nan,70,,,,,,0
US-GOV-1-7200AA19F00023,E49202FFDEDD,3,2021-09-30,153274.0,,2021-09-30,,,,,,nan,70,,,,,,0
US-GOV-1-7200AA19F00023,5BD14CCDBCC1,3,2022-03-31,190055.0,,2022-03-31,,,,,,nan,70,,,,,,0
US-GOV-1-7200AA19F00023,B18428D7B4CB,3,2022-06-30,61146.0,,2022-06-30,,,,,,nan,70,,,,,,0
US-GOV-1-7200AA19F00023,8A35E465C0E6,3,2022-09-30,140364.0,,2022-09-30,,,,,,nan,70,,,,,,0
US-GOV-1-7200AA19F00023,B6C059BBB215,3,2021-12-31,65455.0,,2021-12-31,,,,,,nan,70,,,,,,0
US-GOV-1-7200AA19F00023,C9344C983352,3,2022-03-31,127507.0,,2022-03-31,,,,,,nan,70,,,,,,0
US-GOV-1-7200AA19F00023,63C1D6E00D4D,3,2022-06-30,126543.0,,2022-06-30,,,,,,nan,70,,,,,,0
US-GOV-1-7200AA19F00023,5A7DF4E55F64,3,2022-09-30,68045.0,,2022-09-30,,,,,,nan,70,,,,,,0
US-GOV-1-7200AA19F00023,625A345EB41F,2,2023-09-30,43000.0,,2023-09-30,,,,,,nan,70,,,,,,0
US-GOV-1-7200AA19F00023,347185C043BA,3,2022-12-31,194177.0,,2022-12-31,,,,,,nan,70,,,,,,0
US-GOV-1-7200AA19F00023,855918C06F67,3,2023-03-31,196508.0,,2023-03-31,,,,,,nan,70,,,,,,0
US-GOV-1-7200AA19F00023,4EF571B2B81C,3,2023-09-30,212483.0,,2023-09-30,,,,,,nan,70,,,,,,0
US-GOV-1-7200AA19F00023,E43EE40C9C0E,3,2023-09-30,72900.0,,2023-09-30,,,,,,nan,70,,,,,,0
US-GOV-1-7200AA19F00023,B6F14F26A3B9,3,2023-12-31,16657.0,,2023-12-31,,,,,,nan,70,,,,,,0
US-GOV-1-7200AA19F00023,E892EF2682EF,3,2023-12-31,49446.0,,2023-12-31,,,,,,nan,70,,,,,,0
US-GOV-1-7200AA19F00023,E6E72ABB0703,3,2023-12-31,46707.0,,2023-12-31,,,,,,nan,70,,,,,,0
US-GOV-1-7200AA20P00017,232519E2685B,2,2020-09-30,149805.0,,2020-09-30,,,,,,Center for Strategic and International Studies,22,,,,,,0
US-GOV-1-7200AA20P00017,01C524A5A4E6,3,2020-12-31,149805.0,,2020-12-31,,,,,,Center for Strategic and International Studies,22,,,,,,0
US-GOV-1-7200AA21CA00017,D774F6417B69,2,2021-09-30,941728.0,,2021-09-30,,,,,,World Wildlife Fund,22,,,,,,0
US-GOV-1-7200AA21CA00017,C4DE2BAC2750,2,2021-09-30,250000.0,,2021-09-30,,,,,,World Wildlife Fund,22,,,,,,0
US-GOV-1-7200AA21CA00017,E25430DE9B71,2,2021-09-30,269409.0,,2021-09-30,,,,,,World Wildlife Fund,22,,,,,,0
US-GOV-1-7200AA21CA00017,89A3CB1EC3FD,3,2022-03-31,50578.0,,2022-03-31,,,,,,World Wildlife Fund,22,,,,,,0
US-GOV-1-7200AA21CA00017,26237003D191,3,2022-06-30,109624.0,,2022-06-30,,,,,,World Wildlife Fund,22,,,,,,0
US-GOV-1-7200AA21CA00017,EBA90990019B,3,2022-09-30,170209.0,,2022-09-30,,,,,,World Wildlife Fund,22,,,,,,0
US-GOV-1-7200AA21CA00017,D17CB56E6159,3,2022-09-30,109205.0,,2022-09-30,,,,,,World Wildlife Fund,22,,,,,,0
US-GOV-1-7200AA21CA00017,27A881E68466,2,2022-09-30,300000.0,,2022-09-30,,,,,,World Wildlife Fund,22,,,,,,0
US-GOV-1-7200AA21CA00017,3B394FF363DE,2,2022-09-30,1075000.0,,2022-09-30,,,,,,World Wildlife Fund,22,,,,,,0
US-GOV-1-7200AA21CA00017,DC320F567F87,3,2022-12-31,124189.0,,2022-12-31,,,,,,World Wildlife Fund,22,,,,,,0
US-GOV-1-7200AA21CA00017,E142D134A54F,3,2023-03-31,-124189.0,,2023-03-31,,,,,,World Wildlife Fund,22,,,,,,0
US-GOV-1-7200AA21CA00017,546CD99C99FF,3,2023-06-30,157400.0,,2023-06-30,,,,,,World Wildlife Fund,22,,,,,,0
US-GOV-1-7200AA21CA00017,091359B5205A,3,2023-09-30,184671.0,,2023-09-30,,,,,,World Wildlife Fund,22,,,,,,0
US-GOV-1-7200AA21CA00017,9C4750A8D443,3,2023-09-30,92599.0,,2023-09-30,,,,,,World Wildlife Fund,22,,,,,,0
US-GOV-1-7200AA21CA00017,E9FDCD39614E,3,2023-03-31,324714.0,,2023-03-31,,,,,,World Wildlife Fund,22,,,,,,0
US-GOV-1-7200AA21CA00017,6E5B4FD29092,3,2023-09-30,375285.0,,2023-09-30,,,,,,World Wildlife Fund,22,,,,,,0
US-GOV-1-7200AA21CA00017,6A8BB2FC1527,2,2023-09-30,110150.0,,2023-09-30,,,,,,World Wildlife Fund,22,,,,,,0
US-GOV-1-7200AA21CA00017,00D0C773B7E5,2,2023-09-30,1329448.0,,2023-09-30,,,,,,World Wildlife Fund,22,,,,,,0
US-GOV-1-7200AA21CA00017,1E2C547BEB50,3,2023-12-31,147590.0,,2023-12-31,,,,,,World Wildlife Fund,22,,,,,,0
US-GOV-1-7200AA21CA00017,07C03A27C6D8,3,2024-03-31,439255.0,,2024-03-31,,,,,,World Wildlife Fund,22,,,,,,0
US-GOV-1-7200AA21CA00017,07C4543834B8,2,2024-09-30,269410.0,,2024-09-30,,,,,,World Wildlife Fund,22,,,,,,0
US-GOV-1-7200AA21CA00017,574336CD81DE,3,2024-03-31,216393.0,,2024-03-31,,,,,,World Wildlife Fund,22,,,,,,0
US-GOV-1-7200AA21CA00017,A23786180A1C,3,2024-06-30,259854.0,,2024-06-30,,,,,,World Wildlife Fund,22,,,,,,0
US-GOV-1-7200AA21CA00017,BE8565D08949,2,2024-09-30,250000.0,,2024-09-30,,,,,,World Wildlife Fund,22,,,,,,0
US-GOV-1-7200AA21CA00017,8A2A802335D3,3,2024-09-30,758806.0,,2024-09-30,,,,,,World Wildlife Fund,22,,,,,,0
US-GOV-1-7200AA21CA00017,9C503E848C9C,2,2024-09-30,100000.0,,2024-09-30,,,,,,World Wildlife Fund,22,,,,,,0
US-GOV-1-7200AA21CA00017,AE6236B1D459,2,2024-09-30,550000.0,,2024-09-30,,,,,,World Wildlife Fund,22,,,,,,0
US-GOV-1-7200AA21CA00017,9289AF716C24,3,2024-12-31,249366.0,,2024-12-31,,,,,,World Wildlife Fund,22,,,,,,0
US-GOV-1-7200AA23F00011,DA5EC9C66015,2,2023-09-30,178400.0,,2023-09-30,,,,,,Global Integrity,70,,,,,,0
US-GOV-1-7200AA23F00011,A733874EC04E,2,2023-09-30,178400.0,,2023-09-30,,,,,,Global Integrity,70,,,,,,0
US-GOV-1-7200AA23F00011,EE5AE20A2804,2,2023-09-30,758200.0,,2023-09-30,,,,,,Global Integrity,70,,,,,,0
US-GOV-1-7200AA23F00011,A9C8C62BCFA9,3,2024-03-31,142782.0,,2024-03-31,,,,,,Global Integrity,70,,,,,,0
US-GOV-1-7200AA23F00011,5245BF423E08,3,2024-03-31,82400.0,,2024-03-31,,,,,,Global Integrity,70,,,,,,0
US-GOV-1-7200AA23F00011,99A34490E7EB,3,2024-06-30,35617.0,,2024-06-30,,,,,,Global Integrity,70,,,,,,0
US-GOV-1-7200AA23F00011,30D2F28B9B6C,3,2024-06-30,96000.0,,2024-06-30,,,,,,Global Integrity,70,,,,,,0
US-GOV-1-7200AA23F00011,519D1C5D90FD,2,2024-09-30,41981.0,,2024-09-30,,,,,,Global Integrity,70,,,,,,0
US-GOV-1-7200AA23F00011,B525877DF0B9,2,2024-09-30,313112.0,,2024-09-30,,,,,,Global Integrity,70,,,,,,0
US-GOV-1-7200AA23F00011,E48731F6560D,2,2024-09-30,358143.0,,2024-09-30,,,,,,Global Integrity,70,,,,,,0
US-GOV-1-7200AA23F00011,1B9EB64B4004,3,2023-12-31,77963.0,,2023-12-31,,,,,,Global Integrity,70,,,,,,0
US-GOV-1-7200AA23F00011,CE800F229329,3,2024-03-31,11236.0,,2024-03-31,,,,,,Global Integrity,70,,,,,,0
US-GOV-1-7200AA23F00011,583E8C38D394,3,2024-06-30,848.0,,2024-06-30,,,,,,Global Integrity,70,,,,,,0
US-GOV-1-7200AA23F00011,389ED978AD36,3,2024-09-30,234100.0,,2024-09-30,,,,,,Global Integrity,70,,,,,,0
US-GOV-1-7200AA23F00011,DC0950978590,2,2024-09-30,207188.0,,2024-09-30,,,,,,Global Integrity,70,,,,,,0
US-GOV-1-7200AA23F00011,52EAC4D00956,3,2024-12-31,38100.0,,2024-12-31,,,,,,Global Integrity,70,,,,,,0
US-GOV-1-7200AA23F00011,B5CD14367C7D,2,2025-01-31,78349.0,,2025-01-31,,,,,,Global Integrity,70,,,,,,0
US-GOV-1-7200AA23F00011,4F3D29EB6AC3,2,2025-01-31,147560.0,,2025-01-31,,,,,,Global Integrity,70,,,,,,0
US-GOV-1-7200AA24GR00002,FE6A10B2673B,2,2024-09-30,500000.0,,2024-09-30,,,,,,Enterprise - Non United States Unknown,70,,,,,,0
US-GOV-1-7200AA24GR00002,49DA771C5108,2,2025-01-31,352032.0,,2025-01-31,,,,,,Enterprise - Non United States Unknown,23,,,,,,0
US-GOV-1-7200AA24P00041,E84D8C84082D,2,2024-06-30,227392.0,,2024-06-30,,,,,,NEW YORK SLOGAN COMPANY LLC,70,,,,,,0
US-GOV-1-7200AA24P00041,FA6E70A29DEB,3,2024-09-30,45478.0,,2024-09-30,,,,,,NEW YORK SLOGAN COMPANY LLC,70,,,,,,0
US-GOV-1-7200AA25N00002,A13581AA288F,2,2024-12-31,38577.0,,2024-12-31,,,,,,"ECODIT, Inc.",70,,,,,,0
US-GOV-1-7200AA25N00002,EBD9FA73C8DD,2,2024-12-31,1670297.0,,2024-12-31,,,,,,"ECODIT, Inc.",70,,,,,,0
US-GOV-1-7200AA25N00002,FDCC619F6BA3,2,2025-01-31,900000.0,,2025-01-31,,,,,,"ECODIT, Inc.",70,,,,,,0
US-GOV-1-720201350267,C689910E80E5,2,2013-09-30,-246833.0,,2013-09-30,,,,,,U.S. Government - Peace Corps,10,,,,,,0
US-GOV-1-720201350269,874B2DB64838,2,2013-03-31,-6971.0,,2013-03-31,,,,,,U.S. Government - Department of the Army,10,,,,,,0
US-GOV-1-720201350402,A886AFC6188F,3,2012-12-31,107339.0,,2012-12-31,,,,,,Management Systems International,70,,,,,,0
US-GOV-1-720201350403,2895ACDD02A2,2,2012-12-31,-39010.0,,2012-12-31,,,,,,Management Systems International,70,,,,,,0
US-GOV-1-720201350429,02FA12FC3ADA,3,2012-12-31,130000.0,,2012-12-31,,,,,,National Academy of Sciences,22,,,,,,0
US-GOV-1-720201350429,49E3E0E304F1,3,2012-12-31,6627.0,,2012-12-31,,,,,,National Academy of Sciences,22,,,,,,0
US-GOV-1-720201350429,C3FFAE87C3AA,3,2013-03-31,11927.0,,2013-03-31,,,,,,National Academy of Sciences,22,,,,,,0
US-GOV-1-720201350429,6A93692F31B4,3,2013-06-30,1073.0,,2013-06-30,,,,,,National Academy of Sciences,22,,,,,,0
US-GOV-1-720201350429,7B9648A81056,3,2013-09-30,-2642.0,,2013-09-30,,,,,,National Academy of Sciences,22,,,,,,0
US-GOV-1-720201350435,789C99DB463A,3,2012-12-31,425.0,,2012-12-31,,,,,,"Chemonics International, Inc.",70,,,,,,0
US-GOV-1-720201350435,40D55A13BF7A,3,2013-03-31,-16.0,,2013-03-31,,,,,,"Chemonics International, Inc.",70,,,,,,0
US-GOV-1-720201350588,A25B13873800,3,2012-12-31,70658.0,,2012-12-31,,,,,,"Synergos Institute, Inc.",22,,,,,,0
US-GOV-1-720201350588,1979180EF2EC,3,2013-03-31,66254.0,,2013-03-31,,,,,,"Synergos Institute, Inc.",22,,,,,,0
US-GOV-1-720201350588,0355EC864B2D,3,2013-06-30,31827.0,,2013-06-30,,,,,,"Synergos Institute, Inc.",22,,,,,,0
US-GOV-1-720201350588,CB2A70BE8817,3,2013-09-30,52823.0,,2013-09-30,,,,,,"Synergos Institute, Inc.",22,,,,,,0
US-GOV-1-720201351534,C239526AB945,3,2013-09-30,12754.0,,2013-09-30,,,,,,U.S. Government - Department of Agriculture,10,,,,,,0
US-GOV-1-720201450429,807590B5E317,3,2014-09-30,3013.0,,2014-09-30,,,,,,National Academy of Sciences,22,,,,,,0
US-GOV-1-720201450587,4498AC1C22E3,3,2013-12-31,59045.0,,2013-12-31,,,,,,"Synergos Institute, Inc.",22,,,,,,0
US-GOV-1-720201450587,DD9C48710319,3,2014-03-31,69051.0,,2014-03-31,,,,,,"Synergos Institute, Inc.",22,,,,,,0
US-GOV-1-720201450587,ED692BF89F04,3,2014-06-30,43391.0,,2014-06-30,,,,,,"Synergos Institute, Inc.",22,,,,,,0
US-GOV-1-720201450587,2CCC0ED4C10A,3,2014-09-30,45787.0,,2014-09-30,,,,,,"Synergos Institute, Inc.",22,,,,,,0
US-GOV-1-720201450587,B0406724339B,2,2014-06-30,75000.0,,2014-06-30,,,,,,"Synergos Institute, Inc.",22,,,,,,0
US-GOV-1-720201450587,A79D1F2BF745,2,2014-06-30,75000.0,,2014-06-30,,,,,,"Synergos Institute, Inc.",22,,,,,,0
US-GOV-1-720201450588,C51DF684DD5C,3,2013-12-31,58602.0,,2013-12-31,,,,,,"Synergos Institute, Inc.",22,,,,,,0
US-GOV-1-720201550270,54658D597AB8,2,2015-09-30,-102113.0,,2015-09-30,,,,,,U.S. Government - Department of Energy,10,,,,,,0
US-GOV-1-720201550411,27796F318137,2,2015-06-30,-407.0,,2015-06-30,,,,,,Personal Services Contractors - USAID,70,,,,,,0
US-GOV-1-720201550435,E8C9B44F449D,2,2015-09-30,-743.0,,2015-09-30,,,,,,"Chemonics International, Inc.",70,,,,,,0
US-GOV-1-720201550498,0024E48CE29F,2,2015-09-30,-7.0,,2015-09-30,,,,,,"Tetra Tech, Inc.",70,,,,,,0
US-GOV-1-720201550587,90A8C4DA5145,3,2014-12-31,35801.0,,2014-12-31,,,,,,"Synergos Institute, Inc.",22,,,,,,0
US-GOV-1-720201550587,5B9C96DD7458,3,2015-03-31,120168.0,,2015-03-31,,,,,,"Synergos Institute, Inc.",22,,,,,,0
US-GOV-1-720201550587,B59A8AD470B9,3,2015-06-30,25000.0,,2015-06-30,,,,,,"Synergos Institute, Inc.",22,,,,,,0
US-GOV-1-720201550587,E581FEC0A3C8,3,2015-06-30,162.0,,2015-06-30,,,,,,"Synergos Institute, Inc.",22,,,,,,0
US-GOV-1-720201550587,066413BA7274,3,2015-06-30,32564.0,,2015-06-30,,,,,,"Synergos Institute, Inc.",22,,,,,,0
US-GOV-1-720201550587,6979F0EB84D0,3,2015-06-30,19031.0,,2015-06-30,,,,,,"Synergos Institute, Inc.",22,,,,,,0
US-GOV-1-720201550587,63777FB87CEC,3,2015-06-30,43467.0,,2015-06-30,,,,,,"Synergos Institute, Inc.",22,,,,,,0
US-GOV-1-720201550587,0B59C4C5CD45,3,2015-09-30,31533.0,,2015-09-30,,,,,,"Synergos Institute, Inc.",22,,,,,,0
US-GOV-1-720201550587,6E8918F9A46C,3,2015-09-30,9840.0,,2015-09-30,,,,,,"Synergos Institute, Inc.",22,,,,,,0
US-GOV-1-720201555028,CD8A79CAEC21,2,2015-09-30,-8330.0,,2015-09-30,,,,,,"Development & Training Services, Inc.",70,,,,,,0
US-GOV-1-720201555051,1A1915D4E7E0,2,2015-09-30,-5686.0,,2015-09-30,,,,,,U.S. Government - Environmental Protection Agency,10,,,,,,0
US-GOV-1-720201650587,A6D8F7BC1A41,3,2015-12-31,27633.0,,2015-12-31,,,,,,"Synergos Institute, Inc.",22,,,,,,0
US-GOV-1-720201650587,6D7168B35890,3,2016-03-31,31602.0,,2016-03-31,,,,,,"Synergos Institute, Inc.",22,,,,,,0
US-GOV-1-720201758483,4DAA65312A4A,2,2017-09-30,500000.0,,2017-09-30,,,,,,Swisscontact,23,,,,,,0
US-GOV-1-720201850266,8295142643B6,3,2018-09-30,-15648.0,,2018-09-30,,,,,,U.S. Government - Department of Interior,10,,,,,,0
US-GOV-1-720201858483,A455A08B0897,3,2018-06-30,20729.0,,2018-06-30,,,,,,Swisscontact,23,,,,,,0
US-GOV-1-720201858483,DE3CFAC48EA2,2,2018-09-30,273903.0,,2018-09-30,,,,,,Swisscontact,23,,,,,,0
US-GOV-1-720201860688,B7033FE8889A,2,2018-09-30,350000.0,,2018-09-30,,,,,,"Integra, LLC",70,,,,,,0
US-GOV-1-720201860688,668D4913AF39,2,2018-09-30,50000.0,,2018-09-30,,,,,,"Integra, LLC",70,,,,,,0
US-GOV-1-720201860688,39FF646B73C1,2,2018-09-30,499365.0,,2018-09-30,,,,,,"Integra, LLC",70,,,,,,0
US-GOV-1-720201954926,FDC3D2044109,2,2019-09-30,121325.0,,2019-09-30,,,,,,"International Development Group, LLC",70,,,,,,0
US-GOV-1-720201954926,EFBDA8B8760F,2,2019-09-30,338757.0,,2019-09-30,,,,,,"International Development Group, LLC",70,,,,,,0
US-GOV-1-720201958483,C8B7BACEC0E3,3,2018-12-31,30759.0,,2018-12-31,,,,,,Swisscontact,23,,,,,,0
US-GOV-1-720201958483,749BB666179E,3,2019-03-31,21304.0,,2019-03-31,,,,,,Swisscontact,23,,,,,,0
US-GOV-1-720201958483,6D717DBC315B,3,2019-06-30,29924.0,,2019-06-30,,,,,,Swisscontact,23,,,,,,0
US-GOV-1-720201960850,21122FFC1322,3,2019-09-30,31651.0,,2019-09-30,,,,,,"Integra, LLC",70,,,,,,0
US-GOV-1-720201960850,B6C1DB58C086,3,2018-12-31,44797.0,,2018-12-31,,,,,,"Integra, LLC",70,,,,,,0
US-GOV-1-720201960850,40AAFCFFC286,3,2019-03-31,40886.0,,2019-03-31,,,,,,"Integra, LLC",70,,,,,,0
US-GOV-1-720201960850,0228923D7ADA,3,2019-06-30,154555.0,,2019-06-30,,,,,,"Integra, LLC",70,,,,,,0
US-GOV-1-720201960850,821E5851A5CC,3,2019-09-30,60911.0,,2019-09-30,,,,,,"Integra, LLC",70,,,,,,0
US-GOV-1-720201960850,852AB92ADD33,2,2019-09-30,415383.0,,2019-09-30,,,,,,"Integra, LLC",70,,,,,,0
US-GOV-1-720201960850,00422E2C43C1,2,2019-09-30,1367152.0,,2019-09-30,,,,,,"Integra, LLC",70,,,,,,0
US-GOV-1-720201960850,325D1CB04FEC,2,2019-09-30,200000.0,,2019-09-30,,,,,,"Integra, LLC",70,,,,,,0
US-GOV-1-720201960850,92228BBA26DF,2,2019-09-30,300000.0,,2019-09-30,,,,,,"Integra, LLC",70,,,,,,0
US-GOV-1-720201962309,5B4E8B36F2D0,2,2019-09-30,347157.0,,2019-09-30,,,,,,Swisscontact,23,,,,,,0
US-GOV-1-720202050284,AE6D0A52E02C,2,2020-09-30,-5343.0,,2020-09-30,,,,,,U.S. Government - Department of Interior,10,,,,,,0
US-GOV-1-720202059146,6CC5F0957D58,3,2020-06-30,188892.0,,2020-06-30,,,,,,Swisscontact,23,,,,,,0
US-GOV-1-720202059146,107AFFA62655,3,2020-03-31,128379.0,,2020-03-31,,,,,,Swisscontact,23,,,,,,0
US-GOV-1-720202159602,09E4314C3DFC,3,2020-12-31,59491.0,,2020-12-31,,,,,,Swisscontact,23,,,,,,0
US-GOV-1-720202159602,4849DF911C85,3,2021-06-30,102473.0,,2021-06-30,,,,,,Swisscontact,23,,,,,,0
US-GOV-1-720202159602,3DF6E60864CA,3,2021-03-31,79075.0,,2021-03-31,,,,,,Swisscontact,23,,,,,,0
US-GOV-1-720202163948,973AE52944CA,3,2021-03-31,172547.0,,2021-03-31,,,,,,Swisscontact,23,,,,,,0
US-GOV-1-720202163948,1AFD88F66DFE,3,2021-09-30,86132.0,,2021-09-30,,,,,,Swisscontact,23,,,,,,0
US-GOV-1-720202250571,FA77CA35D91B,3,2021-12-31,2949.0,,2021-12-31,,,,,,SWISSCONTACT,70,,,,,,0
US-GOV-1-720202363844,64B9A9AFB009,3,2023-03-31,84746.0,,2023-03-31,,,,,,Swisscontact,23,,,,,,0
US-GOV-1-720ASA21H00001,D4869080F1CE,2,2021-09-30,1000000.0,,2021-09-30,,,,,,U.S. Government - U.S. Institute for Peace,10,,,,,,0
US-GOV-1-720ASA21H00001,3977181634BA,3,2022-09-30,39076.0,,2022-09-30,,,,,,U.S. Government - U.S. Institute for Peace,10,,,,,,0
US-GOV-1-720ASA21H00001,6E5379E96392,3,2022-12-31,358.0,,2022-12-31,,,,,,U.S. Government - U.S. Institute for Peace,10,,,,,,0
US-GOV-1-720ASA21H00001,601536AB8D29,3,2023-03-31,93149.0,,2023-03-31,,,,,,U.S. Government - U.S. Institute for Peace,10,,,,,,0
US-GOV-1-720ASA21H00001,2D4336F41CA7,3,2023-06-30,88152.0,,2023-06-30,,,,,,U.S. Government - U.S. Institute for Peace,10,,,,,,0
US-GOV-1-720ASA21H00001,53583E17275F,3,2023-09-30,405984.0,,2023-09-30,,,,,,U.S. Government - U.S. Institute for Peace,10,,,,,,0
US-GOV-1-720ASA21H00001,214937E65CD4,3,2023-12-31,2992.0,,2023-12-31,,,,,,U.S. Government - U.S. Institute for Peace,10,,,,,,0
US-GOV-1-720ASA21H00001,19A90B625B7E,3,2024-03-31,169100.0,,2024-03-31,,,,,,U.S. Government - U.S. Institute for Peace,10,,,,,,0
US-GOV-1-720ASA21H00001,F12AAF57E6BF,3,2024-06-30,6870.0,,2024-06-30,,,,,,U.S. Government - U.S. Institute for Peace,10,,,,,,0
US-GOV-1-720ASA21H00001,B74DDE66BD8E,3,2024-09-30,71062.0,,2024-09-30,,,,,,U.S. Government - U.S. Institute for Peace,10,,,,,,0
US-GOV-1-720ASA21H00001,8FE456C568E3,3,2024-12-31,4706.0,,2024-12-31,,,,,,U.S. Government - U.S. Institute for Peace,10,,,,,,0
US-GOV-1-720BHA22IO00187,30751E8F83C1,2,2022-09-30,1500000.0,,2022-09-30,,,,,,International Organisation for Migration,40,,,,,,0
US-GOV-1-720BHA22IO00187,D954BB8A6DB5,3,2023-04-30,15934.0,,2023-04-30,,,,,,International Organisation for Migration,40,,,,,,0
US-GOV-1-720BHA22IO00187,783609D4788F,3,2023-05-31,17409.0,,2023-05-31,,,,,,International Organisation for Migration,40,,,,,,0
US-GOV-1-720BHA22IO00187,B141D5072D4F,3,2023-06-30,11175.0,,2023-06-30,,,,,,International Organisation for Migration,40,,,,,,0
US-GOV-1-720BHA22IO00187,EC86E41FE6EB,3,2023-07-31,20941.0,,2023-07-31,,,,,,International Organisation for Migration,40,,,,,,0
US-GOV-1-720BHA22IO00187,71D26A0B37B0,3,2023-08-31,63687.0,,2023-08-31,,,,,,International Organisation for Migration,40,,,,,,0
US-GOV-1-720BHA22IO00187,83EF7A9F599C,3,2023-09-30,75865.0,,2023-09-30,,,,,,International Organisation for Migration,40,,,,,,0
US-GOV-1-720BHA22IO00187,555ADAB7B835,3,2023-10-31,59084.0,,2023-10-31,,,,,,International Organisation for Migration,40,,,,,,0
US-GOV-1-720BHA22IO00187,B5E8DAA2BF43,3,2023-11-30,816682.0,,2023-11-30,,,,,,International Organisation for Migration,40,,,,,,0
US-GOV-1-720BHA22IO00187,FDB9BCA39F50,3,2023-12-31,-306754.0,,2023-12-31,,,,,,International Organisation for Migration,40,,,,,,0
US-GOV-1-720BHA22IO00187,8E491A40DB4C,3,2024-01-31,348403.0,,2024-01-31,,,,,,International Organisation for Migration,40,,,,,,0
US-GOV-1-720BHA22IO00187,E6D1BBDC10E4,3,2024-02-28,-348403.0,,2024-02-28,,,,,,International Organisation for Migration,40,,,,,,0
US-GOV-1-720BHA22IO00187,4BFD60C663AC,3,2024-05-31,-186898.0,,2024-05-31,,,,,,International Organisation for Migration,40,,,,,,0
US-GOV-1-720BHA22IO00187,7D0FBDAAFB77,3,2024-07-31,58072.0,,2024-07-31,,,,,,International Organisation for Migration,40,,,,,,0
US-GOV-1-720BHA22IO00187,1644012D7E9F,3,2024-09-30,45512.0,,2024-09-30,,,,,,International Organisation for Migration,40,,,,,,0
US-GOV-1-720BHA22IO00187,7D96B6CDB827,2,2024-05-31,1000000.0,,2024-05-31,,,,,,International Organisation for Migration,40,,,,,,0
US-GOV-1-720BHA22IO00187,40334F7722E6,3,2024-10-31,16199.0,,2024-10-31,,,,,,International Organisation for Migration,40,,,,,,0
US-GOV-1-720BHA22IO00187,DB7239948209,3,2024-11-30,659.0,,2024-11-30,,,,,,International Organisation for Migration,40,,,,,,0
US-GOV-1-720BHA22IO00187,434B89E2ED54,3,2024-12-31,277.0,,2024-12-31,,,,,,International Organisation for Migration,40,,,,,,0
US-GOV-1-720BHA22IO00187,9A79EC354401,3,2025-01-31,438.0,,2025-01-31,,,,,,International Organisation for Migration,40,,,,,,0
US-GOV-1-720BHA22IO00187,9A79EC354401,3,2025-01-31,438.0,,2025-01-31,,,,,,International Organisation for Migration,40,,,,,,0
US-GOV-1-720BHA24CA00003,4E507E655351,2,2024-03-31,3345000.0,,2024-03-31,,,,,,nan,22,,,,,,0
US-GOV-1-720BHA24CA00003,22EE7174D426,3,2024-08-31,148667.0,,2024-08-31,,,,,,nan,22,,,,,,0
US-GOV-1-720BHA24CA00003,7F01C0D5A23D,3,2024-11-30,87831.0,,2024-11-30,,,,,,nan,22,,,,,,0
US-GOV-1-720BHA24IO00029,6AC339C0346C,2,2024-01-31,1500000.0,,2024-01-31,,,,,,International Federation of Red Cross and Red Crescent Societies,40,,,,,,0
US-GOV-1-720BHA24IO00029,5D29EB94E4E1,3,2024-05-31,2424.0,,2024-05-31,,,,,,International Federation of Red Cross and Red Crescent Societies,40,,,,,,0
US-GOV-1-720BHA24IO00029,9409D6C87B17,3,2024-08-31,258649.0,,2024-08-31,,,,,,International Federation of Red Cross and Red Crescent Societies,40,,,,,,0
US-GOV-1-720FDA18IO00057,127F1D6C0292,2,2018-09-30,2000000.0,,2018-09-30,,,,,,International Federation of Red Cross and Red Crescent Societies,40,,,,,,0
US-GOV-1-720FDA18IO00057,93120A8EE714,3,2019-03-31,33328.0,,2019-03-31,,,,,,International Federation of Red Cross and Red Crescent Societies,40,,,,,,0
US-GOV-1-720FDA18IO00057,B0D654195C47,3,2019-05-31,127601.0,,2019-05-31,,,,,,International Federation of Red Cross and Red Crescent Societies,40,,,,,,0
US-GOV-1-720FDA18IO00057,66A149E8D0B7,3,2019-08-31,201863.0,,2019-08-31,,,,,,International Federation of Red Cross and Red Crescent Societies,40,,,,,,0
US-GOV-1-720FDA18IO00057,E9EC08F6D6C1,3,2019-12-31,149273.0,,2019-12-31,,,,,,International Federation of Red Cross and Red Crescent Societies,40,,,,,,0
US-GOV-1-720FDA18IO00057,E9155399FA54,3,2020-02-29,278601.0,,2020-02-29,,,,,,International Federation of Red Cross and Red Crescent Societies,40,,,,,,0
US-GOV-1-720FDA18IO00057,81348F565C7F,3,2020-05-31,233081.0,,2020-05-31,,,,,,International Federation of Red Cross and Red Crescent Societies,40,,,,,,0
US-GOV-1-720FDA18IO00057,07BA7A8A9D15,3,2020-08-31,231024.0,,2020-08-31,,,,,,International Federation of Red Cross and Red Crescent Societies,40,,,,,,0
US-GOV-1-720FDA18IO00057,F3B727069AA7,2,2020-01-31,2000000.0,,2020-01-31,,,,,,International Federation of Red Cross and Red Crescent Societies,40,,,,,,0
US-GOV-1-720FDA18IO00057,3191D471B12A,2,2020-08-31,1000000.0,,2020-08-31,,,,,,International Federation of Red Cross and Red Crescent Societies,40,,,,,,0
US-GOV-1-720FDA18IO00057,D1E64E52ABCF,3,2020-11-30,249122.0,,2020-11-30,,,,,,International Federation of Red Cross and Red Crescent Societies,40,,,,,,0
US-GOV-1-720FDA18IO00057,749A2443F887,3,2021-03-31,496107.0,,2021-03-31,,,,,,International Federation of Red Cross and Red Crescent Societies,40,,,,,,0
US-GOV-1-720FDA18IO00057,BCA8620A8B02,3,2021-03-31,26337.0,,2021-03-31,,,,,,International Federation of Red Cross and Red Crescent Societies,40,,,,,,0
US-GOV-1-720FDA18IO00057,0A0329AE950E,3,2021-05-31,110296.0,,2021-05-31,,,,,,International Federation of Red Cross and Red Crescent Societies,40,,,,,,0
US-GOV-1-720FDA18IO00057,DF0F204472A6,3,2021-08-31,326326.0,,2021-08-31,,,,,,International Federation of Red Cross and Red Crescent Societies,40,,,,,,0
US-GOV-1-720FDA18IO00057,A344C8A7CE5A,3,2022-02-28,840749.0,,2022-02-28,,,,,,International Federation of Red Cross and Red Crescent Societies,40,,,,,,0
US-GOV-1-720FDA18IO00057,089BB18319D2,2,2022-09-30,1200000.0,,2022-09-30,,,,,,International Federation of Red Cross and Red Crescent Societies,40,,,,,,0
US-GOV-1-720FDA18IO00057,27FB3FBE8C49,3,2023-03-31,600976.0,,2023-03-31,,,,,,International Federation of Red Cross and Red Crescent Societies,40,,,,,,0
US-GOV-1-720FDA18IO00057,8C12CA50902A,3,2023-05-31,389439.0,,2023-05-31,,,,,,International Federation of Red Cross and Red Crescent Societies,40,,,,,,0
US-GOV-1-720FDA18IO00057,C8B4BCEB6BA0,3,2023-09-30,305950.0,,2023-09-30,,,,,,International Federation of Red Cross and Red Crescent Societies,40,,,,,,0
US-GOV-1-720FDA18IO00057,186B16F2A375,3,2022-11-30,1058701.0,,2022-11-30,,,,,,International Federation of Red Cross and Red Crescent Societies,40,,,,,,0
US-GOV-1-720FDA18IO00057,9FBD5E540A55,2,2023-01-31,800000.0,,2023-01-31,,,,,,International Federation of Red Cross and Red Crescent Societies,40,,,,,,0
US-GOV-1-720FDA18IO00057,A7A6EB1C0C33,3,2024-03-31,236463.0,,2024-03-31,,,,,,International Federation of Red Cross and Red Crescent Societies,40,,,,,,0
US-GOV-1-720FDA18IO00057,75F4C9B99073,3,2024-05-31,91872.0,,2024-05-31,,,,,,International Federation of Red Cross and Red Crescent Societies,40,,,,,,0
US-GOV-1-720FDA18IO00057,5D17C27C2C64,3,2024-05-31,141299.0,,2024-05-31,,,,,,International Federation of Red Cross and Red Crescent Societies,40,,,,,,0
US-GOV-1-720FDA18IO00057,2B66C44FF0DE,3,2024-05-31,800000.0,,2024-05-31,,,,,,International Federation of Red Cross and Red Crescent Societies,40,,,,,,0
US-GOV-1-720FDA18IO00102,F849D5529BC6,2,2018-09-30,200000.0,,2018-09-30,,,,,,International Federation of Red Cross and Red Crescent Societies,21,,,,,,0
US-GOV-1-720FDA18IO00102,DC74FE047B02,3,2019-03-31,15154.0,,2019-03-31,,,,,,International Federation of Red Cross and Red Crescent Societies,21,,,,,,0
US-GOV-1-720FDA18IO00102,56162A50CEF2,3,2019-05-31,41518.0,,2019-05-31,,,,,,International Federation of Red Cross and Red Crescent Societies,21,,,,,,0
US-GOV-1-720FDA18IO00102,6D2BBD262184,3,2019-08-31,40662.0,,2019-08-31,,,,,,International Federation of Red Cross and Red Crescent Societies,21,,,,,,0
US-GOV-1-720FDA18IO00102,07936632C264,3,2020-02-29,102666.0,,2020-02-29,,,,,,International Federation of Red Cross and Red Crescent Societies,21,,,,,,0
US-GOV-1-720FDA19GR00018,F37FE0B1E3E2,2,2019-03-31,2775000.0,,2019-03-31,,,,,,University of Hawaii,80,,,,,,0
US-GOV-1-720FDA19GR00018,62686873D03E,3,2019-07-31,28044.0,,2019-07-31,,,,,,University of Hawaii,80,,,,,,0
US-GOV-1-720FDA19GR00018,6FB3397DC47F,3,2019-10-31,144139.0,,2019-10-31,,,,,,University of Hawaii,80,,,,,,0
US-GOV-1-720FDA19GR00018,772660E72F2F,3,2020-01-31,333696.0,,2020-01-31,,,,,,University of Hawaii,80,,,,,,0
US-GOV-1-720FDA19GR00018,F108AB6703A0,3,2020-04-30,320453.0,,2020-04-30,,,,,,University of Hawaii,80,,,,,,0
US-GOV-1-720FDA19GR00018,4C75079D9BC4,3,2020-07-31,196326.0,,2020-07-31,,,,,,University of Hawaii,80,,,,,,0
US-GOV-1-720FDA19GR00018,A8263F6B6B95,3,2020-11-30,319728.0,,2020-11-30,,,,,,University of Hawaii,80,,,,,,0
US-GOV-1-720FDA19GR00018,F934AF6A9641,3,2021-02-28,308195.0,,2021-02-28,,,,,,University of Hawaii,80,,,,,,0
US-GOV-1-720FDA19GR00018,30D340D4C379,3,2021-04-30,268750.0,,2021-04-30,,,,,,University of Hawaii,80,,,,,,0
US-GOV-1-720FDA19GR00018,F2CCCAFFF99A,3,2021-08-31,272115.0,,2021-08-31,,,,,,University of Hawaii,80,,,,,,0
US-GOV-1-720FDA19GR00018,05219E96CC9B,3,2021-11-30,221343.0,,2021-11-30,,,,,,University of Hawaii,80,,,,,,0
US-GOV-1-720FDA19GR00018,C7E49A96CF2A,3,2021-12-31,170362.0,,2021-12-31,,,,,,University of Hawaii,80,,,,,,0
US-GOV-1-720FDA19GR00018,124677F82B05,3,2022-03-31,191844.0,,2022-03-31,,,,,,University of Hawaii,80,,,,,,0
US-GOV-1-720FDA19IO00092,CE05350DAB79,2,2019-09-30,875000.0,,2019-09-30,,,,,,Food and Agriculture Organisation,40,,,,,,0
US-GOV-1-720FDA19IO00092,ECEB7075AFD0,3,2020-01-31,30000.0,,2020-01-31,,,,,,Food and Agriculture Organisation,40,,,,,,0
US-GOV-1-720FDA19IO00092,EF33703E3EF5,3,2020-03-31,50000.0,,2020-03-31,,,,,,Food and Agriculture Organisation,40,,,,,,0
US-GOV-1-720FDA19IO00092,69FDC3B837E5,3,2020-05-31,20000.0,,2020-05-31,,,,,,Food and Agriculture Organisation,40,,,,,,0
US-GOV-1-720FDA19IO00092,F7EB89852C98,3,2020-06-30,50000.0,,2020-06-30,,,,,,Food and Agriculture Organisation,40,,,,,,0
US-GOV-1-720FDA19IO00092,D181CC625D35,3,2020-07-31,50000.0,,2020-07-31,,,,,,Food and Agriculture Organisation,40,,,,,,0
US-GOV-1-720FDA19IO00092,A610DE2991BE,3,2020-09-30,100000.0,,2020-09-30,,,,,,Food and Agriculture Organisation,40,,,,,,0
US-GOV-1-720FDA19IO00092,E22254C0BBE0,2,2020-09-30,900000.0,,2020-09-30,,,,,,Food and Agriculture Organisation,40,,,,,,0
US-GOV-1-720FDA19IO00092,C3640E14B645,3,2020-12-31,20000.0,,2020-12-31,,,,,,Food and Agriculture Organisation,40,,,,,,0
US-GOV-1-720FDA19IO00092,5BD54CDFDD9A,3,2020-12-31,100000.0,,2020-12-31,,,,,,Food and Agriculture Organisation,40,,,,,,0
US-GOV-1-720FDA19IO00092,27617DF1E282,3,2021-03-31,50000.0,,2021-03-31,,,,,,Food and Agriculture Organisation,40,,,,,,0
US-GOV-1-720FDA19IO00092,8C3EF970CE81,3,2021-06-30,110000.0,,2021-06-30,,,,,,Food and Agriculture Organisation,40,,,,,,0
US-GOV-1-720FDA19IO00092,933D8E92FF57,3,2021-07-31,30000.0,,2021-07-31,,,,,,Food and Agriculture Organisation,40,,,,,,0
US-GOV-1-720FDA19IO00092,24927C7A037E,3,2021-08-31,120000.0,,2021-08-31,,,,,,Food and Agriculture Organisation,40,,,,,,0
US-GOV-1-720FDA19IO00092,8F8E84331EAD,3,2021-09-30,40000.0,,2021-09-30,,,,,,Food and Agriculture Organisation,40,,,,,,0
US-GOV-1-720FDA19IO00092,97469870729C,3,2021-11-30,555000.0,,2021-11-30,,,,,,Food and Agriculture Organisation,40,,,,,,0
US-GOV-1-720FDA19IO00092,FE1646A16814,3,2021-10-31,80000.0,,2021-10-31,,,,,,Food and Agriculture Organisation,40,,,,,,0
US-GOV-1-720FDA19IO00092,3A57AF118EC8,3,2021-11-30,-472000.0,,2021-11-30,,,,,,Food and Agriculture Organisation,40,,,,,,0
US-GOV-1-720FDA19IO00092,E7F3BC982296,3,2021-12-31,125000.0,,2021-12-31,,,,,,Food and Agriculture Organisation,40,,,,,,0
US-GOV-1-720FDA19IO00092,7D6FB9DDDA15,3,2022-03-31,50000.0,,2022-03-31,,,,,,Food and Agriculture Organisation,40,,,,,,0
US-GOV-1-720FDA19IO00092,615AA4F561A3,3,2022-04-30,30000.0,,2022-04-30,,,,,,Food and Agriculture Organisation,40,,,,,,0
US-GOV-1-720FDA19IO00092,4636DC3D1E1C,3,2022-05-31,50000.0,,2022-05-31,,,,,,Food and Agriculture Organisation,40,,,,,,0
US-GOV-1-720FDA19IO00092,5ED1039533B6,3,2022-06-30,110000.0,,2022-06-30,,,,,,Food and Agriculture Organisation,40,,,,,,0
US-GOV-1-720FDA19IO00092,5EAD984AE95F,3,2022-07-31,50000.0,,2022-07-31,,,,,,Food and Agriculture Organisation,40,,,,,,0
US-GOV-1-720FDA19IO00092,D77969C21099,3,2022-08-31,140000.0,,2022-08-31,,,,,,Food and Agriculture Organisation,40,,,,,,0
US-GOV-1-720FDA19IO00092,FBB23846827C,3,2022-09-30,200000.0,,2022-09-30,,,,,,Food and Agriculture Organisation,40,,,,,,0
US-GOV-1-720FDA19IO00092,B14D3E16B734,3,2023-02-28,87000.0,,2023-02-28,,,,,,Food and Agriculture Organisation,40,,,,,,0
US-GOV-1-720FDA19IO00092,93981DFDABC7,3,2023-12-31,-13383.0,,2023-12-31,,,,,,Food and Agriculture Organisation,40,,,,,,0
US-GOV-1-720FDA19IO00092,1654D8E2BC72,2,2024-02-28,-13383.0,,2024-02-28,,,,,,Food and Agriculture Organisation,40,,,,,,0
US-GOV-1-720FDA19IO00099,F550CAE25D89,2,2019-08-31,600000.0,,2019-08-31,,,,,,Food and Agriculture Organisation,40,,,,,,0
US-GOV-1-720FDA19IO00099,2B42F3132FBF,3,2020-02-29,50000.0,,2020-02-29,,,,,,Food and Agriculture Organisation,40,,,,,,0
US-GOV-1-720FDA19IO00099,C20A25AE39C1,3,2020-08-31,50000.0,,2020-08-31,,,,,,Food and Agriculture Organisation,40,,,,,,0
US-GOV-1-720FDA19IO00099,1E23890E5430,3,2021-02-28,30000.0,,2021-02-28,,,,,,Food and Agriculture Organisation,40,,,,,,0
US-GOV-1-720FDA19IO00099,862DC72A9979,3,2021-03-31,50000.0,,2021-03-31,,,,,,Food and Agriculture Organisation,40,,,,,,0
US-GOV-1-720FDA19IO00099,A5536D3F0947,3,2021-06-30,15000.0,,2021-06-30,,,,,,Food and Agriculture Organisation,40,,,,,,0
US-GOV-1-720FDA19IO00099,FCAD3F9285A5,3,2021-07-31,30000.0,,2021-07-31,,,,,,Food and Agriculture Organisation,40,,,,,,0
US-GOV-1-720FDA19IO00099,C7D0FF3D1232,3,2021-08-31,5000.0,,2021-08-31,,,,,,Food and Agriculture Organisation,40,,,,,,0
US-GOV-1-720FDA19IO00099,217391E478B8,3,2021-09-30,30000.0,,2021-09-30,,,,,,Food and Agriculture Organisation,40,,,,,,0
US-GOV-1-720FDA19IO00099,15D84CFD41B8,3,2021-11-30,22000.0,,2021-11-30,,,,,,Food and Agriculture Organisation,40,,,,,,0
US-GOV-1-720FDA19IO00099,6A318B3151C8,3,2021-12-31,20000.0,,2021-12-31,,,,,,Food and Agriculture Organisation,40,,,,,,0
US-GOV-1-720FDA19IO00099,D9F07759AADD,3,2022-02-28,20000.0,,2022-02-28,,,,,,Food and Agriculture Organisation,40,,,,,,0
US-GOV-1-720FDA19IO00099,8C84F037F3C1,3,2022-03-31,35000.0,,2022-03-31,,,,,,Food and Agriculture Organisation,40,,,,,,0
US-GOV-1-720FDA19IO00099,92FC62DD833B,3,2022-05-31,5000.0,,2022-05-31,,,,,,Food and Agriculture Organisation,40,,,,,,0
US-GOV-1-720FDA19IO00099,DF4026C13371,3,2022-06-30,20000.0,,2022-06-30,,,,,,Food and Agriculture Organisation,40,,,,,,0
US-GOV-1-720FDA19IO00099,07818242D2DA,3,2022-07-31,35000.0,,2022-07-31,,,,,,Food and Agriculture Organisation,40,,,,,,0
US-GOV-1-720FDA19IO00099,380A2D051952,3,2022-08-31,20000.0,,2022-08-31,,,,,,Food and Agriculture Organisation,40,,,,,,0
US-GOV-1-720FDA19IO00099,8D47D1D686F0,3,2022-09-30,40000.0,,2022-09-30,,,,,,Food and Agriculture Organisation,40,,,,,,0
US-GOV-1-720FDA19IO00099,19A4DA697CBA,3,2022-11-30,70000.0,,2022-11-30,,,,,,Food and Agriculture Organisation,40,,,,,,0
US-GOV-1-720FDA19IO00099,239F561B9076,3,2023-04-30,12000.0,,2023-04-30,,,,,,Food and Agriculture Organisation,40,,,,,,0
US-GOV-1-720FDA19IO00099,4A9D596C3B73,2,2023-11-30,-41000.0,,2023-11-30,,,,,,Food and Agriculture Organisation,40,,,,,,0
US-GOV-1-720FDA19IO00099,7A2D3316ED7C,2,2023-12-31,-670.0,,2023-12-31,,,,,,Food and Agriculture Organisation,40,,,,,,0
US-GOV-1-720FDA19IO00099,7A2D3316ED7C,3,2023-12-31,-670.0,,2023-12-31,,,,,,Food and Agriculture Organisation,40,,,,,,0
US-GOV-1-720FDA20GR00075,7730EC78FCA7,2,2020-07-31,323153.0,,2020-07-31,,,,,,Asian Disaster Preparedness Center,23,,,,,,0
US-GOV-1-720FDA20GR00075,A8FC6596168C,3,2021-02-28,26928.0,,2021-02-28,,,,,,Asian Disaster Preparedness Center,23,,,,,,0
US-GOV-1-720FDA20GR00075,87A68A58B827,3,2021-05-31,15188.0,,2021-05-31,,,,,,Asian Disaster Preparedness Center,23,,,,,,0
US-GOV-1-720FDA20GR00075,3019C1C6ECA7,3,2021-08-31,13966.0,,2021-08-31,,,,,,Asian Disaster Preparedness Center,23,,,,,,0
US-GOV-1-720FDA20GR00075,5452248458AC,3,2021-11-30,30031.0,,2021-11-30,,,,,,Asian Disaster Preparedness Center,23,,,,,,0
US-GOV-1-720FDA20GR00075,028E3A22FA2A,3,2022-02-28,64717.0,,2022-02-28,,,,,,Asian Disaster Preparedness Center,23,,,,,,0
US-GOV-1-720FDA20GR00075,BB79D2CFC284,3,2022-05-31,24054.0,,2022-05-31,,,,,,Asian Disaster Preparedness Center,23,,,,,,0
US-GOV-1-720FDA20GR00075,C8C46A74FBAE,3,2022-09-30,143458.0,,2022-09-30,,,,,,Asian Disaster Preparedness Center,23,,,,,,0
US-GOV-1-99,DB1C116E8810,2,2019-09-30,1271.0,,2019-09-30,,,,,,Cooperative for Assistance and Relief Everywhere,22,,,,,,0
US-GOV-1-AEP-G-00-99-00064,46B2D5B5A31D,2,2015-09-30,-100000.0,,2015-09-30,,,,,,United Nations Human Settlement Programme,40,,,,,,0
US-GOV-1-AEP0085I02300100,225C44F9A2BD,2,2015-09-30,-24255.0,,2015-09-30,,,,,,Management Systems International,70,,,,,,0
US-GOV-1-AID-386-A-14-00018,DFA40D9159A7,2,2014-09-30,715000.0,,2014-09-30,,,,,,Wildlife Conservation Trust,23,,,,,,0
US-GOV-1-AID-386-A-14-00018,DEF261EA3B37,3,2015-03-31,53120.0,,2015-03-31,,,,,,Wildlife Conservation Trust,23,,,,,,0
US-GOV-1-AID-386-A-14-00018,AA9F8A32159C,3,2015-06-30,161573.0,,2015-06-30,,,,,,Wildlife Conservation Trust,23,,,,,,0
US-GOV-1-AID-386-A-14-00018,6EAA9D3D3A6E,3,2015-09-30,58478.0,,2015-09-30,,,,,,Wildlife Conservation Trust,23,,,,,,0
US-GOV-1-AID-386-A-14-00018,8EB5F17C73E2,3,2015-12-31,24533.0,,2015-12-31,,,,,,Wildlife Conservation Trust,23,,,,,,0
US-GOV-1-AID-386-A-14-00018,531F0492FD97,3,2016-03-31,53675.0,,2016-03-31,,,,,,Wildlife Conservation Trust,23,,,,,,0
US-GOV-1-AID-386-A-14-00018,42EE4E37D77F,3,2016-06-30,138999.0,,2016-06-30,,,,,,Wildlife Conservation Trust,23,,,,,,0
US-GOV-1-AID-386-A-14-00018,47C0912C0E6A,3,2016-09-30,56408.0,,2016-09-30,,,,,,Wildlife Conservation Trust,23,,,,,,0
US-GOV-1-AID-386-A-14-00018,07F6A642CE1C,3,2016-12-31,17717.0,,2016-12-31,,,,,,Wildlife Conservation Trust,23,,,,,,0
US-GOV-1-AID-386-A-14-00018,858009C950A7,3,2017-06-30,35.0,,2017-06-30,,,,,,Wildlife Conservation Trust,23,,,,,,0
US-GOV-1-AID-386-A-14-00018,80BDD5657EE0,3,2017-09-30,29839.0,,2017-09-30,,,,,,Wildlife Conservation Trust,23,,,,,,0
US-GOV-1-AID-386-A-14-00018,0A4AB500EA1C,3,2017-12-31,29905.0,,2017-12-31,,,,,,Wildlife Conservation Trust,23,,,,,,0
US-GOV-1-AID-386-A-14-00018,4813AB55AA47,3,2018-03-31,90712.0,,2018-03-31,,,,,,Wildlife Conservation Trust,23,,,,,,0
US-GOV-1-AID-386-A-14-00018,D0EC0F03FDFA,2,2015-09-30,275000.0,,2015-09-30,,,,,,Wildlife Conservation Trust,23,,,,,,0
US-GOV-1-AID-386-A-14-00018,B1C154364F07,3,2018-03-31,3901.0,,2018-03-31,,,,,,Wildlife Conservation Trust,23,,,,,,0
US-GOV-1-AID-386-A-14-00018,E76147D38AB1,3,2018-06-30,9761.0,,2018-06-30,,,,,,Wildlife Conservation Trust,23,,,,,,0
US-GOV-1-AID-386-A-14-00018,F7172C2FE212,3,2018-09-30,10125.0,,2018-09-30,,,,,,Wildlife Conservation Trust,23,,,,,,0
US-GOV-1-AID-386-A-14-00018,56BF1D8135F8,3,2018-12-31,8562.0,,2018-12-31,,,,,,Wildlife Conservation Trust,23,,,,,,0
US-GOV-1-AID-386-A-14-00018,979B2598CEA5,3,2019-03-31,24458.0,,2019-03-31,,,,,,Wildlife Conservation Trust,23,,,,,,0
US-GOV-1-AID-386-A-14-00018,3EF38F8E5511,3,2019-06-30,68349.0,,2019-06-30,,,,,,Wildlife Conservation Trust,23,,,,,,0
US-GOV-1-AID-386-A-14-00018,424EA9CE78A5,3,2019-09-30,50380.0,,2019-09-30,,,,,,Wildlife Conservation Trust,23,,,,,,0
US-GOV-1-AID-386-A-14-00018,A3C3F8602803,3,2019-12-31,3175.0,,2019-12-31,,,,,,Wildlife Conservation Trust,23,,,,,,0
US-GOV-1-AID-386-A-14-00018,EEFEB5F06FA3,2,2020-09-30,-96284.0,,2020-09-30,,,,,,Wildlife Conservation Trust,23,,,,,,0
US-GOV-1-AID-486-A-17-00002,468D9BB20564,2,2017-09-30,775000.0,,2017-09-30,,,,,,The Thai Red Cross AIDS Research Centre,70,,,,,,0
US-GOV-1-AID-486-A-17-00002,9AC45044373C,3,2017-12-31,41153.0,,2017-12-31,,,,,,The Thai Red Cross AIDS Research Centre,70,,,,,,0
US-GOV-1-AID-486-A-17-00002,1371752826F3,3,2018-03-31,148201.0,,2018-03-31,,,,,,The Thai Red Cross AIDS Research Centre,70,,,,,,0
US-GOV-1-AID-486-A-17-00002,838CF6786735,3,2018-06-30,230175.0,,2018-06-30,,,,,,The Thai Red Cross AIDS Research Centre,70,,,,,,0
US-GOV-1-AID-486-A-17-00002,86D6879E03BC,3,2018-09-30,259000.0,,2018-09-30,,,,,,The Thai Red Cross AIDS Research Centre,70,,,,,,0
US-GOV-1-AID-486-A-17-00002,4BE94163DA40,3,2018-12-31,96468.0,,2018-12-31,,,,,,The Thai Red Cross AIDS Research Centre,70,,,,,,0
US-GOV-1-AID-486-A-17-00002,73779BE9563C,2,2017-09-30,910000.0,,2017-09-30,,,,,,The Thai Red Cross AIDS Research Centre,70,,,,,,0
US-GOV-1-AID-486-A-17-00002,C02B721EC427,3,2018-12-31,85003.0,,2018-12-31,,,,,,The Thai Red Cross AIDS Research Centre,70,,,,,,0
US-GOV-1-AID-486-A-17-00002,9462206E54C8,3,2019-03-31,273765.0,,2019-03-31,,,,,,The Thai Red Cross AIDS Research Centre,70,,,,,,0
US-GOV-1-AID-486-A-17-00002,BA09CD4396CB,3,2019-06-30,206429.0,,2019-06-30,,,,,,The Thai Red Cross AIDS Research Centre,70,,,,,,0
US-GOV-1-AID-486-A-17-00002,B2FFABCFF802,3,2019-09-30,134759.0,,2019-09-30,,,,,,The Thai Red Cross AIDS Research Centre,70,,,,,,0
US-GOV-1-AID-486-A-17-00002,D46B2C81D862,2,2018-03-31,700000.0,,2018-03-31,,,,,,The Thai Red Cross AIDS Research Centre,70,,,,,,0
US-GOV-1-AID-486-A-17-00002,2F02DF5469DC,3,2019-10-31,70973.0,,2019-10-31,,,,,,The Thai Red Cross AIDS Research Centre,70,,,,,,0
US-GOV-1-AID-486-A-17-00002,FE5E09B147D3,3,2019-11-30,69599.0,,2019-11-30,,,,,,The Thai Red Cross AIDS Research Centre,70,,,,,,0
US-GOV-1-AID-486-A-17-00002,F94ED5A1B4F2,3,2019-12-31,69468.0,,2019-12-31,,,,,,The Thai Red Cross AIDS Research Centre,70,,,,,,0
US-GOV-1-AID-486-A-17-00002,A782AFEB9646,3,2019-12-31,53924.0,,2019-12-31,,,,,,The Thai Red Cross AIDS Research Centre,70,,,,,,0
US-GOV-1-AID-486-A-17-00002,0A2316D61969,3,2020-01-31,86856.0,,2020-01-31,,,,,,The Thai Red Cross AIDS Research Centre,70,,,,,,0
US-GOV-1-AID-486-A-17-00002,3AE3C3009057,3,2020-03-31,120185.0,,2020-03-31,,,,,,The Thai Red Cross AIDS Research Centre,70,,,,,,0
US-GOV-1-AID-486-A-17-00002,CF0C7F9BEC2B,3,2020-04-30,64307.0,,2020-04-30,,,,,,The Thai Red Cross AIDS Research Centre,70,,,,,,0
US-GOV-1-AID-486-A-17-00002,C0F93D137FC8,3,2020-06-30,45285.0,,2020-06-30,,,,,,The Thai Red Cross AIDS Research Centre,70,,,,,,0
US-GOV-1-AID-486-A-17-00002,1122C28BE045,3,2020-07-31,50677.0,,2020-07-31,,,,,,The Thai Red Cross AIDS Research Centre,70,,,,,,0
US-GOV-1-AID-486-A-17-00002,EC2E700EA179,3,2020-08-31,116958.0,,2020-08-31,,,,,,The Thai Red Cross AIDS Research Centre,70,,,,,,0
US-GOV-1-AID-486-A-17-00002,388A5E4F0394,3,2020-09-30,102866.0,,2020-09-30,,,,,,The Thai Red Cross AIDS Research Centre,70,,,,,,0
US-GOV-1-AID-486-A-17-00002,C945FA41FA19,3,2020-10-31,2468.0,,2020-10-31,,,,,,The Thai Red Cross AIDS Research Centre,70,,,,,,0
US-GOV-1-AID-486-A-17-00002,1E062E2F0161,3,2021-04-30,4911.0,,2021-04-30,,,,,,The Thai Red Cross AIDS Research Centre,70,,,,,,0
US-GOV-1-AID-486-A-17-00002,8ED034941A95,3,2022-06-30,1172.0,,2022-06-30,,,,,,The Thai Red Cross AIDS Research Centre,70,,,,,,0
US-GOV-1-AID-486-A-17-00002,4B673DCE6C98,3,2022-10-31,4642.0,,2022-10-31,,,,,,The Thai Red Cross AIDS Research Centre,70,,,,,,0
US-GOV-1-AID-486-A-17-00002,16A5E0764EDA,2,2022-11-30,-45745.0,,2022-11-30,,,,,,The Thai Red Cross AIDS Research Centre,70,,,,,,0
US-GOV-1-AID-ASIA-G-14-00001,39CC27F928BA,2,2014-09-30,500000.0,,2014-09-30,,,,,,World Bank Group,40,,,,,,0
US-GOV-1-AID-ASIA-G-14-00001,39CC27F928BA,3,2014-09-30,500000.0,,2014-09-30,,,,,,World Bank Group,40,,,,,,0
US-GOV-1-AID-ASIA-G-14-00001,169798BCAA63,2,2015-09-30,200000.0,,2015-09-30,,,,,,World Bank Group,40,,,,,,0
US-GOV-1-AID-ASIA-G-14-00001,B6C5177FEB4B,3,2015-12-31,200000.0,,2015-12-31,,,,,,World Bank Group,40,,,,,,0
US-GOV-1-AID-ASIA-G-14-00001,CCEFDDDC333E,3,2017-06-30,-22022.0,,2017-06-30,,,,,,World Bank Group,40,,,,,,0
US-GOV-1-AID-ASIA-G-14-00001,F53928E56735,2,2023-06-30,-22022.0,,2023-06-30,,,,,,World Bank Group,40,,,,,,0
US-GOV-1-AID-DFD-I-04-05-00221,514B377FB442,2,2018-09-30,-11804.0,,2018-09-30,,,,,,Management Systems International,70,,,,,,0
US-GOV-1-AID-DFD-I-04-05-00221,514B377FB442,3,2018-09-30,-11804.0,,2018-09-30,,,,,,Management Systems International,70,,,,,,0
US-GOV-1-AID-OAA-A-11-00045,EB85F1D9B6CC,3,2012-12-31,153300.0,,2012-12-31,,,,,,University of Colorado Boulder,80,,,,,,0
US-GOV-1-AID-OAA-A-11-00045,D03D1FBFB4F0,3,2013-03-31,296300.0,,2013-03-31,,,,,,University of Colorado Boulder,80,,,,,,0
US-GOV-1-AID-OAA-A-11-00045,55D395C9580D,3,2013-06-30,132600.0,,2013-06-30,,,,,,University of Colorado Boulder,80,,,,,,0
US-GOV-1-AID-OAA-A-11-00045,60D168921552,3,2013-09-30,329600.0,,2013-09-30,,,,,,University of Colorado Boulder,80,,,,,,0
US-GOV-1-AID-OAA-A-11-00045,A3016457984F,3,2013-12-31,231200.0,,2013-12-31,,,,,,University of Colorado Boulder,80,,,,,,0
US-GOV-1-AID-OAA-A-11-00045,897E92C6DC9A,3,2014-03-31,291123.0,,2014-03-31,,,,,,University of Colorado Boulder,80,,,,,,0
US-GOV-1-AID-OAA-A-11-00045,041F57914E1C,3,2014-06-30,264500.0,,2014-06-30,,,,,,University of Colorado Boulder,80,,,,,,0
US-GOV-1-AID-OAA-A-11-00045,7A512250B921,3,2014-09-30,184100.0,,2014-09-30,,,,,,University of Colorado Boulder,80,,,,,,0
US-GOV-1-AID-OAA-A-11-00045,081A530A05C0,3,2014-12-31,182300.0,,2014-12-31,,,,,,University of Colorado Boulder,80,,,,,,0
US-GOV-1-AID-OAA-A-11-00045,2C4C49E318E2,3,2015-03-31,401500.0,,2015-03-31,,,,,,University of Colorado Boulder,80,,,,,,0
US-GOV-1-AID-OAA-A-11-00045,35D94D66D23D,3,2015-06-30,391900.0,,2015-06-30,,,,,,University of Colorado Boulder,80,,,,,,0
US-GOV-1-AID-OAA-A-11-00045,8C4F8EAAB4F5,3,2015-09-30,289800.0,,2015-09-30,,,,,,University of Colorado Boulder,80,,,,,,0
US-GOV-1-AID-OAA-A-11-00045,D3011B58CF71,3,2015-12-31,508437.0,,2015-12-31,,,,,,University of Colorado Boulder,80,,,,,,0
US-GOV-1-AID-OAA-A-11-00045,34DCAF0A372D,3,2016-06-30,419700.0,,2016-06-30,,,,,,University of Colorado Boulder,80,,,,,,0
US-GOV-1-AID-OAA-A-11-00045,C784F9D174D3,3,2016-12-31,883000.0,,2016-12-31,,,,,,University of Colorado Boulder,80,,,,,,0
US-GOV-1-AID-OAA-A-11-00045,1EC46F1B7FCB,3,2017-03-31,107233.0,,2017-03-31,,,,,,University of Colorado Boulder,80,,,,,,0
US-GOV-1-AID-OAA-A-11-00045,544CBFC67E69,3,2013-12-31,98200.0,,2013-12-31,,,,,,University of Colorado Boulder,80,,,,,,0
US-GOV-1-AID-OAA-A-11-00045,ACF69F687304,3,2014-12-31,98300.0,,2014-12-31,,,,,,University of Colorado Boulder,80,,,,,,0
US-GOV-1-AID-OAA-A-11-00045,FA4AAA729F3E,3,2017-03-31,376909.0,,2017-03-31,,,,,,University of Colorado Boulder,80,,,,,,0
US-GOV-1-AID-OAA-A-11-00045,038BF3459227,3,2017-06-30,200213.0,,2017-06-30,,,,,,University of Colorado Boulder,80,,,,,,0
US-GOV-1-AID-OAA-A-11-00045,A9571116F5C6,3,2017-09-30,362512.0,,2017-09-30,,,,,,University of Colorado Boulder,80,,,,,,0
US-GOV-1-AID-OAA-A-11-00045,13AF0A4223D8,3,2017-12-31,238568.0,,2017-12-31,,,,,,University of Colorado Boulder,80,,,,,,0
US-GOV-1-AID-OAA-A-11-00045,72E5731B38BD,3,2018-03-31,47784.0,,2018-03-31,,,,,,University of Colorado Boulder,80,,,,,,0
US-GOV-1-AID-OAA-A-11-00045,B61705F913B6,3,2018-09-30,328309.0,,2018-09-30,,,,,,University of Colorado Boulder,80,,,,,,0
US-GOV-1-AID-OAA-A-11-00045,8C832213934B,3,2018-12-31,112621.0,,2018-12-31,,,,,,University of Colorado Boulder,80,,,,,,0
US-GOV-1-AID-OAA-A-11-00045,E144A273F771,3,2019-03-31,36580.0,,2019-03-31,,,,,,University of Colorado Boulder,80,,,,,,0
US-GOV-1-AID-OAA-A-11-00045,BB1DDA6197E5,2,2015-09-30,563089.0,,2015-09-30,,,,,,University of Colorado Boulder,80,,,,,,0
US-GOV-1-AID-OAA-A-11-00045,856A727119AA,3,2017-06-30,149201.0,,2017-06-30,,,,,,University of Colorado Boulder,80,,,,,,0
US-GOV-1-AID-OAA-A-11-00045,CDF1D33241B7,3,2018-12-31,264685.0,,2018-12-31,,,,,,University of Colorado Boulder,80,,,,,,0
US-GOV-1-AID-OAA-A-11-00045,685F5EC2F33B,3,2019-03-31,149201.0,,2019-03-31,,,,,,University of Colorado Boulder,80,,,,,,0
US-GOV-1-AID-OAA-A-11-00045,4A39F3435B67,2,2016-09-30,487364.0,,2016-09-30,,,,,,University of Colorado Boulder,80,,,,,,0
US-GOV-1-AID-OAA-A-11-00045,975103FBB7CF,3,2018-09-30,374742.0,,2018-09-30,,,,,,University of Colorado Boulder,80,,,,,,0
US-GOV-1-AID-OAA-A-11-00045,7ABE4E741E55,3,2018-12-31,-264685.0,,2018-12-31,,,,,,University of Colorado Boulder,80,,,,,,0
US-GOV-1-AID-OAA-A-11-00045,A8A4481D50D7,3,2019-03-31,219760.0,,2019-03-31,,,,,,University of Colorado Boulder,80,,,,,,0
US-GOV-1-AID-OAA-A-11-00045,FCF97C0006BC,3,2019-06-30,132814.0,,2019-06-30,,,,,,University of Colorado Boulder,80,,,,,,0
US-GOV-1-AID-OAA-A-11-00045,736F9609495F,3,2019-09-30,85.0,,2019-09-30,,,,,,University of Colorado Boulder,80,,,,,,0
US-GOV-1-AID-OAA-A-11-00045,561A5EF00F5D,3,2016-12-31,2799.0,,2016-12-31,,,,,,University of Colorado Boulder,80,,,,,,0
US-GOV-1-AID-OAA-A-11-00045,937973336B51,3,2017-03-31,15181.0,,2017-03-31,,,,,,University of Colorado Boulder,80,,,,,,0
US-GOV-1-AID-OAA-A-11-00045,F7C27D9EE197,3,2017-06-30,10956.0,,2017-06-30,,,,,,University of Colorado Boulder,80,,,,,,0
US-GOV-1-AID-OAA-A-11-00045,2DE8958FAA43,3,2017-09-30,11367.0,,2017-09-30,,,,,,University of Colorado Boulder,80,,,,,,0
US-GOV-1-AID-OAA-A-11-00045,A0A0F93200DD,3,2017-12-31,7480.0,,2017-12-31,,,,,,University of Colorado Boulder,80,,,,,,0
US-GOV-1-AID-OAA-A-11-00045,77AE885D8B19,3,2018-03-31,-47784.0,,2018-03-31,,,,,,University of Colorado Boulder,80,,,,,,0
US-GOV-1-AID-OAA-A-11-00045,B6E00B244DAF,3,2018-09-30,59578.0,,2018-09-30,,,,,,University of Colorado Boulder,80,,,,,,0
US-GOV-1-AID-OAA-A-11-00045,4DD409E85DA4,3,2019-12-31,-3907.0,,2019-12-31,,,,,,University of Colorado Boulder,80,,,,,,0
US-GOV-1-AID-OAA-A-11-00045,A517FDAE4705,2,2020-03-31,-28553.0,,2020-03-31,,,,,,University of Colorado Boulder,80,,,,,,0
US-GOV-1-AID-OAA-BC-11-00001,5485B2E347BF,3,2012-12-31,148819.0,,2012-12-31,,,,,,RTI International,22,,,,,,0
US-GOV-1-AID-OAA-BC-11-00001,961F75F6B5FF,3,2013-06-30,44781.0,,2013-06-30,,,,,,RTI International,22,,,,,,0
US-GOV-1-AID-OAA-BC-11-00001,A2EBE15092A8,3,2013-09-30,275855.0,,2013-09-30,,,,,,RTI International,22,,,,,,0
US-GOV-1-AID-OAA-BC-11-00001,3537C43E63BF,3,2013-12-31,214194.0,,2013-12-31,,,,,,RTI International,22,,,,,,0
US-GOV-1-AID-OAA-BC-11-00001,6CA72DAB434E,3,2014-06-30,348797.0,,2014-06-30,,,,,,RTI International,22,,,,,,0
US-GOV-1-AID-OAA-BC-11-00001,3AA87B3260AF,3,2014-09-30,554147.0,,2014-09-30,,,,,,RTI International,22,,,,,,0
US-GOV-1-AID-OAA-BC-11-00001,4D08C7BA0EE3,3,2014-12-31,238136.0,,2014-12-31,,,,,,RTI International,22,,,,,,0
US-GOV-1-AID-OAA-BC-11-00001,05CA2E118D0D,3,2015-03-31,157431.0,,2015-03-31,,,,,,RTI International,22,,,,,,0
US-GOV-1-AID-OAA-BC-11-00001,60AC01E203DD,3,2015-03-31,36425.0,,2015-03-31,,,,,,RTI International,22,,,,,,0
US-GOV-1-AID-OAA-BC-11-00001,414843E3F631,3,2015-06-30,384003.0,,2015-06-30,,,,,,RTI International,22,,,,,,0
US-GOV-1-AID-OAA-BC-11-00001,74F33FD31692,3,2015-09-30,184375.0,,2015-09-30,,,,,,RTI International,22,,,,,,0
US-GOV-1-AID-OAA-BC-11-00001,6BA15C2D42F2,3,2015-12-31,102798.0,,2015-12-31,,,,,,RTI International,22,,,,,,0
US-GOV-1-AID-OAA-BC-11-00001,DDFC626A3966,3,2016-03-31,61145.0,,2016-03-31,,,,,,RTI International,22,,,,,,0
US-GOV-1-AID-OAA-BC-11-00001,52C4A9B7A169,3,2016-06-30,277345.0,,2016-06-30,,,,,,RTI International,22,,,,,,0
US-GOV-1-AID-OAA-BC-11-00001,1AA14547E1AC,3,2017-03-31,126167.0,,2017-03-31,,,,,,RTI International,22,,,,,,0
US-GOV-1-AID-OAA-BC-11-00001,08DF3CCF56CE,3,2017-09-30,398.0,,2017-09-30,,,,,,RTI International,22,,,,,,0
US-GOV-1-AID-OAA-BC-11-00001,7EB85B42F490,2,2019-03-31,-28422.0,,2019-03-31,,,,,,RTI International,22,,,,,,0
US-GOV-1-AID-OAA-BC-11-00001,921615E23658,3,2012-12-31,28685.0,,2012-12-31,,,,,,RTI International,22,,,,,,0
US-GOV-1-AID-OAA-BC-11-00001,B07A893A3CB8,3,2013-03-31,420174.0,,2013-03-31,,,,,,RTI International,22,,,,,,0
US-GOV-1-AID-OAA-BC-11-00001,C4345B44CF0B,3,2013-06-30,112796.0,,2013-06-30,,,,,,RTI International,22,,,,,,0
US-GOV-1-AID-OAA-BC-11-00001,AFA04887C6E2,3,2013-09-30,54550.0,,2013-09-30,,,,,,RTI International,22,,,,,,0
US-GOV-1-AID-OAA-BC-11-00001,830A9565BC00,3,2015-03-31,191.0,,2015-03-31,,,,,,RTI International,22,,,,,,0
US-GOV-1-AID-OAA-BC-11-00001,BE88195F61E7,3,2015-09-30,13901.0,,2015-09-30,,,,,,RTI International,22,,,,,,0
US-GOV-1-AID-OAA-BC-11-00001,0999FBEEFE21,3,2016-03-31,104255.0,,2016-03-31,,,,,,RTI International,22,,,,,,0
US-GOV-1-AID-OAA-BC-11-00001,24334BA3FD87,3,2016-06-30,297722.0,,2016-06-30,,,,,,RTI International,22,,,,,,0
US-GOV-1-AID-OAA-BC-11-00001,D0BC103DFF3C,3,2016-12-31,932074.0,,2016-12-31,,,,,,RTI International,22,,,,,,0
US-GOV-1-AID-OAA-BC-11-00001,28C5CD7608B1,3,2017-03-31,426710.0,,2017-03-31,,,,,,RTI International,22,,,,,,0
US-GOV-1-AID-OAA-BC-11-00001,86C100764772,3,2017-06-30,98517.0,,2017-06-30,,,,,,RTI International,22,,,,,,0
US-GOV-1-AID-OAA-BC-11-00001,2E4F3C39F788,2,2019-03-31,-464990.0,,2019-03-31,,,,,,RTI International,22,,,,,,0
US-GOV-1-AID-OAA-BC-11-00001,FA13A8DC1880,2,2013-09-30,1446000.0,,2013-09-30,,,,,,RTI International,22,,,,,,0
US-GOV-1-AID-OAA-BC-11-00001,BAED77C244E3,2,2013-09-30,245000.0,,2013-09-30,,,,,,RTI International,22,,,,,,0
US-GOV-1-AID-OAA-BC-11-00001,A4A4EE9511C7,3,2013-12-31,200854.0,,2013-12-31,,,,,,RTI International,22,,,,,,0
US-GOV-1-AID-OAA-BC-11-00001,782EF7281D56,3,2014-03-31,668929.0,,2014-03-31,,,,,,RTI International,22,,,,,,0
US-GOV-1-AID-OAA-BC-11-00001,A0EBED3DC44B,3,2014-06-30,436408.0,,2014-06-30,,,,,,RTI International,22,,,,,,0
US-GOV-1-AID-OAA-BC-11-00001,DD8D480CFFCD,3,2014-09-30,294245.0,,2014-09-30,,,,,,RTI International,22,,,,,,0
US-GOV-1-AID-OAA-BC-11-00001,D8C8C5C6397B,3,2015-03-31,24419.0,,2015-03-31,,,,,,RTI International,22,,,,,,0
US-GOV-1-AID-OAA-BC-11-00001,99D0261408D9,3,2015-09-30,21996.0,,2015-09-30,,,,,,RTI International,22,,,,,,0
US-GOV-1-AID-OAA-BC-11-00001,F2494AC9EC4E,3,2015-09-30,10429.0,,2015-09-30,,,,,,RTI International,22,,,,,,0
US-GOV-1-AID-OAA-BC-11-00001,DF6EC6AF2434,3,2015-12-31,33089.0,,2015-12-31,,,,,,RTI International,22,,,,,,0
US-GOV-1-AID-OAA-BC-11-00001,501D06ED8B41,2,2019-03-31,-626.0,,2019-03-31,,,,,,RTI International,22,,,,,,0
US-GOV-1-AID-OAA-BC-11-00001,8C6D95385190,2,2014-09-30,1130017.0,,2014-09-30,,,,,,RTI International,22,,,,,,0
US-GOV-1-AID-OAA-BC-11-00001,CA1E66247F78,2,2014-09-30,200000.0,,2014-09-30,,,,,,RTI International,22,,,,,,0
US-GOV-1-AID-OAA-BC-11-00001,9B32B32F4B82,3,2014-12-31,146313.0,,2014-12-31,,,,,,RTI International,22,,,,,,0
US-GOV-1-AID-OAA-BC-11-00001,7E0F2678B9E1,3,2015-12-31,18023.0,,2015-12-31,,,,,,RTI International,22,,,,,,0
US-GOV-1-AID-OAA-BC-11-00001,7A332E3EC946,3,2016-03-31,22753.0,,2016-03-31,,,,,,RTI International,22,,,,,,0
US-GOV-1-AID-OAA-BC-11-00001,579A7CF5524B,3,2016-09-30,807294.0,,2016-09-30,,,,,,RTI International,22,,,,,,0
US-GOV-1-AID-OAA-BC-11-00001,BE10EA371CF8,3,2016-12-31,256503.0,,2016-12-31,,,,,,RTI International,22,,,,,,0
US-GOV-1-AID-OAA-BC-11-00001,62ABF1DEB443,3,2018-06-30,2084.0,,2018-06-30,,,,,,RTI International,22,,,,,,0
US-GOV-1-AID-OAA-BC-11-00001,C584B251AC5D,2,2019-03-31,-66218.0,,2019-03-31,,,,,,RTI International,22,,,,,,0
US-GOV-1-AID-OAA-BC-11-00001,F5238A3B09F8,2,2019-03-31,-10826.0,,2019-03-31,,,,,,RTI International,22,,,,,,0
US-GOV-1-AID-OAA-LA-12-00003,BFD89EC45E24,3,2012-12-31,4837.0,,2012-12-31,,,,,,World Wildlife Fund,22,,,,,,0
US-GOV-1-AID-OAA-LA-12-00003,2ED1B65E69B8,3,2013-03-31,261235.0,,2013-03-31,,,,,,World Wildlife Fund,22,,,,,,0
US-GOV-1-AID-OAA-LA-12-00003,3D51DD03FBD5,3,2013-06-30,143516.0,,2013-06-30,,,,,,World Wildlife Fund,22,,,,,,0
US-GOV-1-AID-OAA-LA-12-00003,CA870C24341C,3,2013-09-30,116009.0,,2013-09-30,,,,,,World Wildlife Fund,22,,,,,,0
US-GOV-1-AID-OAA-LA-12-00003,E5151168C785,3,2013-12-31,270284.0,,2013-12-31,,,,,,World Wildlife Fund,22,,,,,,0
US-GOV-1-AID-OAA-LA-12-00003,06A6965572C7,3,2014-03-31,429583.0,,2014-03-31,,,,,,World Wildlife Fund,22,,,,,,0
US-GOV-1-AID-OAA-LA-12-00003,495AF6F70B23,3,2014-06-30,259907.0,,2014-06-30,,,,,,World Wildlife Fund,22,,,,,,0
US-GOV-1-AID-OAA-LA-12-00003,2DB6CE67760E,3,2014-09-30,165403.0,,2014-09-30,,,,,,World Wildlife Fund,22,,,,,,0
US-GOV-1-AID-OAA-LA-12-00003,2263B98353E0,3,2014-12-31,115545.0,,2014-12-31,,,,,,World Wildlife Fund,22,,,,,,0
US-GOV-1-AID-OAA-LA-12-00003,94F6EFE00FDF,3,2015-03-31,115311.0,,2015-03-31,,,,,,World Wildlife Fund,22,,,,,,0
US-GOV-1-AID-OAA-LA-12-00003,58D6E24ED725,3,2015-06-30,364167.0,,2015-06-30,,,,,,World Wildlife Fund,22,,,,,,0
US-GOV-1-AID-OAA-LA-12-00003,30EE039F08FF,3,2015-09-30,171712.0,,2015-09-30,,,,,,World Wildlife Fund,22,,,,,,0
US-GOV-1-AID-OAA-LA-12-00003,1590987EF5B2,3,2012-12-31,63514.0,,2012-12-31,,,,,,World Wildlife Fund,22,,,,,,0
US-GOV-1-AID-OAA-LA-12-00003,2609FA204D65,3,2013-03-31,21764.0,,2013-03-31,,,,,,World Wildlife Fund,22,,,,,,0
US-GOV-1-AID-OAA-LA-12-00003,33CD1507E3C5,3,2013-12-31,73826.0,,2013-12-31,,,,,,World Wildlife Fund,22,,,,,,0
US-GOV-1-AID-OAA-LA-12-00003,42F9DE1DAFEA,3,2014-03-31,13274.0,,2014-03-31,,,,,,World Wildlife Fund,22,,,,,,0
US-GOV-1-AID-OAA-LA-12-00003,68111B770EFA,3,2014-06-30,60819.0,,2014-06-30,,,,,,World Wildlife Fund,22,,,,,,0
US-GOV-1-AID-OAA-LA-12-00003,05B097A805C6,3,2014-09-30,104230.0,,2014-09-30,,,,,,World Wildlife Fund,22,,,,,,0
US-GOV-1-AID-OAA-LA-12-00003,659C0BAB72EF,3,2014-09-30,32712.0,,2014-09-30,,,,,,World Wildlife Fund,22,,,,,,0
US-GOV-1-AID-OAA-LA-12-00003,7D9F1DE50A0B,3,2014-12-31,29783.0,,2014-12-31,,,,,,World Wildlife Fund,22,,,,,,0
US-GOV-1-AID-OAA-LA-12-00003,FE06209C8D34,3,2014-12-31,16231.0,,2014-12-31,,,,,,World Wildlife Fund,22,,,,,,0
US-GOV-1-AID-OAA-LA-12-00003,CA2FB8E5D56D,3,2015-06-30,122179.0,,2015-06-30,,,,,,World Wildlife Fund,22,,,,,,0
US-GOV-1-AID-OAA-LA-12-00003,85B305A4F3FC,3,2015-09-30,285889.0,,2015-09-30,,,,,,World Wildlife Fund,22,,,,,,0
US-GOV-1-AID-OAA-LA-12-00003,5C946D1431B0,3,2015-12-31,366643.0,,2015-12-31,,,,,,World Wildlife Fund,22,,,,,,0
US-GOV-1-AID-OAA-LA-12-00003,CA0176553905,3,2016-03-31,141572.0,,2016-03-31,,,,,,World Wildlife Fund,22,,,,,,0
US-GOV-1-AID-OAA-LA-12-00003,C5F6BC776000,3,2016-06-30,85573.0,,2016-06-30,,,,,,World Wildlife Fund,22,,,,,,0
US-GOV-1-AID-OAA-LA-12-00003,7B6AA9C676DE,3,2016-06-30,508397.0,,2016-06-30,,,,,,World Wildlife Fund,22,,,,,,0
US-GOV-1-AID-OAA-LA-12-00003,B314C51A441C,3,2016-09-30,266555.0,,2016-09-30,,,,,,World Wildlife Fund,22,,,,,,0
US-GOV-1-AID-OAA-LA-12-00003,455435915A87,3,2016-09-30,54906.0,,2016-09-30,,,,,,World Wildlife Fund,22,,,,,,0
US-GOV-1-AID-OAA-LA-12-00003,5A78473D8E87,3,2016-12-31,78122.0,,2016-12-31,,,,,,World Wildlife Fund,22,,,,,,0
US-GOV-1-AID-OAA-LA-12-00003,ED3539241D52,2,2014-09-30,2220882.0,,2014-09-30,,,,,,World Wildlife Fund,22,,,,,,0
US-GOV-1-AID-OAA-LA-12-00003,49CC2DC6E101,3,2016-12-31,383210.0,,2016-12-31,,,,,,World Wildlife Fund,22,,,,,,0
US-GOV-1-AID-OAA-LA-12-00003,5C8067030C2F,3,2017-03-31,306530.0,,2017-03-31,,,,,,World Wildlife Fund,22,,,,,,0
US-GOV-1-AID-OAA-LA-12-00003,4480EA1F6F45,3,2017-06-30,722405.0,,2017-06-30,,,,,,World Wildlife Fund,22,,,,,,0
US-GOV-1-AID-OAA-LA-12-00003,CB6B2778FB52,3,2017-09-30,519525.0,,2017-09-30,,,,,,World Wildlife Fund,22,,,,,,0
US-GOV-1-AID-OAA-LA-12-00003,47D09F207503,3,2017-12-31,289209.0,,2017-12-31,,,,,,World Wildlife Fund,22,,,,,,0
US-GOV-1-AID-OAA-LA-12-00003,8331349D7943,2,2016-09-30,378862.0,,2016-09-30,,,,,,World Wildlife Fund,22,,,,,,0
US-GOV-1-AID-OAA-LA-12-00003,E5C79008F2F4,3,2017-12-31,56723.0,,2017-12-31,,,,,,World Wildlife Fund,22,,,,,,0
US-GOV-1-AID-OAA-LA-12-00003,771E186316A9,3,2018-03-31,322138.0,,2018-03-31,,,,,,World Wildlife Fund,22,,,,,,0
US-GOV-1-AID-OAA-TO-10-00010,F0FD87224B66,3,2012-12-31,5754195.0,,2012-12-31,,,,,,Creative Associates International,70,,,,,,0
US-GOV-1-AID-OAA-TO-10-00010,4F433B65978A,3,2013-03-31,2499287.0,,2013-03-31,,,,,,Creative Associates International,70,,,,,,0
US-GOV-1-AID-OAA-TO-10-00010,872640629634,3,2013-06-30,3428756.0,,2013-06-30,,,,,,Creative Associates International,70,,,,,,0
US-GOV-1-AID-OAA-TO-10-00010,88A6CC6E03D3,3,2013-09-30,3560011.0,,2013-09-30,,,,,,Creative Associates International,70,,,,,,0
US-GOV-1-AID-OAA-TO-10-00010,B45F9D11DEC5,3,2013-12-31,1701572.0,,2013-12-31,,,,,,Creative Associates International,70,,,,,,0
US-GOV-1-AID-OAA-TO-10-00010,F4E6473F10A0,3,2014-03-31,420430.0,,2014-03-31,,,,,,Creative Associates International,70,,,,,,0
US-GOV-1-AID-OAA-TO-10-00010,6A01AD63C801,3,2013-12-31,351639.0,,2013-12-31,,,,,,Creative Associates International,70,,,,,,0
US-GOV-1-AID-OAA-TO-10-00010,708ECB1EF69F,3,2014-03-31,2477253.0,,2014-03-31,,,,,,Creative Associates International,70,,,,,,0
US-GOV-1-AID-OAA-TO-10-00010,39048356F5D7,3,2014-06-30,3376242.0,,2014-06-30,,,,,,Creative Associates International,70,,,,,,0
US-GOV-1-AID-OAA-TO-10-00010,E3CAC8249238,3,2014-09-30,2394416.0,,2014-09-30,,,,,,Creative Associates International,70,,,,,,0
US-GOV-1-AID-OAA-TO-10-00010,9C3063F2D1CF,3,2014-12-31,1778058.0,,2014-12-31,,,,,,Creative Associates International,70,,,,,,0
US-GOV-1-AID-OAA-TO-10-00010,F5206850BD77,3,2015-03-31,2588750.0,,2015-03-31,,,,,,Creative Associates International,70,,,,,,0
US-GOV-1-AID-OAA-TO-10-00010,9FE7165070A2,3,2015-06-30,3050452.0,,2015-06-30,,,,,,Creative Associates International,70,,,,,,0
US-GOV-1-AID-OAA-TO-10-00010,528DE37A051B,3,2015-09-30,2908723.0,,2015-09-30,,,,,,Creative Associates International,70,,,,,,0
US-GOV-1-AID-OAA-TO-10-00010,AF60EEF73E2C,3,2015-12-31,3378948.0,,2015-12-31,,,,,,Creative Associates International,70,,,,,,0
US-GOV-1-AID-OAA-TO-10-00010,21692FD62DC7,3,2016-03-31,1556874.0,,2016-03-31,,,,,,Creative Associates International,70,,,,,,0
US-GOV-1-AID-OAA-TO-10-00010,453EEF3735F0,3,2016-06-30,8393.0,,2016-06-30,,,,,,Creative Associates International,70,,,,,,0
US-GOV-1-AID-OAA-TO-10-00010,F1254A14014A,2,2020-09-30,0.0,,2020-09-30,,,,,,Creative Associates International,70,,,,,,0
US-GOV-1-AID-OAA-TO-11-00058,14CB6DE26FBA,3,2012-12-31,109453.0,,2012-12-31,,,,,,International Resources Group Ltd.,70,,,,,,0
US-GOV-1-AID-OAA-TO-11-00058,D279286F3856,3,2013-03-31,49962.0,,2013-03-31,,,,,,International Resources Group Ltd.,70,,,,,,0
US-GOV-1-AID-OAA-TO-11-00058,25F01D262B8B,3,2013-06-30,70158.0,,2013-06-30,,,,,,International Resources Group Ltd.,70,,,,,,0
US-GOV-1-AID-OAA-TO-11-00058,5697C18C35F4,3,2013-09-30,7450.0,,2013-09-30,,,,,,International Resources Group Ltd.,70,,,,,,0
US-GOV-1-AID-OAA-TO-11-00058,940D25100646,3,2013-12-31,47818.0,,2013-12-31,,,,,,International Resources Group Ltd.,70,,,,,,0
US-GOV-1-AID-OAA-TO-11-00058,7C1EDB71BA4F,3,2014-03-31,54590.0,,2014-03-31,,,,,,International Resources Group Ltd.,70,,,,,,0
US-GOV-1-AID-OAA-TO-11-00058,A234B66BDC1C,3,2014-06-30,26712.0,,2014-06-30,,,,,,International Resources Group Ltd.,70,,,,,,0
US-GOV-1-AID-OAA-TO-11-00058,9B9C83191DF4,3,2014-09-30,11546.0,,2014-09-30,,,,,,International Resources Group Ltd.,70,,,,,,0
US-GOV-1-AID-OAA-TO-11-00058,D95765FD5B52,3,2015-03-31,9242.0,,2015-03-31,,,,,,International Resources Group Ltd.,70,,,,,,0
US-GOV-1-AID-OAA-TO-11-00058,0A05B2E9B69D,3,2015-06-30,2305.0,,2015-06-30,,,,,,International Resources Group Ltd.,70,,,,,,0
US-GOV-1-AID-OAA-TO-11-00058,0F6810F4ED98,3,2015-06-30,6050.0,,2015-06-30,,,,,,International Resources Group Ltd.,70,,,,,,0
US-GOV-1-AID-OAA-TO-11-00058,FBD8B88A303C,3,2015-09-30,41306.0,,2015-09-30,,,,,,International Resources Group Ltd.,70,,,,,,0
US-GOV-1-AID-OAA-TO-11-00058,F508E6A376E2,3,2015-12-31,101542.0,,2015-12-31,,,,,,International Resources Group Ltd.,70,,,,,,0
US-GOV-1-AID-OAA-TO-11-00058,019E10ABB504,2,2017-06-30,-164078.0,,2017-06-30,,,,,,International Resources Group Ltd.,70,,,,,,0
US-GOV-1-AID-OAA-TO-11-00058,86636BA6EEB0,2,2020-09-30,-1050.0,,2020-09-30,,,,,,International Resources Group Ltd.,70,,,,,,0
US-GOV-1-AID-OAA-TO-11-00058,B8D7719ABF8B,2,2020-09-30,-3949.0,,2020-09-30,,,,,,International Resources Group Ltd.,70,,,,,,0
US-GOV-1-AID-OAA-TO-13-00009,C5CE37428265,2,2013-03-31,29818.0,,2013-03-31,,,,,,"Social Impact, Inc.",70,,,,,,0
US-GOV-1-AID-OAA-TO-13-00009,C42988540C23,3,2013-06-30,22384.0,,2013-06-30,,,,,,"Social Impact, Inc.",70,,,,,,0
US-GOV-1-AID-OAA-TO-13-00009,DD5BECDABFEF,2,2015-09-30,-7433.0,,2015-09-30,,,,,,"Social Impact, Inc.",70,,,,,,0
US-GOV-1-AID-OAA-TO-17-00028,C6D2B0ED7154,2,2017-09-30,48331.0,,2017-09-30,,,,,,Management Systems International,70,,,,,,0
US-GOV-1-AID-OAA-TO-17-00028,E0E14B095F71,2,2017-09-30,76096.0,,2017-09-30,,,,,,Management Systems International,70,,,,,,0
US-GOV-1-AID-OAA-TO-17-00028,C68C3E35182E,2,2017-09-30,9549.0,,2017-09-30,,,,,,Management Systems International,70,,,,,,0
US-GOV-1-AID-OAA-TO-17-00028,FF4CC99E56E6,2,2017-09-30,54912.0,,2017-09-30,,,,,,Management Systems International,70,,,,,,0
US-GOV-1-AID-OAA-TO-17-00028,9B4890263C20,3,2018-03-31,13351.0,,2018-03-31,,,,,,Management Systems International,70,,,,,,0
US-GOV-1-AID-OAA-TO-17-00028,51311086718A,3,2018-12-31,13107.0,,2018-12-31,,,,,,Management Systems International,70,,,,,,0
US-GOV-1-AID-OAA-TO-17-00028,4411E4548E82,3,2019-03-31,19198.0,,2019-03-31,,,,,,Management Systems International,70,,,,,,0
US-GOV-1-AID-OAA-TO-17-00028,835D1C270193,3,2019-03-31,1601.0,,2019-03-31,,,,,,Management Systems International,70,,,,,,0
US-GOV-1-AID-OAA-TO-17-00028,B22A37E04D87,3,2019-03-31,11988.0,,2019-03-31,,,,,,Management Systems International,70,,,,,,0
US-GOV-1-AID-OAA-TO-17-00028,BC84507A0108,3,2019-06-30,6205.0,,2019-06-30,,,,,,Management Systems International,70,,,,,,0
US-GOV-1-AID-OAA-TO-17-00028,299A90AEB8FE,3,2019-06-30,6673.0,,2019-06-30,,,,,,Management Systems International,70,,,,,,0
US-GOV-1-AID-OAA-TO-17-00028,9708C4501C8F,3,2019-09-30,22943.0,,2019-09-30,,,,,,Management Systems International,70,,,,,,0
US-GOV-1-AID-OAA-TO-17-00028,F00430022CDA,3,2019-09-30,40052.0,,2019-09-30,,,,,,Management Systems International,70,,,,,,0
US-GOV-1-AID-OAA-TO-17-00028,F34F0F18AA7D,3,2019-12-31,25388.0,,2019-12-31,,,,,,Management Systems International,70,,,,,,0
US-GOV-1-AID-OAA-TO-17-00028,B27B6E6F87E8,3,2019-12-31,2477.0,,2019-12-31,,,,,,Management Systems International,70,,,,,,0
US-GOV-1-AID-OAA-TO-17-00028,114015D58D1B,3,2019-12-31,16465.0,,2019-12-31,,,,,,Management Systems International,70,,,,,,0
US-GOV-1-AID-OAA-TO-17-00028,7B02256B6D18,3,2020-03-31,492.0,,2020-03-31,,,,,,Management Systems International,70,,,,,,0
US-GOV-1-AID-OAA-TO-17-00028,DCB472D3F765,3,2021-03-31,7085.0,,2021-03-31,,,,,,Management Systems International,70,,,,,,0
US-GOV-1-AID-OFDA-IO-17-00046,FB0FDD9102FE,2,2017-09-30,993810.0,,2017-09-30,,,,,,World Food Program,40,,,,,,0
US-GOV-1-AID-OFDA-IO-17-00046,515798676F46,3,2017-12-31,993810.0,,2017-12-31,,,,,,World Food Program,40,,,,,,0
US-GOV-1-ANE-G-00-06-00003-00,EBA2B29AD6F1,2,2016-09-30,-500000.0,,2016-09-30,,,,,,"United Nations Educational, Scientific and Cultural Organisation",40,,,,,,0
US-GOV-1-ANE-G-SS-87-00050,CD8E5432FF54,2,2015-09-30,-16123.0,,2015-09-30,,,,,,Enterprise - United States Other,70,,,,,,0
US-GOV-1-ANE-P-00-04-00006-02,C431F331423D,2,2015-09-30,-150739.0,,2015-09-30,,,,,,U.S. Government - Department of Agriculture,10,,,,,,0
US-GOV-1-ANE-P-00-05-00002-01,49908572710E,2,2013-03-31,-34455.0,,2013-03-31,,,,,,U.S. Government - Department of the Army,10,,,,,,0
US-GOV-1-ANE-P-00-05-00002-01,A1580397CB4A,2,2013-03-31,-3514.0,,2013-03-31,,,,,,U.S. Government - Department of the Army,10,,,,,,0
US-GOV-1-DAN5116Q01911500,7A71B8A06315,2,2014-03-31,-41785.0,,2014-03-31,,,,,,"International Science and Technology Institute, Inc.",70,,,,,,0
US-GOV-1-DFD-A-00-06-00150-01,AE8BFA116C47,2,2014-09-30,13168.0,,2014-09-30,,,,,,USAID redacted this field in accordance with the Principled Exceptions outlined in the Office of Management and Budget Bulletin 12-01.,22,,,,,,0
US-GOV-1-DFD-A-00-06-00150-01,AE8BFA116C47,3,2014-09-30,13168.0,,2014-09-30,,,,,,USAID redacted this field in accordance with the Principled Exceptions outlined in the Office of Management and Budget Bulletin 12-01.,22,,,,,,0
US-GOV-1-DFD-A-00-06-00151-02,A0B2DF115ACB,3,2012-12-31,-2438.0,,2012-12-31,,,,,,Catholic Relief Services,90,,,,,,0
US-GOV-1-DFD-A-00-06-00151-02,7C2BEFA833EB,2,2013-03-31,-2882.0,,2013-03-31,,,,,,Catholic Relief Services,90,,,,,,0
US-GOV-1-DFD-A-00-06-00151-02,7C2BEFA833EB,3,2013-03-31,1.0,,2013-03-31,,,,,,Catholic Relief Services,90,,,,,,0
US-GOV-1-DFD-G-00-05-00211-00,4834BB2409C8,2,2013-09-30,-36557.0,,2013-09-30,,,,,,Cooperative for Assistance and Relief Everywhere,22,,,,,,0
US-GOV-1-DFD-G-00-09-00026-00,09C0CEA9DAD9,2,2016-03-31,-56319.0,,2016-03-31,,,,,,Asian Disaster Preparedness Center,23,,,,,,0
US-GOV-1-DFD-G-00-09-00026-00,770C764CB225,3,2016-12-31,-7783.0,,2016-12-31,,,,,,Asian Disaster Preparedness Center,23,,,,,,0
US-GOV-1-DFD-G-00-09-00026-00,F878EA3D5506,2,2017-06-30,-7783.0,,2017-06-30,,,,,,Asian Disaster Preparedness Center,23,,,,,,0
US-GOV-1-DFD-I-05-05-00245-00,5A70EA6731AD,2,2017-09-30,-27164.0,,2017-09-30,,,,,,"Amex International, Inc.",70,,,,,,0
US-GOV-1-ENV-G-00-99-00005,CC62425CF3DB,2,2015-09-30,-106750.0,,2015-09-30,,,,,,Secretariat of the Pacific Regional Environment Programme,40,,,,,,0
US-GOV-1-ENV-G-00-99-00005,40E241AC7DB0,2,2015-09-30,-4013.0,,2015-09-30,,,,,,Secretariat of the Pacific Regional Environment Programme,40,,,,,,0
US-GOV-1-ENV-G-00-99-00005,FBD2010C640D,2,2015-09-30,-29240.0,,2015-09-30,,,,,,Secretariat of the Pacific Regional Environment Programme,40,,,,,,0
US-GOV-1-ENV-P-00-97-00002,1241D36D6FD4,2,2013-03-31,-44186.0,,2013-03-31,,,,,,U.S. Government - Department of Interior,10,,,,,,0
US-GOV-1-ENV-P-00-98-00001,E488EAF520F3,2,2013-03-31,-79960.0,,2013-03-31,,,,,,U.S. Government - Department of Interior,10,,,,,,0
US-GOV-1-ENV-P-00-98-00002,5456CFF35741,2,2013-03-31,-192136.0,,2013-03-31,,,,,,U.S. Government - Environmental Protection Agency,10,,,,,,0
US-GOV-1-ENV-P-00-98-00002,4F7C24F4F8BB,2,2013-03-31,-61000.0,,2013-03-31,,,,,,U.S. Government - Environmental Protection Agency,10,,,,,,0
US-GOV-1-FDA-P-00-03-00018-01,FFA8DAF588C0,2,2012-12-31,-178.0,,2012-12-31,,,,,,U.S. Government - Department of Health and Human Services,10,,,,,,0
US-GOV-1-GPO-M-00-05-00043-13,4C17928F6E55,3,2015-09-30,-25000.0,,2015-09-30,,,,,,RTI International,22,,,,,,0
US-GOV-1-GPO-M-00-05-00043-13,AF63677AF7DF,2,2016-12-31,-25000.0,,2016-12-31,,,,,,RTI International,22,,,,,,0
US-GOV-1-HNE-G-00-95-00076,7BA30E72FE61,2,2015-09-30,-49902.0,,2015-09-30,,,,,,Catholic Relief Services,90,,,,,,0
US-GOV-1-HNE0014A00402900,BF25F962F750,2,2015-09-30,-35983.0,,2015-09-30,,,,,,American Near East Refugee Aid (ANERA),23,,,,,,0
US-GOV-1-HNE0159C00307900,78A6AF9E96A2,2,2015-09-30,-4988.0,,2015-09-30,,,,,,Enterprise - United States Other,70,,,,,,0
US-GOV-1-LAG-I-02-99-00019,3FF87DCB80CD,2,2015-09-30,-7040.0,,2015-09-30,,,,,,"Tetra Tech, Inc.",70,,,,,,0
US-GOV-1-LAG-I-08-99-00017-06,ADE326C79CC7,2,2015-09-30,-5820.0,,2015-09-30,,,,,,"Development Alternatives, Inc.",70,,,,,,0
US-GOV-1-LAG-I-11-99-00013-02,C64C11B768CC,2,2015-09-30,-46988.0,,2015-09-30,,,,,,"ARD, Inc.",70,,,,,,0
US-GOV-1-PCE-I-32-98-00016-00,F6AAE52CBD05,2,2015-09-30,-57876.0,,2015-09-30,,,,,,Nathan Associates Inc.,70,,,,,,0
US-GOV-1-RAN-A-00-06-00040-00,602D619EAA58,2,2015-03-31,-77295.0,,2015-03-31,,,,,,American Institutes for Research,22,,,,,,0
US-GOV-1-RAN-M-00-06-00046-00,64D17290B382,2,2012-12-31,-82478.0,,2012-12-31,,,,,,Development Associates International,22,,,,,,0
