activity_identifier,result_ref,indicator_ref,indicator_measure,ascending,aggregation_status,title,description,baseline_year,baseline_iso_date,baseline_value,baseline_comment
XM-DAC-46008-cfa012402,result_1,indicator_XM-DAC-46008-cfa012402_result_1_1,1,,,km,,1900,2024-10-07,0,
XM-DAC-46008-cfa012402,result_2,indicator_XM-DAC-46008-cfa012402_result_2_1,1,,,#,,1900,2024-10-07,0,
XM-DAC-46008-cfa012402,result_3,indicator_XM-DAC-46008-cfa012402_result_3_1,1,,,#,,1900,2024-10-07,0,
XM-DAC-46008-cfa012067,result_1,indicator_XM-DAC-46008-cfa012067_result_1_1,1,,,m2,,1900,2023-07-28,0,
XM-DAC-46008-cfa012067,result_2,indicator_XM-DAC-46008-cfa012067_result_2_1,1,,,#,,1900,2023-07-28,0,
XM-DAC-46008-cfa012418,result_1,indicator_XM-DAC-46008-cfa012418_result_1_1,1,,,# de vehículos/año,,1900,2024-10-28,0,
XM-DAC-46008-cfa012418,result_2,indicator_XM-DAC-46008-cfa012418_result_2_1,1,,,Km,,1900,2024-10-28,0,
XM-DAC-46008-cfa012418,result_3,indicator_XM-DAC-46008-cfa012418_result_3_1,1,,,USD,,1900,2024-10-28,0,
XM-DAC-46008-cfa012418,result_4,indicator_XM-DAC-46008-cfa012418_result_4_1,1,,,minutos,,1900,2024-10-28,0,
XM-DAC-46008-cfa010973,result_1,indicator_XM-DAC-46008-cfa010973_result_1_1,1,,,#,,1900,2019-10-23,0,
XM-DAC-46008-cfa010973,result_2,indicator_XM-DAC-46008-cfa010973_result_2_1,1,,,#/año,,1900,2019-10-23,0,
XM-DAC-46008-cfa010973,result_3,indicator_XM-DAC-46008-cfa010973_result_3_1,1,,,#,,1900,2019-10-23,0,
XM-DAC-46008-cfa010973,result_4,indicator_XM-DAC-46008-cfa010973_result_4_1,1,,,minutos,,1900,2019-10-23,0,
XM-DAC-46008-cfa010973,result_5,indicator_XM-DAC-46008-cfa010973_result_5_1,1,,,Km,,1900,2019-10-23,0,
XM-DAC-46008-cfa011872,result_1,indicator_XM-DAC-46008-cfa011872_result_1_1,1,,,#,,1900,2022-11-29,0,
XM-DAC-46008-cfa011872,result_2,indicator_XM-DAC-46008-cfa011872_result_2_1,1,,,#,,1900,2022-11-29,0,
XM-DAC-46008-cfa011872,result_3,indicator_XM-DAC-46008-cfa011872_result_3_1,1,,,#,,1900,2022-11-29,0,
XM-DAC-46008-cfa011872,result_4,indicator_XM-DAC-46008-cfa011872_result_4_1,1,,,#,,1900,2022-11-29,0,
XM-DAC-46008-cfa011872,result_5,indicator_XM-DAC-46008-cfa011872_result_5_1,1,,,#,,1900,2022-11-29,0,
XM-DAC-46008-cfa011872,result_6,indicator_XM-DAC-46008-cfa011872_result_6_1,1,,,km,,1900,2022-11-29,0,
XM-DAC-46008-cfa011872,result_7,indicator_XM-DAC-46008-cfa011872_result_7_1,1,,,#,,1900,2022-11-29,0,
XM-DAC-46008-cfa011872,result_8,indicator_XM-DAC-46008-cfa011872_result_8_1,1,,,km,,1900,2022-11-29,0,
XM-DAC-46008-cfl0000003441,result_1,indicator_XM-DAC-46008-cfl0000003441_result_1_1,1,,,#,,1900,2022-04-19,0,
XM-DAC-46008-cfl0000003441,result_2,indicator_XM-DAC-46008-cfl0000003441_result_2_1,1,,,#,,1900,2022-04-19,0,
XM-DAC-46008-cfa012503,result_1,indicator_XM-DAC-46008-cfa012503_result_1_1,1,,,km,,1900,2024-12-19,0,
XM-DAC-46008-cfa012503,result_2,indicator_XM-DAC-46008-cfa012503_result_2_1,1,,,#,,1900,2024-12-19,0,
XM-DAC-46008-cfa012503,result_3,indicator_XM-DAC-46008-cfa012503_result_3_1,1,,,#,,1900,2024-12-19,0,
XM-DAC-46008-cfa012503,result_4,indicator_XM-DAC-46008-cfa012503_result_4_1,1,,,#,,1900,2024-12-19,0,
XM-DAC-46008-cfa012503,result_5,indicator_XM-DAC-46008-cfa012503_result_5_1,1,,,m2,,1900,2024-12-19,0,
XM-DAC-46008-cfa012422,result_1,indicator_XM-DAC-46008-cfa012422_result_1_1,1,,,#,,1900,2024-10-28,0,
XM-DAC-46008-cfa012422,result_2,indicator_XM-DAC-46008-cfa012422_result_2_1,1,,,m2,,1900,2024-10-28,0,
XM-DAC-46008-cfa012422,result_3,indicator_XM-DAC-46008-cfa012422_result_3_1,1,,,#,,1900,2024-10-28,0,
XM-DAC-46008-cfa011318,result_1,indicator_XM-DAC-46008-cfa011318_result_1_1,1,,,#,,1900,2020-10-08,0,
XM-DAC-46008-cfa011318,result_2,indicator_XM-DAC-46008-cfa011318_result_2_1,1,,,#,,1900,2020-10-08,0,
XM-DAC-46008-cfa011318,result_3,indicator_XM-DAC-46008-cfa011318_result_3_1,1,,,#,,1900,2020-10-08,0,
XM-DAC-46008-cfa011318,result_4,indicator_XM-DAC-46008-cfa011318_result_4_1,1,,,#,,1900,2020-10-08,0,
XM-DAC-46008-cfa011318,result_5,indicator_XM-DAC-46008-cfa011318_result_5_1,1,,,#,,1900,2020-10-08,0,
XM-DAC-46008-cfa011318,result_6,indicator_XM-DAC-46008-cfa011318_result_6_1,1,,,m2,,1900,2020-10-08,0,
XM-DAC-46008-cfa011318,result_7,indicator_XM-DAC-46008-cfa011318_result_7_1,1,,,km,,1900,2020-10-08,0,
XM-DAC-46008-cfa012320,result_1,indicator_XM-DAC-46008-cfa012320_result_1_1,1,,,#,,1900,2024-07-08,0,
XM-DAC-46008-cfa012320,result_2,indicator_XM-DAC-46008-cfa012320_result_2_1,1,,,# de vehículos/año,,1900,2024-07-08,0,
XM-DAC-46008-cfa012320,result_3,indicator_XM-DAC-46008-cfa012320_result_3_1,1,,,minutos,,1900,2024-07-08,0,
XM-DAC-46008-cfa012320,result_4,indicator_XM-DAC-46008-cfa012320_result_4_1,1,,,Km,,1900,2024-07-08,0,
XM-DAC-46008-cfa012119,result_1,indicator_XM-DAC-46008-cfa012119_result_1_1,1,,,km,,1900,2023-09-15,0,
XM-DAC-46008-cfa012119,result_2,indicator_XM-DAC-46008-cfa012119_result_2_1,1,,,ton,,1900,2023-09-15,0,
XM-DAC-46008-cfa012119,result_3,indicator_XM-DAC-46008-cfa012119_result_3_1,1,,,#,,1900,2023-09-15,0,
XM-DAC-46008-cfa012400,result_1,indicator_XM-DAC-46008-cfa012400_result_1_1,1,,,#,,1900,2024-10-07,0,
XM-DAC-46008-cfa012400,result_2,indicator_XM-DAC-46008-cfa012400_result_2_1,1,,,ton,,1900,2024-10-07,0,
XM-DAC-46008-cfl0000003619,result_1,indicator_XM-DAC-46008-cfl0000003619_result_1_1,1,,,#,,1900,2022-12-02,0,
XM-DAC-46008-cfl0000003619,result_2,indicator_XM-DAC-46008-cfl0000003619_result_2_1,1,,,#,,1900,2022-12-02,0,
XM-DAC-46008-cfa010824,result_1,indicator_XM-DAC-46008-cfa010824_result_1_1,1,,,#,,1900,2019-06-14,0,
XM-DAC-46008-cfa010824,result_2,indicator_XM-DAC-46008-cfa010824_result_2_1,1,,,Km,,1900,2019-06-14,0,
XM-DAC-46008-cfa010824,result_3,indicator_XM-DAC-46008-cfa010824_result_3_1,1,,,m2,,1900,2019-06-14,0,
XM-DAC-46008-cfa010824,result_4,indicator_XM-DAC-46008-cfa010824_result_4_1,1,,,km,,1900,2019-06-14,0,
XM-DAC-46008-cfa010824,result_5,indicator_XM-DAC-46008-cfa010824_result_5_1,1,,,#,,1900,2019-06-14,0,
XM-DAC-46008-cfa011807,result_1,indicator_XM-DAC-46008-cfa011807_result_1_1,1,,,#,,1900,2022-09-02,0,
XM-DAC-46008-cfa011807,result_2,indicator_XM-DAC-46008-cfa011807_result_2_1,1,,,USD,,1900,2022-09-02,0,
XM-DAC-46008-cfa011807,result_3,indicator_XM-DAC-46008-cfa011807_result_3_1,1,,,minutos,,1900,2022-09-02,0,
XM-DAC-46008-cfa011807,result_4,indicator_XM-DAC-46008-cfa011807_result_4_1,1,,,# de vehículos/año,,1900,2022-09-02,0,
XM-DAC-46008-cfa011807,result_5,indicator_XM-DAC-46008-cfa011807_result_5_1,1,,,#/año,,1900,2022-09-02,0,
XM-DAC-46008-cfa011807,result_6,indicator_XM-DAC-46008-cfa011807_result_6_1,1,,,Km,,1900,2022-09-02,0,
XM-DAC-46008-cfa012116,result_1,indicator_XM-DAC-46008-cfa012116_result_1_1,1,,,#,,1900,2023-09-05,0,
XM-DAC-46008-cfa011744,result_1,indicator_XM-DAC-46008-cfa011744_result_1_1,1,,,Km,,1900,2022-06-24,0,
XM-DAC-46008-cfa011744,result_2,indicator_XM-DAC-46008-cfa011744_result_2_1,1,,,# de vehículos/año,,1900,2022-06-24,0,
XM-DAC-46008-cfa011744,result_3,indicator_XM-DAC-46008-cfa011744_result_3_1,1,,,#,,1900,2022-06-24,0,
XM-DAC-46008-cfl0000003476,result_1,indicator_XM-DAC-46008-cfl0000003476_result_1_1,1,,,#,,1900,2022-06-14,0,
XM-DAC-46008-cfl0000003476,result_2,indicator_XM-DAC-46008-cfl0000003476_result_2_1,1,,,#,,1900,2022-06-14,0,
XM-DAC-46008-cfa012339,result_1,indicator_XM-DAC-46008-cfa012339_result_1_1,1,,,USD,,1900,2024-07-29,0,
XM-DAC-46008-cfa012339,result_2,indicator_XM-DAC-46008-cfa012339_result_2_1,1,,,Km,,1900,2024-07-29,0,
XM-DAC-46008-cfa012339,result_3,indicator_XM-DAC-46008-cfa012339_result_3_1,1,,,minutos,,1900,2024-07-29,0,
XM-DAC-46008-cfa012373,result_1,indicator_XM-DAC-46008-cfa012373_result_1_1,1,,,# de vehículos/año,,1900,2024-09-24,0,
XM-DAC-46008-cfa012373,result_2,indicator_XM-DAC-46008-cfa012373_result_2_1,1,,,minutos,,1900,2024-09-24,0,
XM-DAC-46008-cfa012373,result_3,indicator_XM-DAC-46008-cfa012373_result_3_1,1,,,Km,,1900,2024-09-24,0,
XM-DAC-46008-cfa012373,result_4,indicator_XM-DAC-46008-cfa012373_result_4_1,1,,,USD,,1900,2024-09-24,0,
XM-DAC-46008-cfa011501,result_1,indicator_XM-DAC-46008-cfa011501_result_1_1,1,,,#,,1900,2021-06-07,0,
XM-DAC-46008-cfa012016,result_1,indicator_XM-DAC-46008-cfa012016_result_1_1,1,,,#,,1900,2023-05-24,0,
XM-DAC-46008-cfa012391,result_1,indicator_XM-DAC-46008-cfa012391_result_1_1,1,,,#,,1900,2024-10-10,0,
XM-DAC-46008-cfa012391,result_2,indicator_XM-DAC-46008-cfa012391_result_2_1,1,,,#,,1900,2024-10-10,0,
XM-DAC-46008-cfa012391,result_3,indicator_XM-DAC-46008-cfa012391_result_3_1,1,,,m2,,1900,2024-10-10,0,
XM-DAC-46008-cfa012391,result_4,indicator_XM-DAC-46008-cfa012391_result_4_1,1,,,#,,1900,2024-10-10,0,
XM-DAC-46008-cfa011408,result_1,indicator_XM-DAC-46008-cfa011408_result_1_1,1,,,minutos,,1900,2020-12-24,0,
XM-DAC-46008-cfa011408,result_2,indicator_XM-DAC-46008-cfa011408_result_2_1,1,,,Km,,1900,2020-12-24,0,
XM-DAC-46008-cfl0000003069,result_1,indicator_XM-DAC-46008-cfl0000003069_result_1_1,1,,,#,,1900,2019-11-27,0,
XM-DAC-46008-cfl0000003069,result_2,indicator_XM-DAC-46008-cfl0000003069_result_2_1,1,,,#,,1900,2019-11-27,0,
XM-DAC-46008-cfa011752,result_1,indicator_XM-DAC-46008-cfa011752_result_1_1,1,,,#,,1900,2022-06-22,0,
XM-DAC-46008-cfa011752,result_2,indicator_XM-DAC-46008-cfa011752_result_2_1,1,,,hectáreas,,1900,2022-06-22,0,
XM-DAC-46008-cfa011752,result_3,indicator_XM-DAC-46008-cfa011752_result_3_1,1,,,#,,1900,2022-06-22,0,
XM-DAC-46008-cfa011752,result_4,indicator_XM-DAC-46008-cfa011752_result_4_1,1,,,#,,1900,2022-06-22,0,
XM-DAC-46008-cfa012460,result_1,indicator_XM-DAC-46008-cfa012460_result_1_1,1,,,minutos,,1900,2024-12-06,0,
XM-DAC-46008-cfa012460,result_2,indicator_XM-DAC-46008-cfa012460_result_2_1,1,,,Km,,1900,2024-12-06,0,
XM-DAC-46008-cfa012160,result_1,indicator_XM-DAC-46008-cfa012160_result_1_1,1,,,m2,,1900,2023-11-08,0,
XM-DAC-46008-cfa012564,result_1,indicator_XM-DAC-46008-cfa012564_result_1_1,1,,,#,,1900,2025-03-11,0,
XM-DAC-46008-cfa012564,result_2,indicator_XM-DAC-46008-cfa012564_result_2_1,1,,,ton,,1900,2025-03-11,0,
XM-DAC-46008-cfa012564,result_3,indicator_XM-DAC-46008-cfa012564_result_3_1,1,,,ton,,1900,2025-03-11,0,
XM-DAC-46008-cfl0000003442,result_1,indicator_XM-DAC-46008-cfl0000003442_result_1_1,1,,,#,,1900,2022-04-08,0,
XM-DAC-46008-cfl0000003442,result_2,indicator_XM-DAC-46008-cfl0000003442_result_2_1,1,,,#,,1900,2022-04-08,0,
XM-DAC-46008-cfa011677,result_1,indicator_XM-DAC-46008-cfa011677_result_1_1,1,,,m2,,1900,2022-01-26,0,
XM-DAC-46008-cfa011677,result_2,indicator_XM-DAC-46008-cfa011677_result_2_1,1,,,#,,1900,2022-01-26,0,
XM-DAC-46008-cfa011677,result_3,indicator_XM-DAC-46008-cfa011677_result_3_1,1,,,#,,1900,2022-01-26,0,
XM-DAC-46008-cfa011677,result_4,indicator_XM-DAC-46008-cfa011677_result_4_1,1,,,km,,1900,2022-01-26,0,
XM-DAC-46008-cfa011677,result_5,indicator_XM-DAC-46008-cfa011677_result_5_1,1,,,#,,1900,2022-01-26,0,
XM-DAC-46008-cfa011677,result_6,indicator_XM-DAC-46008-cfa011677_result_6_1,1,,,#,,1900,2022-01-26,0,
XM-DAC-46008-cfa012206,result_1,indicator_XM-DAC-46008-cfa012206_result_1_1,1,,,hectáreas,,1900,2023-12-11,0,
XM-DAC-46008-cfa012206,result_2,indicator_XM-DAC-46008-cfa012206_result_2_1,1,,,m2,,1900,2023-12-11,0,
XM-DAC-46008-cfa012206,result_3,indicator_XM-DAC-46008-cfa012206_result_3_1,1,,,#,,1900,2023-12-11,0,
XM-DAC-46008-cfa012206,result_4,indicator_XM-DAC-46008-cfa012206_result_4_1,1,,,#,,1900,2023-12-11,0,
XM-DAC-46008-cfa012206,result_5,indicator_XM-DAC-46008-cfa012206_result_5_1,1,,,#,,1900,2023-12-11,0,
XM-DAC-46008-cfa011994,result_1,indicator_XM-DAC-46008-cfa011994_result_1_1,1,,,minutos,,1900,2023-05-09,0,
XM-DAC-46008-cfa011994,result_2,indicator_XM-DAC-46008-cfa011994_result_2_1,1,,,#,,1900,2023-05-09,0,
XM-DAC-46008-cfa011994,result_3,indicator_XM-DAC-46008-cfa011994_result_3_1,1,,,#/año,,1900,2023-05-09,0,
XM-DAC-46008-cfa011994,result_4,indicator_XM-DAC-46008-cfa011994_result_4_1,1,,,Km,,1900,2023-05-09,0,
XM-DAC-46008-cfa011994,result_5,indicator_XM-DAC-46008-cfa011994_result_5_1,1,,,# de vehículos/año,,1900,2023-05-09,0,
XM-DAC-46008-cfa011994,result_6,indicator_XM-DAC-46008-cfa011994_result_6_1,1,,,USD,,1900,2023-05-09,0,
XM-DAC-46008-cfa012050,result_1,indicator_XM-DAC-46008-cfa012050_result_1_1,1,,,minutos,,1900,2023-07-07,0,
XM-DAC-46008-cfa012050,result_2,indicator_XM-DAC-46008-cfa012050_result_2_1,1,,,Km,,1900,2023-07-07,0,
XM-DAC-46008-cfa012050,result_3,indicator_XM-DAC-46008-cfa012050_result_3_1,1,,,# de vehículos/año,,1900,2023-07-07,0,
XM-DAC-46008-cfa012050,result_4,indicator_XM-DAC-46008-cfa012050_result_4_1,1,,,#,,1900,2023-07-07,0,
XM-DAC-46008-cfl0000003477,result_1,indicator_XM-DAC-46008-cfl0000003477_result_1_1,1,,,#,,1900,2022-06-22,0,
XM-DAC-46008-cfa011063,result_1,indicator_XM-DAC-46008-cfa011063_result_1_1,1,,,#,,1900,2019-12-30,0,
XM-DAC-46008-cfa012275,result_1,indicator_XM-DAC-46008-cfa012275_result_1_1,1,,,m2,,1900,2024-05-07,0,
XM-DAC-46008-cfa012275,result_2,indicator_XM-DAC-46008-cfa012275_result_2_1,1,,,#,,1900,2024-05-07,0,
XM-DAC-46008-cfa012275,result_3,indicator_XM-DAC-46008-cfa012275_result_3_1,1,,,#,,1900,2024-05-07,0,
XM-DAC-46008-cfa012275,result_4,indicator_XM-DAC-46008-cfa012275_result_4_1,1,,,#,,1900,2024-05-07,0,
XM-DAC-46008-cfa011459,result_1,indicator_XM-DAC-46008-cfa011459_result_1_1,1,,,Km,,1900,2021-04-21,0,
XM-DAC-46008-cfa011459,result_2,indicator_XM-DAC-46008-cfa011459_result_2_1,1,,,minutos,,1900,2021-04-21,0,
XM-DAC-46008-cfa011459,result_3,indicator_XM-DAC-46008-cfa011459_result_3_1,1,,,# de vehículos/año,,1900,2021-04-21,0,
XM-DAC-46008-cfl0000003412,result_1,indicator_XM-DAC-46008-cfl0000003412_result_1_1,1,,,#,,1900,2015-12-10,0,
XM-DAC-46008-cfa011191,result_1,indicator_XM-DAC-46008-cfa011191_result_1_1,1,,,#,,1900,2020-03-30,0,
XM-DAC-46008-cfa011191,result_2,indicator_XM-DAC-46008-cfa011191_result_2_1,1,,,# de vehículos/año,,1900,2020-03-30,0,
XM-DAC-46008-cfa011191,result_3,indicator_XM-DAC-46008-cfa011191_result_3_1,1,,,#,,1900,2020-03-30,0,
XM-DAC-46008-cfa011191,result_4,indicator_XM-DAC-46008-cfa011191_result_4_1,1,,,MW,,1900,2020-03-30,0,
XM-DAC-46008-cfa011191,result_5,indicator_XM-DAC-46008-cfa011191_result_5_1,1,,,Km,,1900,2020-03-30,0,
XM-DAC-46008-cfa011191,result_6,indicator_XM-DAC-46008-cfa011191_result_6_1,1,,,km,,1900,2020-03-30,0,
XM-DAC-46008-cfl0000002469,result_1,indicator_XM-DAC-46008-cfl0000002469_result_1_1,1,,,#,,1900,2015-12-10,0,
XM-DAC-46008-cfa011827,result_1,indicator_XM-DAC-46008-cfa011827_result_1_1,1,,,#,,1900,2022-10-04,0,
XM-DAC-46008-cfa011827,result_2,indicator_XM-DAC-46008-cfa011827_result_2_1,1,,,m2,,1900,2022-10-04,0,
XM-DAC-46008-cfa011827,result_3,indicator_XM-DAC-46008-cfa011827_result_3_1,1,,,km,,1900,2022-10-04,0,
XM-DAC-46008-cfa011827,result_4,indicator_XM-DAC-46008-cfa011827_result_4_1,1,,,#,,1900,2022-10-04,0,
XM-DAC-46008-cfa012093,result_1,indicator_XM-DAC-46008-cfa012093_result_1_1,1,,,#,,1900,2023-08-21,0,
XM-DAC-46008-cfa012093,result_2,indicator_XM-DAC-46008-cfa012093_result_2_1,1,,,#,,1900,2023-08-21,0,
XM-DAC-46008-cfa012093,result_3,indicator_XM-DAC-46008-cfa012093_result_3_1,1,,,#,,1900,2023-08-21,0,
XM-DAC-46008-cfa012093,result_4,indicator_XM-DAC-46008-cfa012093_result_4_1,1,,,#,,1900,2023-08-21,0,
XM-DAC-46008-cfa012093,result_5,indicator_XM-DAC-46008-cfa012093_result_5_1,1,,,#,,1900,2023-08-21,0,
XM-DAC-46008-cfa012093,result_6,indicator_XM-DAC-46008-cfa012093_result_6_1,1,,,#,,1900,2023-08-21,0,
XM-DAC-46008-cfa012093,result_7,indicator_XM-DAC-46008-cfa012093_result_7_1,1,,,#,,1900,2023-08-21,0,
XM-DAC-46008-cfa012334,result_1,indicator_XM-DAC-46008-cfa012334_result_1_1,1,,,#,,1900,2024-08-05,0,
XM-DAC-46008-cfa012334,result_2,indicator_XM-DAC-46008-cfa012334_result_2_1,1,,,#,,1900,2024-08-05,0,
XM-DAC-46008-cfa012334,result_3,indicator_XM-DAC-46008-cfa012334_result_3_1,1,,,hectáreas,,1900,2024-08-05,0,
XM-DAC-46008-cfl0000003683,result_1,indicator_XM-DAC-46008-cfl0000003683_result_1_1,1,,,#,,1900,2023-05-25,0,
XM-DAC-46008-cfl0000003683,result_2,indicator_XM-DAC-46008-cfl0000003683_result_2_1,1,,,#,,1900,2023-05-25,0,
XM-DAC-46008-cfl0000003580,result_1,indicator_XM-DAC-46008-cfl0000003580_result_1_1,1,,,#,,1900,2022-12-12,0,
XM-DAC-46008-cfl0000003580,result_2,indicator_XM-DAC-46008-cfl0000003580_result_2_1,1,,,#,,1900,2022-12-12,0,
XM-DAC-46008-cfa011906,result_1,indicator_XM-DAC-46008-cfa011906_result_1_1,1,,,#,,1900,2022-12-27,0,
XM-DAC-46008-cfa011906,result_2,indicator_XM-DAC-46008-cfa011906_result_2_1,1,,,#,,1900,2022-12-27,0,
XM-DAC-46008-cfa011906,result_3,indicator_XM-DAC-46008-cfa011906_result_3_1,1,,,#,,1900,2022-12-27,0,
XM-DAC-46008-cfa011906,result_4,indicator_XM-DAC-46008-cfa011906_result_4_1,1,,,m2,,1900,2022-12-27,0,
XM-DAC-46008-cfa011906,result_5,indicator_XM-DAC-46008-cfa011906_result_5_1,1,,,#,,1900,2022-12-27,0,
XM-DAC-46008-cfa011906,result_6,indicator_XM-DAC-46008-cfa011906_result_6_1,1,,,km,,1900,2022-12-27,0,
XM-DAC-46008-cfl0000003406,result_1,indicator_XM-DAC-46008-cfl0000003406_result_1_1,1,,,#,,1900,2021-12-15,0,
XM-DAC-46008-cfa011061,result_1,indicator_XM-DAC-46008-cfa011061_result_1_1,1,,,m2,,1900,2019-11-29,0,
XM-DAC-46008-cfa011061,result_2,indicator_XM-DAC-46008-cfa011061_result_2_1,1,,,Km,,1900,2019-11-29,0,
XM-DAC-46008-cfa011061,result_3,indicator_XM-DAC-46008-cfa011061_result_3_1,1,,,# de vehículos/año,,1900,2019-11-29,0,
XM-DAC-46008-cfa011061,result_4,indicator_XM-DAC-46008-cfa011061_result_4_1,1,,,#,,1900,2019-11-29,0,
XM-DAC-46008-cfl0000003492,result_1,indicator_XM-DAC-46008-cfl0000003492_result_1_1,1,,,#,,1900,2022-07-20,0,
XM-DAC-46008-cfa012056,result_1,indicator_XM-DAC-46008-cfa012056_result_1_1,1,,,#,,1900,2023-07-04,0,
XM-DAC-46008-cfa012056,result_2,indicator_XM-DAC-46008-cfa012056_result_2_1,1,,,m2,,1900,2023-07-04,0,
XM-DAC-46008-cfa012596,result_1,indicator_XM-DAC-46008-cfa012596_result_1_1,1,,,m2,,1900,2025-04-16,0,
XM-DAC-46008-cfa012596,result_2,indicator_XM-DAC-46008-cfa012596_result_2_1,1,,,#,,1900,2025-04-16,0,
XM-DAC-46008-cfa012596,result_3,indicator_XM-DAC-46008-cfa012596_result_3_1,1,,,#,,1900,2025-04-16,0,
XM-DAC-46008-cfa012596,result_4,indicator_XM-DAC-46008-cfa012596_result_4_1,1,,,#,,1900,2025-04-16,0,
XM-DAC-46008-cfa012596,result_5,indicator_XM-DAC-46008-cfa012596_result_5_1,1,,,km,,1900,2025-04-16,0,
XM-DAC-46008-cfa012596,result_6,indicator_XM-DAC-46008-cfa012596_result_6_1,1,,,km,,1900,2025-04-16,0,
XM-DAC-46008-cfa012596,result_7,indicator_XM-DAC-46008-cfa012596_result_7_1,1,,,m3/año,,1900,2025-04-16,0,
XM-DAC-46008-cfa012325,result_1,indicator_XM-DAC-46008-cfa012325_result_1_1,1,,,USD,,1900,2024-07-30,0,
XM-DAC-46008-cfa012325,result_2,indicator_XM-DAC-46008-cfa012325_result_2_1,1,,,Km,,1900,2024-07-30,0,
XM-DAC-46008-cfa012442,result_1,indicator_XM-DAC-46008-cfa012442_result_1_1,1,,,#/año,,1900,2024-11-27,0,
XM-DAC-46008-cfa012442,result_2,indicator_XM-DAC-46008-cfa012442_result_2_1,1,,,#,,1900,2024-11-27,0,
XM-DAC-46008-cfa012442,result_3,indicator_XM-DAC-46008-cfa012442_result_3_1,1,,,minutos,,1900,2024-11-27,0,
XM-DAC-46008-cfa012442,result_4,indicator_XM-DAC-46008-cfa012442_result_4_1,1,,,km,,1900,2024-11-27,0,
XM-DAC-46008-cfa011489,result_1,indicator_XM-DAC-46008-cfa011489_result_1_1,1,,,# de vehículos/año,,1900,2021-05-18,0,
XM-DAC-46008-cfa011489,result_2,indicator_XM-DAC-46008-cfa011489_result_2_1,1,,,#,,1900,2021-05-18,0,
XM-DAC-46008-cfa011489,result_3,indicator_XM-DAC-46008-cfa011489_result_3_1,1,,,Km,,1900,2021-05-18,0,
XM-DAC-46008-cfa011489,result_4,indicator_XM-DAC-46008-cfa011489_result_4_1,1,,,#,,1900,2021-05-18,0,
XM-DAC-46008-cfa011489,result_5,indicator_XM-DAC-46008-cfa011489_result_5_1,1,,,minutos,,1900,2021-05-18,0,
XM-DAC-46008-cfa011489,result_6,indicator_XM-DAC-46008-cfa011489_result_6_1,1,,,ton,,1900,2021-05-18,0,
XM-DAC-46008-cfa011057,result_1,indicator_XM-DAC-46008-cfa011057_result_1_1,1,,,#,,1900,2019-12-20,0,
XM-DAC-46008-cfa011057,result_2,indicator_XM-DAC-46008-cfa011057_result_2_1,1,,,#,,1900,2019-12-20,0,
XM-DAC-46008-cfa011057,result_3,indicator_XM-DAC-46008-cfa011057_result_3_1,1,,,m3/año,,1900,2019-12-20,0,
XM-DAC-46008-cfa012064,result_1,indicator_XM-DAC-46008-cfa012064_result_1_1,1,,,#,,1900,2023-07-28,0,
XM-DAC-46008-cfa012064,result_2,indicator_XM-DAC-46008-cfa012064_result_2_1,1,,,m2,,1900,2023-07-28,0,
XM-DAC-46008-cfa012064,result_3,indicator_XM-DAC-46008-cfa012064_result_3_1,1,,,#,,1900,2023-07-28,0,
XM-DAC-46008-cfl0000003443,result_1,indicator_XM-DAC-46008-cfl0000003443_result_1_1,1,,,#,,1900,2022-05-10,0,
XM-DAC-46008-cfl0000003443,result_2,indicator_XM-DAC-46008-cfl0000003443_result_2_1,1,,,#,,1900,2022-05-10,0,
XM-DAC-46008-cfa011997,result_1,indicator_XM-DAC-46008-cfa011997_result_1_1,1,,,USD,,1900,2023-05-09,0,
XM-DAC-46008-cfa011997,result_2,indicator_XM-DAC-46008-cfa011997_result_2_1,1,,,#/año,,1900,2023-05-09,0,
XM-DAC-46008-cfa011997,result_3,indicator_XM-DAC-46008-cfa011997_result_3_1,1,,,#,,1900,2023-05-09,0,
XM-DAC-46008-cfa011997,result_4,indicator_XM-DAC-46008-cfa011997_result_4_1,1,,,# de vehículos/año,,1900,2023-05-09,0,
XM-DAC-46008-cfa011997,result_5,indicator_XM-DAC-46008-cfa011997_result_5_1,1,,,minutos,,1900,2023-05-09,0,
XM-DAC-46008-cfa011997,result_6,indicator_XM-DAC-46008-cfa011997_result_6_1,1,,,Km,,1900,2023-05-09,0,
XM-DAC-46008-cfa011740,result_1,indicator_XM-DAC-46008-cfa011740_result_1_1,1,,,#,,1900,2022-05-25,0,
XM-DAC-46008-cfa011740,result_2,indicator_XM-DAC-46008-cfa011740_result_2_1,1,,,#,,1900,2022-05-25,0,
XM-DAC-46008-cfa011740,result_3,indicator_XM-DAC-46008-cfa011740_result_3_1,1,,,km,,1900,2022-05-25,0,
XM-DAC-46008-cfa011740,result_4,indicator_XM-DAC-46008-cfa011740_result_4_1,1,,,km,,1900,2022-05-25,0,
XM-DAC-46008-cfa011740,result_5,indicator_XM-DAC-46008-cfa011740_result_5_1,1,,,#,,1900,2022-05-25,0,
XM-DAC-46008-cfa011740,result_6,indicator_XM-DAC-46008-cfa011740_result_6_1,1,,,m2,,1900,2022-05-25,0,
XM-DAC-46008-cfa011740,result_7,indicator_XM-DAC-46008-cfa011740_result_7_1,1,,,#,,1900,2022-05-25,0,
XM-DAC-46008-cfa011740,result_8,indicator_XM-DAC-46008-cfa011740_result_8_1,1,,,Km,,1900,2022-05-25,0,
XM-DAC-46008-cfa011740,result_9,indicator_XM-DAC-46008-cfa011740_result_9_1,1,,,minutos,,1900,2022-05-25,0,
XM-DAC-46008-cfa011740,result_10,indicator_XM-DAC-46008-cfa011740_result_10_1,1,,,km,,1900,2022-05-25,0,
XM-DAC-46008-cfa011781,result_1,indicator_XM-DAC-46008-cfa011781_result_1_1,1,,,#,,1900,2022-08-19,0,
XM-DAC-46008-cfa011781,result_2,indicator_XM-DAC-46008-cfa011781_result_2_1,1,,,#,,1900,2022-08-19,0,
XM-DAC-46008-cfa011781,result_3,indicator_XM-DAC-46008-cfa011781_result_3_1,1,,,m2,,1900,2022-08-19,0,
XM-DAC-46008-cfa012061,result_1,indicator_XM-DAC-46008-cfa012061_result_1_1,1,,,#,,1900,2023-07-05,0,
XM-DAC-46008-cfa012061,result_2,indicator_XM-DAC-46008-cfa012061_result_2_1,2,,,% cambio,,1900,2023-07-05,0,
XM-DAC-46008-cfa012061,result_3,indicator_XM-DAC-46008-cfa012061_result_3_1,1,,,#,,1900,2023-07-05,0,
XM-DAC-46008-cfl0000000620,result_1,indicator_XM-DAC-46008-cfl0000000620_result_1_1,1,,,#,,1900,2006-08-08,0,
XM-DAC-46008-cfl0000000620,result_2,indicator_XM-DAC-46008-cfl0000000620_result_2_1,1,,,#,,1900,2006-08-08,0,
XM-DAC-46008-cfa012205,result_1,indicator_XM-DAC-46008-cfa012205_result_1_1,1,,,#,,1900,2023-12-11,0,
XM-DAC-46008-cfa012205,result_2,indicator_XM-DAC-46008-cfa012205_result_2_1,1,,,m2,,1900,2023-12-11,0,
XM-DAC-46008-cfa012205,result_3,indicator_XM-DAC-46008-cfa012205_result_3_1,1,,,#,,1900,2023-12-11,0,
XM-DAC-46008-cfa012205,result_4,indicator_XM-DAC-46008-cfa012205_result_4_1,1,,,#,,1900,2023-12-11,0,
XM-DAC-46008-cfa012205,result_5,indicator_XM-DAC-46008-cfa012205_result_5_1,1,,,#,,1900,2023-12-11,0,
XM-DAC-46008-cfa012205,result_6,indicator_XM-DAC-46008-cfa012205_result_6_1,1,,,#,,1900,2023-12-11,0,
XM-DAC-46008-cfa012265,result_1,indicator_XM-DAC-46008-cfa012265_result_1_1,1,,,minutos,,1900,2024-04-23,0,
XM-DAC-46008-cfa012265,result_2,indicator_XM-DAC-46008-cfa012265_result_2_1,1,,,m2,,1900,2024-04-23,0,
XM-DAC-46008-cfa012265,result_3,indicator_XM-DAC-46008-cfa012265_result_3_1,1,,,#,,1900,2024-04-23,0,
XM-DAC-46008-cfa012265,result_4,indicator_XM-DAC-46008-cfa012265_result_4_1,1,,,#,,1900,2024-04-23,0,
XM-DAC-46008-cfa012265,result_5,indicator_XM-DAC-46008-cfa012265_result_5_1,1,,,#,,1900,2024-04-23,0,
XM-DAC-46008-cfa012265,result_6,indicator_XM-DAC-46008-cfa012265_result_6_1,1,,,#,,1900,2024-04-23,0,
XM-DAC-46008-cfa012265,result_7,indicator_XM-DAC-46008-cfa012265_result_7_1,1,,,km,,1900,2024-04-23,0,
XM-DAC-46008-cfa012265,result_8,indicator_XM-DAC-46008-cfa012265_result_8_1,1,,,#,,1900,2024-04-23,0,
XM-DAC-46008-cfa012265,result_9,indicator_XM-DAC-46008-cfa012265_result_9_1,1,,,USD,,1900,2024-04-23,0,
XM-DAC-46008-cfa011652,result_1,indicator_XM-DAC-46008-cfa011652_result_1_1,1,,,#,,1900,2021-12-17,0,
XM-DAC-46008-cfl0000003481,result_1,indicator_XM-DAC-46008-cfl0000003481_result_1_1,1,,,#,,1900,2022-06-14,0,
XM-DAC-46008-cfl0000003481,result_2,indicator_XM-DAC-46008-cfl0000003481_result_2_1,1,,,#,,1900,2022-06-14,0,
XM-DAC-46008-cfa012351,result_1,indicator_XM-DAC-46008-cfa012351_result_1_1,1,,,#,,1900,2024-08-30,0,
XM-DAC-46008-cfa012351,result_2,indicator_XM-DAC-46008-cfa012351_result_2_1,1,,,m2,,1900,2024-08-30,0,
XM-DAC-46008-cfa012351,result_3,indicator_XM-DAC-46008-cfa012351_result_3_1,1,,,#,,1900,2024-08-30,0,
XM-DAC-46008-cfa012351,result_4,indicator_XM-DAC-46008-cfa012351_result_4_1,1,,,#/año,,1900,2024-08-30,0,
XM-DAC-46008-cfa012351,result_5,indicator_XM-DAC-46008-cfa012351_result_5_1,1,,,#,,1900,2024-08-30,0,
XM-DAC-46008-cfa012351,result_6,indicator_XM-DAC-46008-cfa012351_result_6_1,1,,,km,,1900,2024-08-30,0,
XM-DAC-46008-cfa012351,result_7,indicator_XM-DAC-46008-cfa012351_result_7_1,1,,,#,,1900,2024-08-30,0,
XM-DAC-46008-cfa012351,result_8,indicator_XM-DAC-46008-cfa012351_result_8_1,1,,,#,,1900,2024-08-30,0,
XM-DAC-46008-cfl0000003813,result_1,indicator_XM-DAC-46008-cfl0000003813_result_1_1,1,,,#,,1900,2024-03-07,0,
XM-DAC-46008-cfl0000003813,result_2,indicator_XM-DAC-46008-cfl0000003813_result_2_1,1,,,#,,1900,2024-03-07,0,
XM-DAC-46008-cfl0000003500,result_1,indicator_XM-DAC-46008-cfl0000003500_result_1_1,1,,,#,,1900,2022-08-08,0,
XM-DAC-46008-cfa011585,result_1,indicator_XM-DAC-46008-cfa011585_result_1_1,1,,,#,,1900,2021-10-18,0,
XM-DAC-46008-cfa011585,result_2,indicator_XM-DAC-46008-cfa011585_result_2_1,1,,,#,,1900,2021-10-18,0,
XM-DAC-46008-cfa011585,result_3,indicator_XM-DAC-46008-cfa011585_result_3_1,1,,,#,,1900,2021-10-18,0,
XM-DAC-46008-cfl0000003438,result_1,indicator_XM-DAC-46008-cfl0000003438_result_1_1,1,,,#,,1900,2022-04-06,0,
XM-DAC-46008-cfl0000003438,result_2,indicator_XM-DAC-46008-cfl0000003438_result_2_1,1,,,#,,1900,2022-04-06,0,
XM-DAC-46008-cfl0000003529,result_1,indicator_XM-DAC-46008-cfl0000003529_result_1_1,1,,,#,,1900,2022-08-01,0,
XM-DAC-46008-cfl0000003529,result_2,indicator_XM-DAC-46008-cfl0000003529_result_2_1,1,,,#,,1900,2022-08-01,0,
XM-DAC-46008-cfl0000003483,result_1,indicator_XM-DAC-46008-cfl0000003483_result_1_1,1,,,#,,1900,2022-07-07,0,
XM-DAC-46008-cfl0000003483,result_2,indicator_XM-DAC-46008-cfl0000003483_result_2_1,1,,,#,,1900,2022-07-07,0,
XM-DAC-46008-cfa011699,result_1,indicator_XM-DAC-46008-cfa011699_result_1_1,1,,,#,,1900,2022-04-05,0,
XM-DAC-46008-cfa011699,result_2,indicator_XM-DAC-46008-cfa011699_result_2_1,1,,,Km,,1900,2022-04-05,0,
XM-DAC-46008-cfa011699,result_3,indicator_XM-DAC-46008-cfa011699_result_3_1,1,,,USD,,1900,2022-04-05,0,
XM-DAC-46008-cfa011699,result_4,indicator_XM-DAC-46008-cfa011699_result_4_1,1,,,ton,,1900,2022-04-05,0,
XM-DAC-46008-cfa011545,result_1,indicator_XM-DAC-46008-cfa011545_result_1_1,1,,,#,,1900,2021-08-19,0,
XM-DAC-46008-cfa011545,result_2,indicator_XM-DAC-46008-cfa011545_result_2_1,1,,,#,,1900,2021-08-19,0,
XM-DAC-46008-cfa011545,result_3,indicator_XM-DAC-46008-cfa011545_result_3_1,1,,,m2,,1900,2021-08-19,0,
XM-DAC-46008-cfa011545,result_4,indicator_XM-DAC-46008-cfa011545_result_4_1,1,,,ton,,1900,2021-08-19,0,
XM-DAC-46008-cfa011545,result_5,indicator_XM-DAC-46008-cfa011545_result_5_1,1,,,#,,1900,2021-08-19,0,
XM-DAC-46008-cfa011545,result_6,indicator_XM-DAC-46008-cfa011545_result_6_1,1,,,#,,1900,2021-08-19,0,
XM-DAC-46008-cfa011297,result_1,indicator_XM-DAC-46008-cfa011297_result_1_1,1,,,Km,,1900,2020-09-03,0,
XM-DAC-46008-cfa011297,result_2,indicator_XM-DAC-46008-cfa011297_result_2_1,1,,,#,,1900,2020-09-03,0,
XM-DAC-46008-cfl0000003545,result_1,indicator_XM-DAC-46008-cfl0000003545_result_1_1,1,,,#,,1900,2022-10-10,0,
XM-DAC-46008-cfa011746,result_1,indicator_XM-DAC-46008-cfa011746_result_1_1,1,,,m2,,1900,2022-06-24,0,
XM-DAC-46008-cfa011746,result_2,indicator_XM-DAC-46008-cfa011746_result_2_1,1,,,#,,1900,2022-06-24,0,
XM-DAC-46008-cfa011746,result_3,indicator_XM-DAC-46008-cfa011746_result_3_1,1,,,#,,1900,2022-06-24,0,
XM-DAC-46008-cfa011746,result_4,indicator_XM-DAC-46008-cfa011746_result_4_1,1,,,#,,1900,2022-06-24,0,
XM-DAC-46008-cfa011218,result_1,indicator_XM-DAC-46008-cfa011218_result_1_1,1,,,#,,1900,2020-05-06,0,
XM-DAC-46008-cfa011218,result_2,indicator_XM-DAC-46008-cfa011218_result_2_1,1,,,#,,1900,2020-05-06,0,
XM-DAC-46008-cfa011218,result_3,indicator_XM-DAC-46008-cfa011218_result_3_1,1,,,Km,,1900,2020-05-06,0,
XM-DAC-46008-cfa011218,result_4,indicator_XM-DAC-46008-cfa011218_result_4_1,1,,,#,,1900,2020-05-06,0,
XM-DAC-46008-cfa011218,result_5,indicator_XM-DAC-46008-cfa011218_result_5_1,1,,,#,,1900,2020-05-06,0,
XM-DAC-46008-cfa011218,result_6,indicator_XM-DAC-46008-cfa011218_result_6_1,1,,,#,,1900,2020-05-06,0,
XM-DAC-46008-cfa011218,result_7,indicator_XM-DAC-46008-cfa011218_result_7_1,1,,,#,,1900,2020-05-06,0,
XM-DAC-46008-cfa011218,result_8,indicator_XM-DAC-46008-cfa011218_result_8_1,1,,,km,,1900,2020-05-06,0,
XM-DAC-46008-cfa012132,result_1,indicator_XM-DAC-46008-cfa012132_result_1_1,1,,,#,,1900,2023-09-11,0,
XM-DAC-46008-cfa012132,result_2,indicator_XM-DAC-46008-cfa012132_result_2_1,1,,,m2,,1900,2023-09-11,0,
XM-DAC-46008-cfa012132,result_3,indicator_XM-DAC-46008-cfa012132_result_3_1,1,,,#,,1900,2023-09-11,0,
XM-DAC-46008-cfa012132,result_4,indicator_XM-DAC-46008-cfa012132_result_4_1,2,,,% cambio,,1900,2023-09-11,0,
XM-DAC-46008-cfa011886,result_1,indicator_XM-DAC-46008-cfa011886_result_1_1,1,,,#,,1900,2022-12-07,0,
XM-DAC-46008-cfa011886,result_2,indicator_XM-DAC-46008-cfa011886_result_2_1,1,,,km,,1900,2022-12-07,0,
XM-DAC-46008-cfa011027,result_1,indicator_XM-DAC-46008-cfa011027_result_1_1,1,,,#,,1900,2019-11-29,0,
XM-DAC-46008-cfa011840,result_1,indicator_XM-DAC-46008-cfa011840_result_1_1,1,,,m2,,1900,2022-10-20,0,
XM-DAC-46008-cfa011840,result_2,indicator_XM-DAC-46008-cfa011840_result_2_1,1,,,#,,1900,2022-10-20,0,
XM-DAC-46008-cfa011840,result_3,indicator_XM-DAC-46008-cfa011840_result_3_1,1,,,km,,1900,2022-10-20,0,
XM-DAC-46008-cfa011840,result_4,indicator_XM-DAC-46008-cfa011840_result_4_1,1,,,#,,1900,2022-10-20,0,
XM-DAC-46008-cfa011840,result_5,indicator_XM-DAC-46008-cfa011840_result_5_1,1,,,km,,1900,2022-10-20,0,
XM-DAC-46008-cfa011840,result_6,indicator_XM-DAC-46008-cfa011840_result_6_1,1,,,km,,1900,2022-10-20,0,
XM-DAC-46008-cfa011840,result_7,indicator_XM-DAC-46008-cfa011840_result_7_1,1,,,#,,1900,2022-10-20,0,
XM-DAC-46008-cfa011840,result_8,indicator_XM-DAC-46008-cfa011840_result_8_1,1,,,#,,1900,2022-10-20,0,
XM-DAC-46008-cfa011840,result_9,indicator_XM-DAC-46008-cfa011840_result_9_1,1,,,USD,,1900,2022-10-20,0,
XM-DAC-46008-cfa011840,result_10,indicator_XM-DAC-46008-cfa011840_result_10_1,1,,,#,,1900,2022-10-20,0,
XM-DAC-46008-cfa011840,result_11,indicator_XM-DAC-46008-cfa011840_result_11_1,1,,,#,,1900,2022-10-20,0,
XM-DAC-46008-cfa011840,result_12,indicator_XM-DAC-46008-cfa011840_result_12_1,1,,,#,,1900,2022-10-20,0,
XM-DAC-46008-cfa011840,result_13,indicator_XM-DAC-46008-cfa011840_result_13_1,1,,,#,,1900,2022-10-20,0,
XM-DAC-46008-cfa011840,result_14,indicator_XM-DAC-46008-cfa011840_result_14_1,1,,,#,,1900,2022-10-20,0,
XM-DAC-46008-cfa011840,result_15,indicator_XM-DAC-46008-cfa011840_result_15_1,1,,,MW,,1900,2022-10-20,0,
XM-DAC-46008-cfa011497,result_1,indicator_XM-DAC-46008-cfa011497_result_1_1,1,,,#,,1900,2021-06-02,0,
XM-DAC-46008-cfa011497,result_2,indicator_XM-DAC-46008-cfa011497_result_2_1,1,,,km,,1900,2021-06-02,0,
XM-DAC-46008-cfa011497,result_3,indicator_XM-DAC-46008-cfa011497_result_3_1,1,,,m2,,1900,2021-06-02,0,
XM-DAC-46008-cfa011497,result_4,indicator_XM-DAC-46008-cfa011497_result_4_1,1,,,#,,1900,2021-06-02,0,
XM-DAC-46008-cfa012375,result_1,indicator_XM-DAC-46008-cfa012375_result_1_1,1,,,km,,1900,2024-09-23,0,
XM-DAC-46008-cfa012375,result_2,indicator_XM-DAC-46008-cfa012375_result_2_1,1,,,m2,,1900,2024-09-23,0,
XM-DAC-46008-cfa012375,result_3,indicator_XM-DAC-46008-cfa012375_result_3_1,1,,,#,,1900,2024-09-23,0,
XM-DAC-46008-cfa012375,result_4,indicator_XM-DAC-46008-cfa012375_result_4_1,1,,,m2,,1900,2024-09-23,0,
XM-DAC-46008-cfa012375,result_5,indicator_XM-DAC-46008-cfa012375_result_5_1,1,,,#,,1900,2024-09-23,0,
XM-DAC-46008-cfl0000003432,result_1,indicator_XM-DAC-46008-cfl0000003432_result_1_1,1,,,#,,1900,2007-01-19,0,
XM-DAC-46008-cfl0000003432,result_2,indicator_XM-DAC-46008-cfl0000003432_result_2_1,1,,,#,,1900,2007-01-19,0,
XM-DAC-46008-cfl0000003432,result_3,indicator_XM-DAC-46008-cfl0000003432_result_3_1,1,,,#,,1900,2007-01-19,0,
XM-DAC-46008-cfl0000003533,result_1,indicator_XM-DAC-46008-cfl0000003533_result_1_1,1,,,#,,1900,2022-08-26,0,
XM-DAC-46008-cfa012251,result_1,indicator_XM-DAC-46008-cfa012251_result_1_1,1,,,#,,1900,2024-03-21,0,
XM-DAC-46008-cfa012251,result_2,indicator_XM-DAC-46008-cfa012251_result_2_1,1,,,#,,1900,2024-03-21,0,
XM-DAC-46008-cfa012251,result_3,indicator_XM-DAC-46008-cfa012251_result_3_1,1,,,#,,1900,2024-03-21,0,
XM-DAC-46008-cfa012251,result_4,indicator_XM-DAC-46008-cfa012251_result_4_1,1,,,m3/año,,1900,2024-03-21,0,
XM-DAC-46008-cfa012251,result_5,indicator_XM-DAC-46008-cfa012251_result_5_1,1,,,#,,1900,2024-03-21,0,
XM-DAC-46008-cfa012251,result_6,indicator_XM-DAC-46008-cfa012251_result_6_1,1,,,km,,1900,2024-03-21,0,
XM-DAC-46008-cfa012251,result_7,indicator_XM-DAC-46008-cfa012251_result_7_1,1,,,#,,1900,2024-03-21,0,
XM-DAC-46008-cfa012251,result_8,indicator_XM-DAC-46008-cfa012251_result_8_1,1,,,#,,1900,2024-03-21,0,
XM-DAC-46008-cfa012251,result_9,indicator_XM-DAC-46008-cfa012251_result_9_1,1,,,#,,1900,2024-03-21,0,
XM-DAC-46008-cfa012251,result_10,indicator_XM-DAC-46008-cfa012251_result_10_1,1,,,km,,1900,2024-03-21,0,
XM-DAC-46008-cfa012048,result_1,indicator_XM-DAC-46008-cfa012048_result_1_1,1,,,km,,1900,2023-07-06,0,
XM-DAC-46008-cfa012048,result_2,indicator_XM-DAC-46008-cfa012048_result_2_1,1,,,#,,1900,2023-07-06,0,
XM-DAC-46008-cfa012048,result_3,indicator_XM-DAC-46008-cfa012048_result_3_1,1,,,km,,1900,2023-07-06,0,
XM-DAC-46008-cfa012048,result_4,indicator_XM-DAC-46008-cfa012048_result_4_1,1,,,#,,1900,2023-07-06,0,
XM-DAC-46008-cfa012150,result_1,indicator_XM-DAC-46008-cfa012150_result_1_1,1,,,#,,1900,2023-10-20,0,
XM-DAC-46008-cfa012150,result_2,indicator_XM-DAC-46008-cfa012150_result_2_1,1,,,#,,1900,2023-10-20,0,
XM-DAC-46008-cfa012150,result_3,indicator_XM-DAC-46008-cfa012150_result_3_1,1,,,#,,1900,2023-10-20,0,
XM-DAC-46008-cfa012150,result_4,indicator_XM-DAC-46008-cfa012150_result_4_1,1,,,hectáreas,,1900,2023-10-20,0,
XM-DAC-46008-cfa012135,result_1,indicator_XM-DAC-46008-cfa012135_result_1_1,1,,,km,,1900,2023-09-29,0,
XM-DAC-46008-cfa012135,result_2,indicator_XM-DAC-46008-cfa012135_result_2_1,1,,,#,,1900,2023-09-29,0,
XM-DAC-46008-cfa012135,result_3,indicator_XM-DAC-46008-cfa012135_result_3_1,1,,,#,,1900,2023-09-29,0,
XM-DAC-46008-cfa012135,result_4,indicator_XM-DAC-46008-cfa012135_result_4_1,1,,,km,,1900,2023-09-29,0,
XM-DAC-46008-cfa012135,result_5,indicator_XM-DAC-46008-cfa012135_result_5_1,1,,,m2,,1900,2023-09-29,0,
XM-DAC-46008-cfa012135,result_6,indicator_XM-DAC-46008-cfa012135_result_6_1,1,,,#,,1900,2023-09-29,0,
XM-DAC-46008-cfa012135,result_7,indicator_XM-DAC-46008-cfa012135_result_7_1,2,,,% cambio,,1900,2023-09-29,0,
XM-DAC-46008-cfl0000003686,result_1,indicator_XM-DAC-46008-cfl0000003686_result_1_1,1,,,#,,1900,2023-08-01,0,
XM-DAC-46008-cfa012200,result_1,indicator_XM-DAC-46008-cfa012200_result_1_1,1,,,m2,,1900,2023-12-20,0,
XM-DAC-46008-cfa012200,result_2,indicator_XM-DAC-46008-cfa012200_result_2_1,1,,,#,,1900,2023-12-20,0,
XM-DAC-46008-cfa012200,result_3,indicator_XM-DAC-46008-cfa012200_result_3_1,1,,,m2,,1900,2023-12-20,0,
XM-DAC-46008-cfa012200,result_4,indicator_XM-DAC-46008-cfa012200_result_4_1,1,,,minutos,,1900,2023-12-20,0,
XM-DAC-46008-cfa012200,result_5,indicator_XM-DAC-46008-cfa012200_result_5_1,1,,,#,,1900,2023-12-20,0,
XM-DAC-46008-cfa012200,result_6,indicator_XM-DAC-46008-cfa012200_result_6_1,1,,,#,,1900,2023-12-20,0,
XM-DAC-46008-cfa012200,result_7,indicator_XM-DAC-46008-cfa012200_result_7_1,1,,,km,,1900,2023-12-20,0,
XM-DAC-46008-cfa010989,result_1,indicator_XM-DAC-46008-cfa010989_result_1_1,1,,,#,,1900,2019-11-18,0,
XM-DAC-46008-cfa010989,result_2,indicator_XM-DAC-46008-cfa010989_result_2_1,1,,,#,,1900,2019-11-18,0,
XM-DAC-46008-cfa010989,result_3,indicator_XM-DAC-46008-cfa010989_result_3_1,1,,,#,,1900,2019-11-18,0,
XM-DAC-46008-cfa010989,result_4,indicator_XM-DAC-46008-cfa010989_result_4_1,1,,,#,,1900,2019-11-18,0,
XM-DAC-46008-cfa011299,result_1,indicator_XM-DAC-46008-cfa011299_result_1_1,1,,,#,,1900,2020-09-10,0,
XM-DAC-46008-cfa011299,result_2,indicator_XM-DAC-46008-cfa011299_result_2_1,1,,,km,,1900,2020-09-10,0,
XM-DAC-46008-cfa011299,result_3,indicator_XM-DAC-46008-cfa011299_result_3_1,1,,,minutos,,1900,2020-09-10,0,
XM-DAC-46008-cfa011299,result_4,indicator_XM-DAC-46008-cfa011299_result_4_1,1,,,#,,1900,2020-09-10,0,
XM-DAC-46008-cfa011779,result_1,indicator_XM-DAC-46008-cfa011779_result_1_1,1,,,#,,1900,2022-08-19,0,
XM-DAC-46008-cfa011779,result_2,indicator_XM-DAC-46008-cfa011779_result_2_1,1,,,km,,1900,2022-08-19,0,
XM-DAC-46008-cfa011779,result_3,indicator_XM-DAC-46008-cfa011779_result_3_1,1,,,#,,1900,2022-08-19,0,
XM-DAC-46008-cfa011779,result_4,indicator_XM-DAC-46008-cfa011779_result_4_1,1,,,#,,1900,2022-08-19,0,
XM-DAC-46008-cfa011779,result_5,indicator_XM-DAC-46008-cfa011779_result_5_1,1,,,km,,1900,2022-08-19,0,
XM-DAC-46008-cfa011779,result_6,indicator_XM-DAC-46008-cfa011779_result_6_1,1,,,#,,1900,2022-08-19,0,
XM-DAC-46008-cfa012147,result_1,indicator_XM-DAC-46008-cfa012147_result_1_1,1,,,#,,1900,2023-10-24,0,
XM-DAC-46008-cfa012147,result_2,indicator_XM-DAC-46008-cfa012147_result_2_1,1,,,km,,1900,2023-10-24,0,
XM-DAC-46008-cfa012147,result_3,indicator_XM-DAC-46008-cfa012147_result_3_1,1,,,#,,1900,2023-10-24,0,
XM-DAC-46008-cfa012360,result_1,indicator_XM-DAC-46008-cfa012360_result_1_1,1,,,m2,,1900,2024-09-17,0,
XM-DAC-46008-cfa012360,result_2,indicator_XM-DAC-46008-cfa012360_result_2_1,1,,,#,,1900,2024-09-17,0,
XM-DAC-46008-cfa010867,result_1,indicator_XM-DAC-46008-cfa010867_result_1_1,1,,,#,,1900,2019-08-13,0,
XM-DAC-46008-cfa011860,result_1,indicator_XM-DAC-46008-cfa011860_result_1_1,1,,,#,,1900,2022-11-15,0,
XM-DAC-46008-cfa011860,result_2,indicator_XM-DAC-46008-cfa011860_result_2_1,1,,,#,,1900,2022-11-15,0,
XM-DAC-46008-cfa011860,result_3,indicator_XM-DAC-46008-cfa011860_result_3_1,1,,,#,,1900,2022-11-15,0,
XM-DAC-46008-cfa011860,result_4,indicator_XM-DAC-46008-cfa011860_result_4_1,1,,,#,,1900,2022-11-15,0,
XM-DAC-46008-cfa011860,result_5,indicator_XM-DAC-46008-cfa011860_result_5_1,1,,,#,,1900,2022-11-15,0,
XM-DAC-46008-cfa011860,result_6,indicator_XM-DAC-46008-cfa011860_result_6_1,1,,,#,,1900,2022-11-15,0,
XM-DAC-46008-cfa011860,result_7,indicator_XM-DAC-46008-cfa011860_result_7_1,1,,,#,,1900,2022-11-15,0,
XM-DAC-46008-cfa011860,result_8,indicator_XM-DAC-46008-cfa011860_result_8_1,1,,,Km,,1900,2022-11-15,0,
XM-DAC-46008-cfa011860,result_9,indicator_XM-DAC-46008-cfa011860_result_9_1,1,,,m2,,1900,2022-11-15,0,
XM-DAC-46008-cfa011860,result_10,indicator_XM-DAC-46008-cfa011860_result_10_1,1,,,# de vehículos/año,,1900,2022-11-15,0,
XM-DAC-46008-cfa011815,result_1,indicator_XM-DAC-46008-cfa011815_result_1_1,1,,,#,,1900,2022-09-15,0,
XM-DAC-46008-cfa011815,result_2,indicator_XM-DAC-46008-cfa011815_result_2_1,1,,,ton,,1900,2022-09-15,0,
XM-DAC-46008-cfa011783,result_1,indicator_XM-DAC-46008-cfa011783_result_1_1,1,,,#,,1900,2022-08-19,0,
XM-DAC-46008-cfa011783,result_2,indicator_XM-DAC-46008-cfa011783_result_2_1,1,,,#,,1900,2022-08-19,0,
XM-DAC-46008-cfa012474,result_1,indicator_XM-DAC-46008-cfa012474_result_1_1,1,,,#,,1900,2024-12-04,0,
XM-DAC-46008-cfa012474,result_2,indicator_XM-DAC-46008-cfa012474_result_2_1,1,,,#,,1900,2024-12-04,0,
XM-DAC-46008-cfa012474,result_3,indicator_XM-DAC-46008-cfa012474_result_3_1,1,,,m3/año,,1900,2024-12-04,0,
XM-DAC-46008-cfa012474,result_4,indicator_XM-DAC-46008-cfa012474_result_4_1,1,,,#,,1900,2024-12-04,0,
XM-DAC-46008-cfa011686,result_1,indicator_XM-DAC-46008-cfa011686_result_1_1,1,,,#,,1900,2022-02-10,0,
XM-DAC-46008-cfa011686,result_2,indicator_XM-DAC-46008-cfa011686_result_2_1,1,,,#,,1900,2022-02-10,0,
XM-DAC-46008-cfa011686,result_3,indicator_XM-DAC-46008-cfa011686_result_3_1,1,,,#,,1900,2022-02-10,0,
XM-DAC-46008-cfa011686,result_4,indicator_XM-DAC-46008-cfa011686_result_4_1,1,,,km,,1900,2022-02-10,0,
XM-DAC-46008-cfa011686,result_5,indicator_XM-DAC-46008-cfa011686_result_5_1,1,,,#,,1900,2022-02-10,0,
XM-DAC-46008-cfa010726,result_1,indicator_XM-DAC-46008-cfa010726_result_1_1,1,,,Km,,1900,2019-03-20,0,
XM-DAC-46008-cfa010726,result_2,indicator_XM-DAC-46008-cfa010726_result_2_1,1,,,# de vehículos/año,,1900,2019-03-20,0,
XM-DAC-46008-cfa012330,result_1,indicator_XM-DAC-46008-cfa012330_result_1_1,1,,,#,,1900,2024-08-08,0,
XM-DAC-46008-cfa012330,result_2,indicator_XM-DAC-46008-cfa012330_result_2_1,1,,,km,,1900,2024-08-08,0,
XM-DAC-46008-cfa012330,result_3,indicator_XM-DAC-46008-cfa012330_result_3_1,1,,,m2,,1900,2024-08-08,0,
XM-DAC-46008-cfa012330,result_4,indicator_XM-DAC-46008-cfa012330_result_4_1,1,,,#,,1900,2024-08-08,0,
XM-DAC-46008-cfa012330,result_5,indicator_XM-DAC-46008-cfa012330_result_5_1,1,,,km,,1900,2024-08-08,0,
XM-DAC-46008-cfa012330,result_6,indicator_XM-DAC-46008-cfa012330_result_6_1,1,,,km,,1900,2024-08-08,0,
XM-DAC-46008-cfa011792,result_1,indicator_XM-DAC-46008-cfa011792_result_1_1,1,,,#,,1900,2022-08-23,0,
XM-DAC-46008-cfa011792,result_2,indicator_XM-DAC-46008-cfa011792_result_2_1,1,,,#,,1900,2022-08-23,0,
XM-DAC-46008-cfa011792,result_3,indicator_XM-DAC-46008-cfa011792_result_3_1,1,,,#,,1900,2022-08-23,0,
XM-DAC-46008-cfa011792,result_4,indicator_XM-DAC-46008-cfa011792_result_4_1,1,,,#,,1900,2022-08-23,0,
XM-DAC-46008-cfa011792,result_5,indicator_XM-DAC-46008-cfa011792_result_5_1,1,,,#,,1900,2022-08-23,0,
XM-DAC-46008-cfa011792,result_6,indicator_XM-DAC-46008-cfa011792_result_6_1,1,,,km,,1900,2022-08-23,0,
XM-DAC-46008-cfa011792,result_7,indicator_XM-DAC-46008-cfa011792_result_7_1,1,,,m3/año,,1900,2022-08-23,0,
XM-DAC-46008-cfa011792,result_8,indicator_XM-DAC-46008-cfa011792_result_8_1,1,,,m2,,1900,2022-08-23,0,
XM-DAC-46008-cfa011792,result_9,indicator_XM-DAC-46008-cfa011792_result_9_1,1,,,#,,1900,2022-08-23,0,
XM-DAC-46008-cfa011792,result_10,indicator_XM-DAC-46008-cfa011792_result_10_1,1,,,#,,1900,2022-08-23,0,
XM-DAC-46008-cfl0000003213,result_1,indicator_XM-DAC-46008-cfl0000003213_result_1_1,1,,,#,,1900,2020-08-27,0,
XM-DAC-46008-cfl0000003213,result_2,indicator_XM-DAC-46008-cfl0000003213_result_2_1,1,,,#,,1900,2020-08-27,0,
XM-DAC-46008-cfa011553,result_1,indicator_XM-DAC-46008-cfa011553_result_1_1,1,,,#,,1900,2021-09-06,0,
XM-DAC-46008-cfa011553,result_2,indicator_XM-DAC-46008-cfa011553_result_2_1,1,,,#,,1900,2021-09-06,0,
XM-DAC-46008-cfa011553,result_3,indicator_XM-DAC-46008-cfa011553_result_3_1,1,,,ton,,1900,2021-09-06,0,
XM-DAC-46008-cfa011553,result_4,indicator_XM-DAC-46008-cfa011553_result_4_1,1,,,#,,1900,2021-09-06,0,
XM-DAC-46008-cfa011553,result_5,indicator_XM-DAC-46008-cfa011553_result_5_1,1,,,#,,1900,2021-09-06,0,
XM-DAC-46008-cfa011553,result_6,indicator_XM-DAC-46008-cfa011553_result_6_1,1,,,#,,1900,2021-09-06,0,
XM-DAC-46008-cfa011553,result_7,indicator_XM-DAC-46008-cfa011553_result_7_1,1,,,km,,1900,2021-09-06,0,
XM-DAC-46008-cfa011553,result_8,indicator_XM-DAC-46008-cfa011553_result_8_1,1,,,m2,,1900,2021-09-06,0,
XM-DAC-46008-cfa011553,result_9,indicator_XM-DAC-46008-cfa011553_result_9_1,1,,,m3/año,,1900,2021-09-06,0,
XM-DAC-46008-cfa011553,result_10,indicator_XM-DAC-46008-cfa011553_result_10_1,1,,,#,,1900,2021-09-06,0,
XM-DAC-46008-cfa011553,result_11,indicator_XM-DAC-46008-cfa011553_result_11_1,1,,,#,,1900,2021-09-06,0,
XM-DAC-46008-cfa011553,result_12,indicator_XM-DAC-46008-cfa011553_result_12_1,1,,,#,,1900,2021-09-06,0,
XM-DAC-46008-cfa011553,result_13,indicator_XM-DAC-46008-cfa011553_result_13_1,1,,,km,,1900,2021-09-06,0,
XM-DAC-46008-cfa011553,result_14,indicator_XM-DAC-46008-cfa011553_result_14_1,1,,,#,,1900,2021-09-06,0,
XM-DAC-46008-cfa011553,result_15,indicator_XM-DAC-46008-cfa011553_result_15_1,1,,,#,,1900,2021-09-06,0,
XM-DAC-46008-cfa011016,result_1,indicator_XM-DAC-46008-cfa011016_result_1_1,1,,,#,,1900,2019-11-13,0,
XM-DAC-46008-cfa011016,result_2,indicator_XM-DAC-46008-cfa011016_result_2_1,1,,,Km,,1900,2019-11-13,0,
XM-DAC-46008-cfa011691,result_1,indicator_XM-DAC-46008-cfa011691_result_1_1,1,,,minutos,,1900,2022-03-17,0,
XM-DAC-46008-cfa011691,result_2,indicator_XM-DAC-46008-cfa011691_result_2_1,1,,,Km,,1900,2022-03-17,0,
XM-DAC-46008-cfa011691,result_3,indicator_XM-DAC-46008-cfa011691_result_3_1,1,,,# de vehículos/año,,1900,2022-03-17,0,
XM-DAC-46008-cfa012332,result_1,indicator_XM-DAC-46008-cfa012332_result_1_1,1,,,minutos,,1900,2024-08-01,0,
XM-DAC-46008-cfa012332,result_2,indicator_XM-DAC-46008-cfa012332_result_2_1,1,,,USD,,1900,2024-08-01,0,
XM-DAC-46008-cfa012332,result_3,indicator_XM-DAC-46008-cfa012332_result_3_1,1,,,#,,1900,2024-08-01,0,
XM-DAC-46008-cfa012332,result_4,indicator_XM-DAC-46008-cfa012332_result_4_1,1,,,#,,1900,2024-08-01,0,
XM-DAC-46008-cfa012332,result_5,indicator_XM-DAC-46008-cfa012332_result_5_1,1,,,#,,1900,2024-08-01,0,
XM-DAC-46008-cfa012332,result_6,indicator_XM-DAC-46008-cfa012332_result_6_1,1,,,Km,,1900,2024-08-01,0,
XM-DAC-46008-cfa012332,result_7,indicator_XM-DAC-46008-cfa012332_result_7_1,1,,,# de vehículos/año,,1900,2024-08-01,0,
XM-DAC-46008-cfa012332,result_8,indicator_XM-DAC-46008-cfa012332_result_8_1,1,,,#,,1900,2024-08-01,0,
XM-DAC-46008-cfa012332,result_9,indicator_XM-DAC-46008-cfa012332_result_9_1,1,,,hectáreas,,1900,2024-08-01,0,
XM-DAC-46008-cfa012332,result_10,indicator_XM-DAC-46008-cfa012332_result_10_1,2,,,% cambio,,1900,2024-08-01,0,
XM-DAC-46008-cfa012054,result_1,indicator_XM-DAC-46008-cfa012054_result_1_1,1,,,km,,1900,2023-07-10,0,
XM-DAC-46008-cfa012054,result_2,indicator_XM-DAC-46008-cfa012054_result_2_1,1,,,#,,1900,2023-07-10,0,
XM-DAC-46008-cfa012054,result_3,indicator_XM-DAC-46008-cfa012054_result_3_1,1,,,#,,1900,2023-07-10,0,
XM-DAC-46008-cfa012054,result_4,indicator_XM-DAC-46008-cfa012054_result_4_1,1,,,#,,1900,2023-07-10,0,
XM-DAC-46008-cfa012253,result_1,indicator_XM-DAC-46008-cfa012253_result_1_1,1,,,#,,1900,2024-03-21,0,
XM-DAC-46008-cfa012253,result_2,indicator_XM-DAC-46008-cfa012253_result_2_1,1,,,m2,,1900,2024-03-21,0,
XM-DAC-46008-cfa012253,result_3,indicator_XM-DAC-46008-cfa012253_result_3_1,1,,,#,,1900,2024-03-21,0,
XM-DAC-46008-cfa012565,result_1,indicator_XM-DAC-46008-cfa012565_result_1_1,1,,,km,,1900,2025-03-14,0,
XM-DAC-46008-cfa012565,result_2,indicator_XM-DAC-46008-cfa012565_result_2_1,1,,,minutos,,1900,2025-03-14,0,
XM-DAC-46008-cfa012565,result_3,indicator_XM-DAC-46008-cfa012565_result_3_1,1,,,#,,1900,2025-03-14,0,
XM-DAC-46008-cfa012565,result_4,indicator_XM-DAC-46008-cfa012565_result_4_1,1,,,#,,1900,2025-03-14,0,
XM-DAC-46008-cfa011985,result_1,indicator_XM-DAC-46008-cfa011985_result_1_1,1,,,#,,1900,2023-04-27,0,
XM-DAC-46008-cfa011985,result_2,indicator_XM-DAC-46008-cfa011985_result_2_1,1,,,#,,1900,2023-04-27,0,
XM-DAC-46008-cfa012430,result_1,indicator_XM-DAC-46008-cfa012430_result_1_1,1,,,#,,1900,2024-09-16,0,
XM-DAC-46008-cfa012430,result_2,indicator_XM-DAC-46008-cfa012430_result_2_1,1,,,#,,1900,2024-09-16,0,
XM-DAC-46008-cfa012327,result_1,indicator_XM-DAC-46008-cfa012327_result_1_1,1,,,minutos,,1900,2024-07-31,0,
XM-DAC-46008-cfa012327,result_2,indicator_XM-DAC-46008-cfa012327_result_2_1,1,,,km,,1900,2024-07-31,0,
XM-DAC-46008-cfa012327,result_3,indicator_XM-DAC-46008-cfa012327_result_3_1,1,,,#,,1900,2024-07-31,0,
XM-DAC-46008-cfa012327,result_4,indicator_XM-DAC-46008-cfa012327_result_4_1,1,,,#,,1900,2024-07-31,0,
XM-DAC-46008-cfa012327,result_5,indicator_XM-DAC-46008-cfa012327_result_5_1,1,,,km,,1900,2024-07-31,0,
XM-DAC-46008-cfa012327,result_6,indicator_XM-DAC-46008-cfa012327_result_6_1,1,,,USD,,1900,2024-07-31,0,
XM-DAC-46008-cfa012327,result_7,indicator_XM-DAC-46008-cfa012327_result_7_1,1,,,km,,1900,2024-07-31,0,
XM-DAC-46008-cfa012327,result_8,indicator_XM-DAC-46008-cfa012327_result_8_1,1,,,#,,1900,2024-07-31,0,
XM-DAC-46008-cfa012327,result_9,indicator_XM-DAC-46008-cfa012327_result_9_1,1,,,m2,,1900,2024-07-31,0,
XM-DAC-46008-cfa012327,result_10,indicator_XM-DAC-46008-cfa012327_result_10_1,1,,,#,,1900,2024-07-31,0,
XM-DAC-46008-cfa012327,result_11,indicator_XM-DAC-46008-cfa012327_result_11_1,2,,,% cambio,,1900,2024-07-31,0,
XM-DAC-46008-cfa011663,result_1,indicator_XM-DAC-46008-cfa011663_result_1_1,1,,,km,,1900,2021-12-22,0,
XM-DAC-46008-cfa011663,result_2,indicator_XM-DAC-46008-cfa011663_result_2_1,1,,,#,,1900,2021-12-22,0,
XM-DAC-46008-cfa011663,result_3,indicator_XM-DAC-46008-cfa011663_result_3_1,1,,,#,,1900,2021-12-22,0,
XM-DAC-46008-cfa011904,result_1,indicator_XM-DAC-46008-cfa011904_result_1_1,1,,,km,,1900,2022-12-23,0,
XM-DAC-46008-cfa011904,result_2,indicator_XM-DAC-46008-cfa011904_result_2_1,1,,,#,,1900,2022-12-23,0,
XM-DAC-46008-cfa011904,result_3,indicator_XM-DAC-46008-cfa011904_result_3_1,1,,,km,,1900,2022-12-23,0,
XM-DAC-46008-cfa011904,result_4,indicator_XM-DAC-46008-cfa011904_result_4_1,1,,,minutos,,1900,2022-12-23,0,
XM-DAC-46008-cfa011904,result_5,indicator_XM-DAC-46008-cfa011904_result_5_1,1,,,#,,1900,2022-12-23,0,
XM-DAC-46008-cfa011904,result_6,indicator_XM-DAC-46008-cfa011904_result_6_1,1,,,#,,1900,2022-12-23,0,
XM-DAC-46008-cfa012629,result_1,indicator_XM-DAC-46008-cfa012629_result_1_1,1,,,#,,1900,2025-05-30,0,
XM-DAC-46008-cfa012629,result_2,indicator_XM-DAC-46008-cfa012629_result_2_1,1,,,#,,1900,2025-05-30,0,
XM-DAC-46008-cfa012629,result_3,indicator_XM-DAC-46008-cfa012629_result_3_1,1,,,#,,1900,2025-05-30,0,
XM-DAC-46008-cfa012629,result_4,indicator_XM-DAC-46008-cfa012629_result_4_1,1,,,#,,1900,2025-05-30,0,
XM-DAC-46008-cfa012629,result_5,indicator_XM-DAC-46008-cfa012629_result_5_1,1,,,#,,1900,2025-05-30,0,
XM-DAC-46008-cfa012629,result_6,indicator_XM-DAC-46008-cfa012629_result_6_1,1,,,#,,1900,2025-05-30,0,
XM-DAC-46008-cfa012629,result_7,indicator_XM-DAC-46008-cfa012629_result_7_1,1,,,#,,1900,2025-05-30,0,
XM-DAC-46008-cfa012629,result_8,indicator_XM-DAC-46008-cfa012629_result_8_1,1,,,#,,1900,2025-05-30,0,
XM-DAC-46008-cfa012629,result_9,indicator_XM-DAC-46008-cfa012629_result_9_1,1,,,km,,1900,2025-05-30,0,
XM-DAC-46008-cfa012629,result_10,indicator_XM-DAC-46008-cfa012629_result_10_1,1,,,km,,1900,2025-05-30,0,
XM-DAC-46008-cfl0000003786,result_1,indicator_XM-DAC-46008-cfl0000003786_result_1_1,1,,,#,,1900,2024-01-09,0,
XM-DAC-46008-cfl0000003786,result_2,indicator_XM-DAC-46008-cfl0000003786_result_2_1,1,,,#,,1900,2024-01-09,0,
XM-DAC-46008-cfa011724,result_1,indicator_XM-DAC-46008-cfa011724_result_1_1,1,,,km,,1900,2022-05-18,0,
XM-DAC-46008-cfa011724,result_2,indicator_XM-DAC-46008-cfa011724_result_2_1,1,,,#,,1900,2022-05-18,0,
XM-DAC-46008-cfa011724,result_3,indicator_XM-DAC-46008-cfa011724_result_3_1,1,,,km,,1900,2022-05-18,0,
XM-DAC-46008-cfa011724,result_4,indicator_XM-DAC-46008-cfa011724_result_4_1,1,,,#,,1900,2022-05-18,0,
XM-DAC-46008-cfa011724,result_5,indicator_XM-DAC-46008-cfa011724_result_5_1,1,,,#,,1900,2022-05-18,0,
