activity_identifier,url,format,title,description,category_code,language_code,document_date
XM-DAC-928-AR-2016-17-01.001.AM01.ARG01,http://iris.paho.org/xmlui/bitstream/handle/123456789/3604/2012-ARG-estrategia-cooperacion-argentina.pdf,application/pdf,Country Cooperation Strategy Argentina (2012-2016),,B03,es,
XM-DAC-928-AR-2016-17-01.001.AM01.ARG01,http://open.who.int/2016-17/country-programme/ARG/01.001,text/html,Budget,,A05,en,
XM-DAC-928-AR-2016-17-01.001.AM01.ARG02,http://iris.paho.org/xmlui/bitstream/handle/123456789/3604/2012-ARG-estrategia-cooperacion-argentina.pdf,application/pdf,Country Cooperation Strategy Argentina (2012-2016),,B03,es,
XM-DAC-928-AR-2016-17-01.001.AM01.ARG02,http://open.who.int/2016-17/country-programme/ARG/01.001,text/html,Budget,,A05,en,
XM-DAC-928-AR-2016-17-01.002.AM01.ARG01,http://iris.paho.org/xmlui/bitstream/handle/123456789/3604/2012-ARG-estrategia-cooperacion-argentina.pdf,application/pdf,Country Cooperation Strategy Argentina (2012-2016),,B03,es,
XM-DAC-928-AR-2016-17-01.002.AM01.ARG01,http://open.who.int/2016-17/country-programme/ARG/01.002,text/html,Budget,,A05,en,
XM-DAC-928-AR-2016-17-01.003.AM01.ARG01,http://iris.paho.org/xmlui/bitstream/handle/123456789/3604/2012-ARG-estrategia-cooperacion-argentina.pdf,application/pdf,Country Cooperation Strategy Argentina (2012-2016),,B03,es,
XM-DAC-928-AR-2016-17-01.003.AM01.ARG01,http://open.who.int/2016-17/country-programme/ARG/01.003,text/html,Budget,,A05,en,
XM-DAC-928-AR-2016-17-01.004.AM01.ARG01,http://iris.paho.org/xmlui/bitstream/handle/123456789/3604/2012-ARG-estrategia-cooperacion-argentina.pdf,application/pdf,Country Cooperation Strategy Argentina (2012-2016),,B03,es,
XM-DAC-928-AR-2016-17-01.004.AM01.ARG01,http://open.who.int/2016-17/country-programme/ARG/01.004,text/html,Budget,,A05,en,
XM-DAC-928-AR-2016-17-01.005.AM01.ARG01,http://iris.paho.org/xmlui/bitstream/handle/123456789/3604/2012-ARG-estrategia-cooperacion-argentina.pdf,application/pdf,Country Cooperation Strategy Argentina (2012-2016),,B03,es,
XM-DAC-928-AR-2016-17-01.005.AM01.ARG01,http://open.who.int/2016-17/country-programme/ARG/01.005,text/html,Budget,,A05,en,
XM-DAC-928-AR-2016-17-02.001.AM01.ARG01,http://iris.paho.org/xmlui/bitstream/handle/123456789/3604/2012-ARG-estrategia-cooperacion-argentina.pdf,application/pdf,Country Cooperation Strategy Argentina (2012-2016),,B03,es,
XM-DAC-928-AR-2016-17-02.001.AM01.ARG01,http://open.who.int/2016-17/country-programme/ARG/02.001,text/html,Budget,,A05,en,
XM-DAC-928-AR-2016-17-02.002.AM01.ARG02,http://iris.paho.org/xmlui/bitstream/handle/123456789/3604/2012-ARG-estrategia-cooperacion-argentina.pdf,application/pdf,Country Cooperation Strategy Argentina (2012-2016),,B03,es,
XM-DAC-928-AR-2016-17-02.002.AM01.ARG02,http://open.who.int/2016-17/country-programme/ARG/02.002,text/html,Budget,,A05,en,
XM-DAC-928-AR-2016-17-03.001.AM01.ARG01,http://iris.paho.org/xmlui/bitstream/handle/123456789/3604/2012-ARG-estrategia-cooperacion-argentina.pdf,application/pdf,Country Cooperation Strategy Argentina (2012-2016),,B03,es,
XM-DAC-928-AR-2016-17-03.001.AM01.ARG01,http://open.who.int/2016-17/country-programme/ARG/03.001,text/html,Budget,,A05,en,
XM-DAC-928-AR-2016-17-03.003.AM01.ARG01,http://iris.paho.org/xmlui/bitstream/handle/123456789/3604/2012-ARG-estrategia-cooperacion-argentina.pdf,application/pdf,Country Cooperation Strategy Argentina (2012-2016),,B03,es,
XM-DAC-928-AR-2016-17-03.003.AM01.ARG01,http://open.who.int/2016-17/country-programme/ARG/03.003,text/html,Budget,,A05,en,
XM-DAC-928-AR-2016-17-03.004.AM01.ARG01,http://iris.paho.org/xmlui/bitstream/handle/123456789/3604/2012-ARG-estrategia-cooperacion-argentina.pdf,application/pdf,Country Cooperation Strategy Argentina (2012-2016),,B03,es,
XM-DAC-928-AR-2016-17-03.004.AM01.ARG01,http://open.who.int/2016-17/country-programme/ARG/03.004,text/html,Budget,,A05,en,
XM-DAC-928-AR-2016-17-03.005.AM01.ARG02,http://iris.paho.org/xmlui/bitstream/handle/123456789/3604/2012-ARG-estrategia-cooperacion-argentina.pdf,application/pdf,Country Cooperation Strategy Argentina (2012-2016),,B03,es,
XM-DAC-928-AR-2016-17-03.005.AM01.ARG02,http://open.who.int/2016-17/country-programme/ARG/03.005,text/html,Budget,,A05,en,
XM-DAC-928-AR-2016-17-04.001.AM01.ARG01,http://iris.paho.org/xmlui/bitstream/handle/123456789/3604/2012-ARG-estrategia-cooperacion-argentina.pdf,application/pdf,Country Cooperation Strategy Argentina (2012-2016),,B03,es,
XM-DAC-928-AR-2016-17-04.001.AM01.ARG01,http://open.who.int/2016-17/country-programme/ARG/04.001,text/html,Budget,,A05,en,
XM-DAC-928-AR-2016-17-04.002.AM01.ARG02,http://iris.paho.org/xmlui/bitstream/handle/123456789/3604/2012-ARG-estrategia-cooperacion-argentina.pdf,application/pdf,Country Cooperation Strategy Argentina (2012-2016),,B03,es,
XM-DAC-928-AR-2016-17-04.002.AM01.ARG02,http://open.who.int/2016-17/country-programme/ARG/04.002,text/html,Budget,,A05,en,
XM-DAC-928-AR-2016-17-04.003.AM01.ARG01,http://iris.paho.org/xmlui/bitstream/handle/123456789/3604/2012-ARG-estrategia-cooperacion-argentina.pdf,application/pdf,Country Cooperation Strategy Argentina (2012-2016),,B03,es,
XM-DAC-928-AR-2016-17-04.003.AM01.ARG01,http://open.who.int/2016-17/country-programme/ARG/04.003,text/html,Budget,,A05,en,
XM-DAC-928-AR-2016-17-04.004.AM01.ARG02,http://iris.paho.org/xmlui/bitstream/handle/123456789/3604/2012-ARG-estrategia-cooperacion-argentina.pdf,application/pdf,Country Cooperation Strategy Argentina (2012-2016),,B03,es,
XM-DAC-928-AR-2016-17-04.004.AM01.ARG02,http://open.who.int/2016-17/country-programme/ARG/04.004,text/html,Budget,,A05,en,
XM-DAC-928-AR-2016-17-04.004.AM01.ARG03,http://iris.paho.org/xmlui/bitstream/handle/123456789/3604/2012-ARG-estrategia-cooperacion-argentina.pdf,application/pdf,Country Cooperation Strategy Argentina (2012-2016),,B03,es,
XM-DAC-928-AR-2016-17-04.004.AM01.ARG03,http://open.who.int/2016-17/country-programme/ARG/04.004,text/html,Budget,,A05,en,
XM-DAC-928-AR-2016-17-05.005.AM01.ARG04,http://iris.paho.org/xmlui/bitstream/handle/123456789/3604/2012-ARG-estrategia-cooperacion-argentina.pdf,application/pdf,Country Cooperation Strategy Argentina (2012-2016),,B03,es,
XM-DAC-928-AR-2016-17-05.005.AM01.ARG04,http://open.who.int/2016-17/country-programme/ARG/05.005,text/html,Budget,,A05,en,
XM-DAC-928-AR-2016-17-06.001.AM01.ARG01,http://iris.paho.org/xmlui/bitstream/handle/123456789/3604/2012-ARG-estrategia-cooperacion-argentina.pdf,application/pdf,Country Cooperation Strategy Argentina (2012-2016),,B03,es,
XM-DAC-928-AR-2016-17-06.001.AM01.ARG01,http://open.who.int/2016-17/country-programme/ARG/06.001,text/html,Budget,,A05,en,
XM-DAC-928-AR-2016-17-06.001.AM01.ARG02,http://iris.paho.org/xmlui/bitstream/handle/123456789/3604/2012-ARG-estrategia-cooperacion-argentina.pdf,application/pdf,Country Cooperation Strategy Argentina (2012-2016),,B03,es,
XM-DAC-928-AR-2016-17-06.001.AM01.ARG02,http://open.who.int/2016-17/country-programme/ARG/06.001,text/html,Budget,,A05,en,
XM-DAC-928-AR-2016-17-06.004.AM01.ARG01,http://iris.paho.org/xmlui/bitstream/handle/123456789/3604/2012-ARG-estrategia-cooperacion-argentina.pdf,application/pdf,Country Cooperation Strategy Argentina (2012-2016),,B03,es,
XM-DAC-928-AR-2016-17-06.004.AM01.ARG01,http://open.who.int/2016-17/country-programme/ARG/06.004,text/html,Budget,,A05,en,
XM-DAC-928-AR-2016-17-06.004.AM01.ARG02,http://iris.paho.org/xmlui/bitstream/handle/123456789/3604/2012-ARG-estrategia-cooperacion-argentina.pdf,application/pdf,Country Cooperation Strategy Argentina (2012-2016),,B03,es,
XM-DAC-928-AR-2016-17-06.004.AM01.ARG02,http://open.who.int/2016-17/country-programme/ARG/06.004,text/html,Budget,,A05,en,
XM-DAC-928-AR-2016-17-06.004.AM01.ARG03,http://iris.paho.org/xmlui/bitstream/handle/123456789/3604/2012-ARG-estrategia-cooperacion-argentina.pdf,application/pdf,Country Cooperation Strategy Argentina (2012-2016),,B03,es,
XM-DAC-928-AR-2016-17-06.004.AM01.ARG03,http://open.who.int/2016-17/country-programme/ARG/06.004,text/html,Budget,,A05,en,
XM-DAC-928-AR-2016-17-06.004.AM01.ARG04,http://iris.paho.org/xmlui/bitstream/handle/123456789/3604/2012-ARG-estrategia-cooperacion-argentina.pdf,application/pdf,Country Cooperation Strategy Argentina (2012-2016),,B03,es,
XM-DAC-928-AR-2016-17-06.004.AM01.ARG04,http://open.who.int/2016-17/country-programme/ARG/06.004,text/html,Budget,,A05,en,
XM-DAC-928-AR-2016-17-06.005.AM01.ARG02,http://iris.paho.org/xmlui/bitstream/handle/123456789/3604/2012-ARG-estrategia-cooperacion-argentina.pdf,application/pdf,Country Cooperation Strategy Argentina (2012-2016),,B03,es,
XM-DAC-928-AR-2016-17-06.005.AM01.ARG02,http://open.who.int/2016-17/country-programme/ARG/06.005,text/html,Budget,,A05,en,
XM-DAC-928-AR-2018-19-01.001.AM01.ARG01,http://iris.paho.org/xmlui/handle/123456789/34360,application/pdf,Country Cooperation Strategy- Argentina (2017-2021),,B03,es,
XM-DAC-928-AR-2018-19-01.001.AM01.ARG01,http://open.who.int/2018-19/country-programme/ARG/01.001,text/html,Budget,,A05,en,
XM-DAC-928-AR-2018-19-01.001.AM01.ARG02,http://iris.paho.org/xmlui/handle/123456789/34360,application/pdf,Country Cooperation Strategy- Argentina (2017-2021),,B03,es,
XM-DAC-928-AR-2018-19-01.001.AM01.ARG02,http://open.who.int/2018-19/country-programme/ARG/01.001,text/html,Budget,,A05,en,
XM-DAC-928-AR-2018-19-01.002.AM01.ARG01,http://iris.paho.org/xmlui/handle/123456789/34360,application/pdf,Country Cooperation Strategy- Argentina (2017-2021),,B03,es,
XM-DAC-928-AR-2018-19-01.002.AM01.ARG01,http://open.who.int/2018-19/country-programme/ARG/01.002,text/html,Budget,,A05,en,
XM-DAC-928-AR-2018-19-01.002.AM01.ARG02,http://iris.paho.org/xmlui/handle/123456789/34360,application/pdf,Country Cooperation Strategy- Argentina (2017-2021),,B03,es,
XM-DAC-928-AR-2018-19-01.002.AM01.ARG02,http://open.who.int/2018-19/country-programme/ARG/01.002,text/html,Budget,,A05,en,
XM-DAC-928-AR-2018-19-01.003.AM01.ARG01,http://iris.paho.org/xmlui/handle/123456789/34360,application/pdf,Country Cooperation Strategy- Argentina (2017-2021),,B03,es,
XM-DAC-928-AR-2018-19-01.003.AM01.ARG01,http://open.who.int/2018-19/country-programme/ARG/01.003,text/html,Budget,,A05,en,
XM-DAC-928-AR-2018-19-01.003.AM01.ARG02,http://iris.paho.org/xmlui/handle/123456789/34360,application/pdf,Country Cooperation Strategy- Argentina (2017-2021),,B03,es,
XM-DAC-928-AR-2018-19-01.003.AM01.ARG02,http://open.who.int/2018-19/country-programme/ARG/01.003,text/html,Budget,,A05,en,
XM-DAC-928-AR-2018-19-01.004.AM01.ARG01,http://iris.paho.org/xmlui/handle/123456789/34360,application/pdf,Country Cooperation Strategy- Argentina (2017-2021),,B03,es,
XM-DAC-928-AR-2018-19-01.004.AM01.ARG01,http://open.who.int/2018-19/country-programme/ARG/01.004,text/html,Budget,,A05,en,
XM-DAC-928-AR-2018-19-01.005.AM01.ARG02,http://iris.paho.org/xmlui/handle/123456789/34360,application/pdf,Country Cooperation Strategy- Argentina (2017-2021),,B03,es,
XM-DAC-928-AR-2018-19-01.005.AM01.ARG02,http://open.who.int/2018-19/country-programme/ARG/01.005,text/html,Budget,,A05,en,
XM-DAC-928-AR-2018-19-01.006.AM01.ARG02,http://iris.paho.org/xmlui/handle/123456789/34360,application/pdf,Country Cooperation Strategy- Argentina (2017-2021),,B03,es,
XM-DAC-928-AR-2018-19-01.006.AM01.ARG02,http://open.who.int/2018-19/country-programme/ARG/01.006,text/html,Budget,,A05,en,
XM-DAC-928-AR-2018-19-02.001.AM01.ARG01,http://iris.paho.org/xmlui/handle/123456789/34360,application/pdf,Country Cooperation Strategy- Argentina (2017-2021),,B03,es,
XM-DAC-928-AR-2018-19-02.001.AM01.ARG01,http://open.who.int/2018-19/country-programme/ARG/02.001,text/html,Budget,,A05,en,
XM-DAC-928-AR-2018-19-02.001.AM01.ARG02,http://iris.paho.org/xmlui/handle/123456789/34360,application/pdf,Country Cooperation Strategy- Argentina (2017-2021),,B03,es,
XM-DAC-928-AR-2018-19-02.001.AM01.ARG02,http://open.who.int/2018-19/country-programme/ARG/02.001,text/html,Budget,,A05,en,
XM-DAC-928-AR-2018-19-02.002.AM01.ARG02,http://iris.paho.org/xmlui/handle/123456789/34360,application/pdf,Country Cooperation Strategy- Argentina (2017-2021),,B03,es,
XM-DAC-928-AR-2018-19-02.002.AM01.ARG02,http://open.who.int/2018-19/country-programme/ARG/02.002,text/html,Budget,,A05,en,
XM-DAC-928-AR-2018-19-02.002.AM01.ARG03,http://iris.paho.org/xmlui/handle/123456789/34360,application/pdf,Country Cooperation Strategy- Argentina (2017-2021),,B03,es,
XM-DAC-928-AR-2018-19-02.002.AM01.ARG03,http://open.who.int/2018-19/country-programme/ARG/02.002,text/html,Budget,,A05,en,
XM-DAC-928-AR-2018-19-02.003.AM01.ARG01,http://iris.paho.org/xmlui/handle/123456789/34360,application/pdf,Country Cooperation Strategy- Argentina (2017-2021),,B03,es,
XM-DAC-928-AR-2018-19-02.003.AM01.ARG01,http://open.who.int/2018-19/country-programme/ARG/02.003,text/html,Budget,,A05,en,
XM-DAC-928-AR-2018-19-02.004.AM01.ARG01,http://iris.paho.org/xmlui/handle/123456789/34360,application/pdf,Country Cooperation Strategy- Argentina (2017-2021),,B03,es,
XM-DAC-928-AR-2018-19-02.004.AM01.ARG01,http://open.who.int/2018-19/country-programme/ARG/02.004,text/html,Budget,,A05,en,
XM-DAC-928-AR-2018-19-03.001.AM01.ARG04,http://iris.paho.org/xmlui/handle/123456789/34360,application/pdf,Country Cooperation Strategy- Argentina (2017-2021),,B03,es,
XM-DAC-928-AR-2018-19-03.001.AM01.ARG04,http://open.who.int/2018-19/country-programme/ARG/03.001,text/html,Budget,,A05,en,
XM-DAC-928-AR-2018-19-03.001.AM01.ARG05,http://iris.paho.org/xmlui/handle/123456789/34360,application/pdf,Country Cooperation Strategy- Argentina (2017-2021),,B03,es,
XM-DAC-928-AR-2018-19-03.001.AM01.ARG05,http://open.who.int/2018-19/country-programme/ARG/03.001,text/html,Budget,,A05,en,
XM-DAC-928-AR-2018-19-03.005.AM01.ARG01,http://iris.paho.org/xmlui/handle/123456789/34360,application/pdf,Country Cooperation Strategy- Argentina (2017-2021),,B03,es,
XM-DAC-928-AR-2018-19-03.005.AM01.ARG01,http://open.who.int/2018-19/country-programme/ARG/03.005,text/html,Budget,,A05,en,
XM-DAC-928-AR-2018-19-03.005.AM01.ARG03,http://iris.paho.org/xmlui/handle/123456789/34360,application/pdf,Country Cooperation Strategy- Argentina (2017-2021),,B03,es,
XM-DAC-928-AR-2018-19-03.005.AM01.ARG03,http://open.who.int/2018-19/country-programme/ARG/03.005,text/html,Budget,,A05,en,
XM-DAC-928-AR-2018-19-03.006.AM01.ARG01,http://iris.paho.org/xmlui/handle/123456789/34360,application/pdf,Country Cooperation Strategy- Argentina (2017-2021),,B03,es,
XM-DAC-928-AR-2018-19-03.006.AM01.ARG01,http://open.who.int/2018-19/country-programme/ARG/03.006,text/html,Budget,,A05,en,
XM-DAC-928-AR-2018-19-03.006.AM01.ARG02,http://iris.paho.org/xmlui/handle/123456789/34360,application/pdf,Country Cooperation Strategy- Argentina (2017-2021),,B03,es,
XM-DAC-928-AR-2018-19-03.006.AM01.ARG02,http://open.who.int/2018-19/country-programme/ARG/03.006,text/html,Budget,,A05,en,
XM-DAC-928-AR-2018-19-04.001.AM01.ARG01,http://iris.paho.org/xmlui/handle/123456789/34360,application/pdf,Country Cooperation Strategy- Argentina (2017-2021),,B03,es,
XM-DAC-928-AR-2018-19-04.001.AM01.ARG01,http://open.who.int/2018-19/country-programme/ARG/04.001,text/html,Budget,,A05,en,
XM-DAC-928-AR-2018-19-04.002.AM01.ARG01,http://iris.paho.org/xmlui/handle/123456789/34360,application/pdf,Country Cooperation Strategy- Argentina (2017-2021),,B03,es,
XM-DAC-928-AR-2018-19-04.002.AM01.ARG01,http://open.who.int/2018-19/country-programme/ARG/04.002,text/html,Budget,,A05,en,
XM-DAC-928-AR-2018-19-04.003.AM01.ARG01,http://iris.paho.org/xmlui/handle/123456789/34360,application/pdf,Country Cooperation Strategy- Argentina (2017-2021),,B03,es,
XM-DAC-928-AR-2018-19-04.003.AM01.ARG01,http://open.who.int/2018-19/country-programme/ARG/04.003,text/html,Budget,,A05,en,
XM-DAC-928-AR-2018-19-04.004.AM01.ARG01,http://iris.paho.org/xmlui/handle/123456789/34360,application/pdf,Country Cooperation Strategy- Argentina (2017-2021),,B03,es,
XM-DAC-928-AR-2018-19-04.004.AM01.ARG01,http://open.who.int/2018-19/country-programme/ARG/04.004,text/html,Budget,,A05,en,
XM-DAC-928-AR-2018-19-04.004.AM01.ARG03,http://iris.paho.org/xmlui/handle/123456789/34360,application/pdf,Country Cooperation Strategy- Argentina (2017-2021),,B03,es,
XM-DAC-928-AR-2018-19-04.004.AM01.ARG03,http://open.who.int/2018-19/country-programme/ARG/04.004,text/html,Budget,,A05,en,
XM-DAC-928-AR-2018-19-06.001.AM01.ARG01,http://iris.paho.org/xmlui/handle/123456789/34360,application/pdf,Country Cooperation Strategy- Argentina (2017-2021),,B03,es,
XM-DAC-928-AR-2018-19-06.001.AM01.ARG01,http://open.who.int/2018-19/country-programme/ARG/06.001,text/html,Budget,,A05,en,
XM-DAC-928-AR-2018-19-06.004.AM01.ARG03,http://iris.paho.org/xmlui/handle/123456789/34360,application/pdf,Country Cooperation Strategy- Argentina (2017-2021),,B03,es,
XM-DAC-928-AR-2018-19-06.004.AM01.ARG03,http://open.who.int/2018-19/country-programme/ARG/06.004,text/html,Budget,,A05,en,
XM-DAC-928-AR-2018-19-06.004.AM01.ARG04,http://iris.paho.org/xmlui/handle/123456789/34360,application/pdf,Country Cooperation Strategy- Argentina (2017-2021),,B03,es,
XM-DAC-928-AR-2018-19-06.004.AM01.ARG04,http://open.who.int/2018-19/country-programme/ARG/06.004,text/html,Budget,,A05,en,
XM-DAC-928-AR-2018-19-06.005.AM01.ARG01,http://iris.paho.org/xmlui/handle/123456789/34360,application/pdf,Country Cooperation Strategy- Argentina (2017-2021),,B03,es,
XM-DAC-928-AR-2018-19-06.005.AM01.ARG01,http://open.who.int/2018-19/country-programme/ARG/06.005,text/html,Budget,,A05,en,
XM-DAC-928-AR-2018-19-06.005.AM01.ARG02,http://iris.paho.org/xmlui/handle/123456789/34360,application/pdf,Country Cooperation Strategy- Argentina (2017-2021),,B03,es,
XM-DAC-928-AR-2018-19-06.005.AM01.ARG02,http://open.who.int/2018-19/country-programme/ARG/06.005,text/html,Budget,,A05,en,
XM-DAC-928-AR-2018-19-12.002.AM01.ARG01,http://iris.paho.org/xmlui/handle/123456789/34360,application/pdf,Country Cooperation Strategy- Argentina (2017-2021),,B03,es,
XM-DAC-928-AR-2018-19-12.002.AM01.ARG01,http://open.who.int/2018-19/country-programme/ARG/12.002,text/html,Budget,,A05,en,
XM-DAC-928-AR-2020-21-01.001.AM01.ARG01,https://portal.who.int/triplebillions/PowerBIDashboards/ExploreIndicators,text/html,"Triple billion targets - tracking the work of WHO, countries, regions and partners to meet the Triple Billion targets and health-related Sustainable Development Goals (SDGs)",,A08,en,
XM-DAC-928-AR-2020-21-01.001.AM01.ARG01,https://www.who.int/about/accountability/results/who-results-report-2020-mtr,text/html,WHO Mid-term Results Report - Programme Budget 2020-2021,,A08,en,
XM-DAC-928-AR-2020-21-01.001.AM01.ARG01,http://iris.paho.org/xmlui/handle/123456789/34360,application/pdf,Country Cooperation Strategy- Argentina (2017-2021),,B03,es,
XM-DAC-928-AR-2020-21-01.001.AM01.ARG01,http://open.who.int/2020-21/country-programme/ARG/01.001,text/html,Budget,,A05,en,
XM-DAC-928-AR-2020-21-01.001.AM01.ARG02,https://portal.who.int/triplebillions/PowerBIDashboards/ExploreIndicators,text/html,"Triple billion targets - tracking the work of WHO, countries, regions and partners to meet the Triple Billion targets and health-related Sustainable Development Goals (SDGs)",,A08,en,
XM-DAC-928-AR-2020-21-01.001.AM01.ARG02,https://www.who.int/about/accountability/results/who-results-report-2020-mtr,text/html,WHO Mid-term Results Report - Programme Budget 2020-2021,,A08,en,
XM-DAC-928-AR-2020-21-01.001.AM01.ARG02,http://iris.paho.org/xmlui/handle/123456789/34360,application/pdf,Country Cooperation Strategy- Argentina (2017-2021),,B03,es,
XM-DAC-928-AR-2020-21-01.001.AM01.ARG02,http://open.who.int/2020-21/country-programme/ARG/01.001,text/html,Budget,,A05,en,
XM-DAC-928-AR-2020-21-01.001.AM01.ARG03,https://portal.who.int/triplebillions/PowerBIDashboards/ExploreIndicators,text/html,"Triple billion targets - tracking the work of WHO, countries, regions and partners to meet the Triple Billion targets and health-related Sustainable Development Goals (SDGs)",,A08,en,
XM-DAC-928-AR-2020-21-01.001.AM01.ARG03,https://www.who.int/about/accountability/results/who-results-report-2020-mtr,text/html,WHO Mid-term Results Report - Programme Budget 2020-2021,,A08,en,
XM-DAC-928-AR-2020-21-01.001.AM01.ARG03,http://iris.paho.org/xmlui/handle/123456789/34360,application/pdf,Country Cooperation Strategy- Argentina (2017-2021),,B03,es,
XM-DAC-928-AR-2020-21-01.001.AM01.ARG03,http://open.who.int/2020-21/country-programme/ARG/01.001,text/html,Budget,,A05,en,
XM-DAC-928-AR-2020-21-01.001.AM01.ARG05,https://portal.who.int/triplebillions/PowerBIDashboards/ExploreIndicators,text/html,"Triple billion targets - tracking the work of WHO, countries, regions and partners to meet the Triple Billion targets and health-related Sustainable Development Goals (SDGs)",,A08,en,
XM-DAC-928-AR-2020-21-01.001.AM01.ARG05,https://www.who.int/about/accountability/results/who-results-report-2020-mtr,text/html,WHO Mid-term Results Report - Programme Budget 2020-2021,,A08,en,
XM-DAC-928-AR-2020-21-01.001.AM01.ARG05,http://iris.paho.org/xmlui/handle/123456789/34360,application/pdf,Country Cooperation Strategy- Argentina (2017-2021),,B03,es,
XM-DAC-928-AR-2020-21-01.001.AM01.ARG05,http://open.who.int/2020-21/country-programme/ARG/01.001,text/html,Budget,,A05,en,
XM-DAC-928-AR-2020-21-01.003.AM01.ARG01,https://portal.who.int/triplebillions/PowerBIDashboards/ExploreIndicators,text/html,"Triple billion targets - tracking the work of WHO, countries, regions and partners to meet the Triple Billion targets and health-related Sustainable Development Goals (SDGs)",,A08,en,
XM-DAC-928-AR-2020-21-01.003.AM01.ARG01,https://www.who.int/about/accountability/results/who-results-report-2020-mtr,text/html,WHO Mid-term Results Report - Programme Budget 2020-2021,,A08,en,
XM-DAC-928-AR-2020-21-01.003.AM01.ARG01,http://iris.paho.org/xmlui/handle/123456789/34360,application/pdf,Country Cooperation Strategy- Argentina (2017-2021),,B03,es,
XM-DAC-928-AR-2020-21-01.003.AM01.ARG01,http://open.who.int/2020-21/country-programme/ARG/01.003,text/html,Budget,,A05,en,
XM-DAC-928-AR-2020-21-01.003.AM01.ARG03,https://portal.who.int/triplebillions/PowerBIDashboards/ExploreIndicators,text/html,"Triple billion targets - tracking the work of WHO, countries, regions and partners to meet the Triple Billion targets and health-related Sustainable Development Goals (SDGs)",,A08,en,
XM-DAC-928-AR-2020-21-01.003.AM01.ARG03,https://www.who.int/about/accountability/results/who-results-report-2020-mtr,text/html,WHO Mid-term Results Report - Programme Budget 2020-2021,,A08,en,
XM-DAC-928-AR-2020-21-01.003.AM01.ARG03,http://iris.paho.org/xmlui/handle/123456789/34360,application/pdf,Country Cooperation Strategy- Argentina (2017-2021),,B03,es,
XM-DAC-928-AR-2020-21-01.003.AM01.ARG03,http://open.who.int/2020-21/country-programme/ARG/01.003,text/html,Budget,,A05,en,
XM-DAC-928-AR-2020-21-01.003.AM01.ARG05,https://portal.who.int/triplebillions/PowerBIDashboards/ExploreIndicators,text/html,"Triple billion targets - tracking the work of WHO, countries, regions and partners to meet the Triple Billion targets and health-related Sustainable Development Goals (SDGs)",,A08,en,
XM-DAC-928-AR-2020-21-01.003.AM01.ARG05,https://www.who.int/about/accountability/results/who-results-report-2020-mtr,text/html,WHO Mid-term Results Report - Programme Budget 2020-2021,,A08,en,
XM-DAC-928-AR-2020-21-01.003.AM01.ARG05,http://iris.paho.org/xmlui/handle/123456789/34360,application/pdf,Country Cooperation Strategy- Argentina (2017-2021),,B03,es,
XM-DAC-928-AR-2020-21-01.003.AM01.ARG05,http://open.who.int/2020-21/country-programme/ARG/01.003,text/html,Budget,,A05,en,
XM-DAC-928-AR-2020-21-02.001.AM01.ARG01,https://portal.who.int/triplebillions/PowerBIDashboards/ExploreIndicators,text/html,"Triple billion targets - tracking the work of WHO, countries, regions and partners to meet the Triple Billion targets and health-related Sustainable Development Goals (SDGs)",,A08,en,
XM-DAC-928-AR-2020-21-02.001.AM01.ARG01,https://www.who.int/about/accountability/results/who-results-report-2020-mtr,text/html,WHO Mid-term Results Report - Programme Budget 2020-2021,,A08,en,
XM-DAC-928-AR-2020-21-02.001.AM01.ARG01,http://iris.paho.org/xmlui/handle/123456789/34360,application/pdf,Country Cooperation Strategy- Argentina (2017-2021),,B03,es,
XM-DAC-928-AR-2020-21-02.001.AM01.ARG01,http://open.who.int/2020-21/country-programme/ARG/02.001,text/html,Budget,,A05,en,
XM-DAC-928-AR-2020-21-02.002.AM01.ARG01,https://portal.who.int/triplebillions/PowerBIDashboards/ExploreIndicators,text/html,"Triple billion targets - tracking the work of WHO, countries, regions and partners to meet the Triple Billion targets and health-related Sustainable Development Goals (SDGs)",,A08,en,
XM-DAC-928-AR-2020-21-02.002.AM01.ARG01,https://www.who.int/about/accountability/results/who-results-report-2020-mtr,text/html,WHO Mid-term Results Report - Programme Budget 2020-2021,,A08,en,
XM-DAC-928-AR-2020-21-02.002.AM01.ARG01,http://iris.paho.org/xmlui/handle/123456789/34360,application/pdf,Country Cooperation Strategy- Argentina (2017-2021),,B03,es,
XM-DAC-928-AR-2020-21-02.002.AM01.ARG01,http://open.who.int/2020-21/country-programme/ARG/02.002,text/html,Budget,,A05,en,
XM-DAC-928-AR-2020-21-02.003.AM01.ARG02,https://portal.who.int/triplebillions/PowerBIDashboards/ExploreIndicators,text/html,"Triple billion targets - tracking the work of WHO, countries, regions and partners to meet the Triple Billion targets and health-related Sustainable Development Goals (SDGs)",,A08,en,
XM-DAC-928-AR-2020-21-02.003.AM01.ARG02,https://www.who.int/about/accountability/results/who-results-report-2020-mtr,text/html,WHO Mid-term Results Report - Programme Budget 2020-2021,,A08,en,
XM-DAC-928-AR-2020-21-02.003.AM01.ARG02,http://iris.paho.org/xmlui/handle/123456789/34360,application/pdf,Country Cooperation Strategy- Argentina (2017-2021),,B03,es,
XM-DAC-928-AR-2020-21-02.003.AM01.ARG02,http://open.who.int/2020-21/country-programme/ARG/02.003,text/html,Budget,,A05,en,
XM-DAC-928-AR-2020-21-02.003.AM01.ARG03,https://portal.who.int/triplebillions/PowerBIDashboards/ExploreIndicators,text/html,"Triple billion targets - tracking the work of WHO, countries, regions and partners to meet the Triple Billion targets and health-related Sustainable Development Goals (SDGs)",,A08,en,
XM-DAC-928-AR-2020-21-02.003.AM01.ARG03,https://www.who.int/about/accountability/results/who-results-report-2020-mtr,text/html,WHO Mid-term Results Report - Programme Budget 2020-2021,,A08,en,
XM-DAC-928-AR-2020-21-02.003.AM01.ARG03,http://iris.paho.org/xmlui/handle/123456789/34360,application/pdf,Country Cooperation Strategy- Argentina (2017-2021),,B03,es,
XM-DAC-928-AR-2020-21-02.003.AM01.ARG03,http://open.who.int/2020-21/country-programme/ARG/02.003,text/html,Budget,,A05,en,
XM-DAC-928-AR-2020-21-03.001.AM01.ARG01,https://portal.who.int/triplebillions/PowerBIDashboards/ExploreIndicators,text/html,"Triple billion targets - tracking the work of WHO, countries, regions and partners to meet the Triple Billion targets and health-related Sustainable Development Goals (SDGs)",,A08,en,
XM-DAC-928-AR-2020-21-03.001.AM01.ARG01,https://www.who.int/about/accountability/results/who-results-report-2020-mtr,text/html,WHO Mid-term Results Report - Programme Budget 2020-2021,,A08,en,
XM-DAC-928-AR-2020-21-03.001.AM01.ARG01,http://iris.paho.org/xmlui/handle/123456789/34360,application/pdf,Country Cooperation Strategy- Argentina (2017-2021),,B03,es,
XM-DAC-928-AR-2020-21-03.001.AM01.ARG01,http://open.who.int/2020-21/country-programme/ARG/03.001,text/html,Budget,,A05,en,
XM-DAC-928-AR-2020-21-03.001.AM01.ARG02,https://portal.who.int/triplebillions/PowerBIDashboards/ExploreIndicators,text/html,"Triple billion targets - tracking the work of WHO, countries, regions and partners to meet the Triple Billion targets and health-related Sustainable Development Goals (SDGs)",,A08,en,
XM-DAC-928-AR-2020-21-03.001.AM01.ARG02,https://www.who.int/about/accountability/results/who-results-report-2020-mtr,text/html,WHO Mid-term Results Report - Programme Budget 2020-2021,,A08,en,
XM-DAC-928-AR-2020-21-03.001.AM01.ARG02,http://iris.paho.org/xmlui/handle/123456789/34360,application/pdf,Country Cooperation Strategy- Argentina (2017-2021),,B03,es,
XM-DAC-928-AR-2020-21-03.001.AM01.ARG02,http://open.who.int/2020-21/country-programme/ARG/03.001,text/html,Budget,,A05,en,
XM-DAC-928-AR-2020-21-03.002.AM01.ARG01,https://portal.who.int/triplebillions/PowerBIDashboards/ExploreIndicators,text/html,"Triple billion targets - tracking the work of WHO, countries, regions and partners to meet the Triple Billion targets and health-related Sustainable Development Goals (SDGs)",,A08,en,
XM-DAC-928-AR-2020-21-03.002.AM01.ARG01,https://www.who.int/about/accountability/results/who-results-report-2020-mtr,text/html,WHO Mid-term Results Report - Programme Budget 2020-2021,,A08,en,
XM-DAC-928-AR-2020-21-03.002.AM01.ARG01,http://iris.paho.org/xmlui/handle/123456789/34360,application/pdf,Country Cooperation Strategy- Argentina (2017-2021),,B03,es,
XM-DAC-928-AR-2020-21-03.002.AM01.ARG01,http://open.who.int/2020-21/country-programme/ARG/03.002,text/html,Budget,,A05,en,
XM-DAC-928-AR-2020-21-03.002.AM01.ARG02,https://portal.who.int/triplebillions/PowerBIDashboards/ExploreIndicators,text/html,"Triple billion targets - tracking the work of WHO, countries, regions and partners to meet the Triple Billion targets and health-related Sustainable Development Goals (SDGs)",,A08,en,
XM-DAC-928-AR-2020-21-03.002.AM01.ARG02,https://www.who.int/about/accountability/results/who-results-report-2020-mtr,text/html,WHO Mid-term Results Report - Programme Budget 2020-2021,,A08,en,
XM-DAC-928-AR-2020-21-03.002.AM01.ARG02,http://iris.paho.org/xmlui/handle/123456789/34360,application/pdf,Country Cooperation Strategy- Argentina (2017-2021),,B03,es,
XM-DAC-928-AR-2020-21-03.002.AM01.ARG02,http://open.who.int/2020-21/country-programme/ARG/03.002,text/html,Budget,,A05,en,
XM-DAC-928-AR-2020-21-03.003.AM01.ARG01,https://portal.who.int/triplebillions/PowerBIDashboards/ExploreIndicators,text/html,"Triple billion targets - tracking the work of WHO, countries, regions and partners to meet the Triple Billion targets and health-related Sustainable Development Goals (SDGs)",,A08,en,
XM-DAC-928-AR-2020-21-03.003.AM01.ARG01,https://www.who.int/about/accountability/results/who-results-report-2020-mtr,text/html,WHO Mid-term Results Report - Programme Budget 2020-2021,,A08,en,
XM-DAC-928-AR-2020-21-03.003.AM01.ARG01,http://iris.paho.org/xmlui/handle/123456789/34360,application/pdf,Country Cooperation Strategy- Argentina (2017-2021),,B03,es,
XM-DAC-928-AR-2020-21-03.003.AM01.ARG01,http://open.who.int/2020-21/country-programme/ARG/03.003,text/html,Budget,,A05,en,
XM-DAC-928-AR-2020-21-03.003.AM01.ARG02,https://portal.who.int/triplebillions/PowerBIDashboards/ExploreIndicators,text/html,"Triple billion targets - tracking the work of WHO, countries, regions and partners to meet the Triple Billion targets and health-related Sustainable Development Goals (SDGs)",,A08,en,
XM-DAC-928-AR-2020-21-03.003.AM01.ARG02,https://www.who.int/about/accountability/results/who-results-report-2020-mtr,text/html,WHO Mid-term Results Report - Programme Budget 2020-2021,,A08,en,
XM-DAC-928-AR-2020-21-03.003.AM01.ARG02,http://iris.paho.org/xmlui/handle/123456789/34360,application/pdf,Country Cooperation Strategy- Argentina (2017-2021),,B03,es,
XM-DAC-928-AR-2020-21-03.003.AM01.ARG02,http://open.who.int/2020-21/country-programme/ARG/03.003,text/html,Budget,,A05,en,
XM-DAC-928-AR-2020-21-04.001.AM01.ARG01,https://portal.who.int/triplebillions/PowerBIDashboards/ExploreIndicators,text/html,"Triple billion targets - tracking the work of WHO, countries, regions and partners to meet the Triple Billion targets and health-related Sustainable Development Goals (SDGs)",,A08,en,
XM-DAC-928-AR-2020-21-04.001.AM01.ARG01,https://www.who.int/about/accountability/results/who-results-report-2020-mtr,text/html,WHO Mid-term Results Report - Programme Budget 2020-2021,,A08,en,
XM-DAC-928-AR-2020-21-04.001.AM01.ARG01,http://iris.paho.org/xmlui/handle/123456789/34360,application/pdf,Country Cooperation Strategy- Argentina (2017-2021),,B03,es,
XM-DAC-928-AR-2020-21-04.001.AM01.ARG01,http://open.who.int/2020-21/country-programme/ARG/04.001,text/html,Budget,,A05,en,
XM-DAC-928-AR-2020-21-04.001.AM01.ARG02,https://portal.who.int/triplebillions/PowerBIDashboards/ExploreIndicators,text/html,"Triple billion targets - tracking the work of WHO, countries, regions and partners to meet the Triple Billion targets and health-related Sustainable Development Goals (SDGs)",,A08,en,
XM-DAC-928-AR-2020-21-04.001.AM01.ARG02,https://www.who.int/about/accountability/results/who-results-report-2020-mtr,text/html,WHO Mid-term Results Report - Programme Budget 2020-2021,,A08,en,
XM-DAC-928-AR-2020-21-04.001.AM01.ARG02,http://iris.paho.org/xmlui/handle/123456789/34360,application/pdf,Country Cooperation Strategy- Argentina (2017-2021),,B03,es,
XM-DAC-928-AR-2020-21-04.001.AM01.ARG02,http://open.who.int/2020-21/country-programme/ARG/04.001,text/html,Budget,,A05,en,
XM-DAC-928-AR-2020-21-04.001.AM01.ARG03,https://portal.who.int/triplebillions/PowerBIDashboards/ExploreIndicators,text/html,"Triple billion targets - tracking the work of WHO, countries, regions and partners to meet the Triple Billion targets and health-related Sustainable Development Goals (SDGs)",,A08,en,
XM-DAC-928-AR-2020-21-04.001.AM01.ARG03,https://www.who.int/about/accountability/results/who-results-report-2020-mtr,text/html,WHO Mid-term Results Report - Programme Budget 2020-2021,,A08,en,
XM-DAC-928-AR-2020-21-04.001.AM01.ARG03,http://iris.paho.org/xmlui/handle/123456789/34360,application/pdf,Country Cooperation Strategy- Argentina (2017-2021),,B03,es,
XM-DAC-928-AR-2020-21-04.001.AM01.ARG03,http://open.who.int/2020-21/country-programme/ARG/04.001,text/html,Budget,,A05,en,
XM-DAC-928-AR-2020-21-04.002.AM01.ARG01,https://portal.who.int/triplebillions/PowerBIDashboards/ExploreIndicators,text/html,"Triple billion targets - tracking the work of WHO, countries, regions and partners to meet the Triple Billion targets and health-related Sustainable Development Goals (SDGs)",,A08,en,
XM-DAC-928-AR-2020-21-04.002.AM01.ARG01,https://www.who.int/about/accountability/results/who-results-report-2020-mtr,text/html,WHO Mid-term Results Report - Programme Budget 2020-2021,,A08,en,
XM-DAC-928-AR-2020-21-04.002.AM01.ARG01,http://iris.paho.org/xmlui/handle/123456789/34360,application/pdf,Country Cooperation Strategy- Argentina (2017-2021),,B03,es,
XM-DAC-928-AR-2020-21-04.002.AM01.ARG01,http://open.who.int/2020-21/country-programme/ARG/04.002,text/html,Budget,,A05,en,
XM-DAC-928-AR-2020-21-04.002.AM01.ARG06,https://portal.who.int/triplebillions/PowerBIDashboards/ExploreIndicators,text/html,"Triple billion targets - tracking the work of WHO, countries, regions and partners to meet the Triple Billion targets and health-related Sustainable Development Goals (SDGs)",,A08,en,
XM-DAC-928-AR-2020-21-04.002.AM01.ARG06,https://www.who.int/about/accountability/results/who-results-report-2020-mtr,text/html,WHO Mid-term Results Report - Programme Budget 2020-2021,,A08,en,
XM-DAC-928-AR-2020-21-04.002.AM01.ARG06,http://iris.paho.org/xmlui/handle/123456789/34360,application/pdf,Country Cooperation Strategy- Argentina (2017-2021),,B03,es,
XM-DAC-928-AR-2020-21-04.002.AM01.ARG06,http://open.who.int/2020-21/country-programme/ARG/04.002,text/html,Budget,,A05,en,
XM-DAC-928-AR-2020-21-04.003.AM01.ARG02,https://portal.who.int/triplebillions/PowerBIDashboards/ExploreIndicators,text/html,"Triple billion targets - tracking the work of WHO, countries, regions and partners to meet the Triple Billion targets and health-related Sustainable Development Goals (SDGs)",,A08,en,
XM-DAC-928-AR-2020-21-04.003.AM01.ARG02,https://www.who.int/about/accountability/results/who-results-report-2020-mtr,text/html,WHO Mid-term Results Report - Programme Budget 2020-2021,,A08,en,
XM-DAC-928-AR-2020-21-04.003.AM01.ARG02,http://iris.paho.org/xmlui/handle/123456789/34360,application/pdf,Country Cooperation Strategy- Argentina (2017-2021),,B03,es,
XM-DAC-928-AR-2020-21-04.003.AM01.ARG02,http://open.who.int/2020-21/country-programme/ARG/04.003,text/html,Budget,,A05,en,
XM-DAC-928-AR-2020-21-04.003.AM01.ARG03,https://portal.who.int/triplebillions/PowerBIDashboards/ExploreIndicators,text/html,"Triple billion targets - tracking the work of WHO, countries, regions and partners to meet the Triple Billion targets and health-related Sustainable Development Goals (SDGs)",,A08,en,
XM-DAC-928-AR-2020-21-04.003.AM01.ARG03,https://www.who.int/about/accountability/results/who-results-report-2020-mtr,text/html,WHO Mid-term Results Report - Programme Budget 2020-2021,,A08,en,
XM-DAC-928-AR-2020-21-04.003.AM01.ARG03,http://iris.paho.org/xmlui/handle/123456789/34360,application/pdf,Country Cooperation Strategy- Argentina (2017-2021),,B03,es,
XM-DAC-928-AR-2020-21-04.003.AM01.ARG03,http://open.who.int/2020-21/country-programme/ARG/04.003,text/html,Budget,,A05,en,
XM-DAC-928-AR-2020-21-04.003.AM01.ARG04,https://portal.who.int/triplebillions/PowerBIDashboards/ExploreIndicators,text/html,"Triple billion targets - tracking the work of WHO, countries, regions and partners to meet the Triple Billion targets and health-related Sustainable Development Goals (SDGs)",,A08,en,
XM-DAC-928-AR-2020-21-04.003.AM01.ARG04,https://www.who.int/about/accountability/results/who-results-report-2020-mtr,text/html,WHO Mid-term Results Report - Programme Budget 2020-2021,,A08,en,
XM-DAC-928-AR-2020-21-04.003.AM01.ARG04,http://iris.paho.org/xmlui/handle/123456789/34360,application/pdf,Country Cooperation Strategy- Argentina (2017-2021),,B03,es,
XM-DAC-928-AR-2020-21-04.003.AM01.ARG04,http://open.who.int/2020-21/country-programme/ARG/04.003,text/html,Budget,,A05,en,
XM-DAC-928-AR-2020-21-13.002.AM01.ARG02,https://portal.who.int/triplebillions/PowerBIDashboards/ExploreIndicators,text/html,"Triple billion targets - tracking the work of WHO, countries, regions and partners to meet the Triple Billion targets and health-related Sustainable Development Goals (SDGs)",,A08,en,
XM-DAC-928-AR-2020-21-13.002.AM01.ARG02,https://www.who.int/about/accountability/results/who-results-report-2020-mtr,text/html,WHO Mid-term Results Report - Programme Budget 2020-2021,,A08,en,
XM-DAC-928-AR-2020-21-13.002.AM01.ARG02,http://iris.paho.org/xmlui/handle/123456789/34360,application/pdf,Country Cooperation Strategy- Argentina (2017-2021),,B03,es,
XM-DAC-928-AR-2020-21-13.002.AM01.ARG02,http://open.who.int/2020-21/country-programme/ARG/13.002,text/html,Budget,,A05,en,
XM-DAC-928-AR-2022-23-01.001.AM01.ARG01,https://www.who.int/about/accountability/results/who-results-report-2022-2023/country-profile/ARG,text/html,2022-2023 WHO Results Report_Argentina_Country profile,,A08,en,
XM-DAC-928-AR-2022-23-01.001.AM01.ARG01,http://iris.paho.org/xmlui/handle/123456789/34360,application/pdf,Country Cooperation Strategy- Argentina (2017-2021),,B03,es,
XM-DAC-928-AR-2022-23-01.001.AM01.ARG01,http://open.who.int/2022-23/country-programme/ARG/01.001,text/html,Budget,,A05,en,
XM-DAC-928-AR-2022-23-01.001.AM01.ARG02,https://www.who.int/about/accountability/results/who-results-report-2022-2023/country-profile/ARG,text/html,2022-2023 WHO Results Report_Argentina_Country profile,,A08,en,
XM-DAC-928-AR-2022-23-01.001.AM01.ARG02,http://iris.paho.org/xmlui/handle/123456789/34360,application/pdf,Country Cooperation Strategy- Argentina (2017-2021),,B03,es,
XM-DAC-928-AR-2022-23-01.001.AM01.ARG02,http://open.who.int/2022-23/country-programme/ARG/01.001,text/html,Budget,,A05,en,
XM-DAC-928-AR-2022-23-01.001.AM01.ARG03,https://www.who.int/about/accountability/results/who-results-report-2022-2023/country-profile/ARG,text/html,2022-2023 WHO Results Report_Argentina_Country profile,,A08,en,
XM-DAC-928-AR-2022-23-01.001.AM01.ARG03,http://iris.paho.org/xmlui/handle/123456789/34360,application/pdf,Country Cooperation Strategy- Argentina (2017-2021),,B03,es,
XM-DAC-928-AR-2022-23-01.001.AM01.ARG03,http://open.who.int/2022-23/country-programme/ARG/01.001,text/html,Budget,,A05,en,
XM-DAC-928-AR-2022-23-01.001.AM01.ARG05,https://www.who.int/about/accountability/results/who-results-report-2022-2023/country-profile/ARG,text/html,2022-2023 WHO Results Report_Argentina_Country profile,,A08,en,
XM-DAC-928-AR-2022-23-01.001.AM01.ARG05,http://iris.paho.org/xmlui/handle/123456789/34360,application/pdf,Country Cooperation Strategy- Argentina (2017-2021),,B03,es,
XM-DAC-928-AR-2022-23-01.001.AM01.ARG05,http://open.who.int/2022-23/country-programme/ARG/01.001,text/html,Budget,,A05,en,
XM-DAC-928-AR-2022-23-01.002.AM01.ARG01,https://www.who.int/about/accountability/results/who-results-report-2022-2023/country-profile/ARG,text/html,2022-2023 WHO Results Report_Argentina_Country profile,,A08,en,
XM-DAC-928-AR-2022-23-01.002.AM01.ARG01,http://iris.paho.org/xmlui/handle/123456789/34360,application/pdf,Country Cooperation Strategy- Argentina (2017-2021),,B03,es,
XM-DAC-928-AR-2022-23-01.002.AM01.ARG01,http://open.who.int/2022-23/country-programme/ARG/01.002,text/html,Budget,,A05,en,
XM-DAC-928-AR-2022-23-01.003.AM01.ARG01,https://www.who.int/about/accountability/results/who-results-report-2022-2023/country-profile/ARG,text/html,2022-2023 WHO Results Report_Argentina_Country profile,,A08,en,
XM-DAC-928-AR-2022-23-01.003.AM01.ARG01,http://iris.paho.org/xmlui/handle/123456789/34360,application/pdf,Country Cooperation Strategy- Argentina (2017-2021),,B03,es,
XM-DAC-928-AR-2022-23-01.003.AM01.ARG01,http://open.who.int/2022-23/country-programme/ARG/01.003,text/html,Budget,,A05,en,
XM-DAC-928-AR-2022-23-01.003.AM01.ARG05,https://www.who.int/about/accountability/results/who-results-report-2022-2023/country-profile/ARG,text/html,2022-2023 WHO Results Report_Argentina_Country profile,,A08,en,
XM-DAC-928-AR-2022-23-01.003.AM01.ARG05,http://iris.paho.org/xmlui/handle/123456789/34360,application/pdf,Country Cooperation Strategy- Argentina (2017-2021),,B03,es,
XM-DAC-928-AR-2022-23-01.003.AM01.ARG05,http://open.who.int/2022-23/country-programme/ARG/01.003,text/html,Budget,,A05,en,
XM-DAC-928-AR-2022-23-02.001.AM01.ARG01,https://www.who.int/about/accountability/results/who-results-report-2022-2023/country-profile/ARG,text/html,2022-2023 WHO Results Report_Argentina_Country profile,,A08,en,
XM-DAC-928-AR-2022-23-02.001.AM01.ARG01,http://iris.paho.org/xmlui/handle/123456789/34360,application/pdf,Country Cooperation Strategy- Argentina (2017-2021),,B03,es,
XM-DAC-928-AR-2022-23-02.001.AM01.ARG01,http://open.who.int/2022-23/country-programme/ARG/02.001,text/html,Budget,,A05,en,
XM-DAC-928-AR-2022-23-02.001.AM01.ARG02,https://www.who.int/about/accountability/results/who-results-report-2022-2023/country-profile/ARG,text/html,2022-2023 WHO Results Report_Argentina_Country profile,,A08,en,
XM-DAC-928-AR-2022-23-02.001.AM01.ARG02,http://iris.paho.org/xmlui/handle/123456789/34360,application/pdf,Country Cooperation Strategy- Argentina (2017-2021),,B03,es,
XM-DAC-928-AR-2022-23-02.001.AM01.ARG02,http://open.who.int/2022-23/country-programme/ARG/02.001,text/html,Budget,,A05,en,
XM-DAC-928-AR-2022-23-02.002.AM01.ARG03,https://www.who.int/about/accountability/results/who-results-report-2022-2023/country-profile/ARG,text/html,2022-2023 WHO Results Report_Argentina_Country profile,,A08,en,
XM-DAC-928-AR-2022-23-02.002.AM01.ARG03,http://iris.paho.org/xmlui/handle/123456789/34360,application/pdf,Country Cooperation Strategy- Argentina (2017-2021),,B03,es,
XM-DAC-928-AR-2022-23-02.002.AM01.ARG03,http://open.who.int/2022-23/country-programme/ARG/02.002,text/html,Budget,,A05,en,
XM-DAC-928-AR-2022-23-02.003.AM01.ARG02,https://www.who.int/about/accountability/results/who-results-report-2022-2023/country-profile/ARG,text/html,2022-2023 WHO Results Report_Argentina_Country profile,,A08,en,
XM-DAC-928-AR-2022-23-02.003.AM01.ARG02,http://iris.paho.org/xmlui/handle/123456789/34360,application/pdf,Country Cooperation Strategy- Argentina (2017-2021),,B03,es,
XM-DAC-928-AR-2022-23-02.003.AM01.ARG02,http://open.who.int/2022-23/country-programme/ARG/02.003,text/html,Budget,,A05,en,
XM-DAC-928-AR-2022-23-03.001.AM01.ARG01,https://www.who.int/about/accountability/results/who-results-report-2022-2023/country-profile/ARG,text/html,2022-2023 WHO Results Report_Argentina_Country profile,,A08,en,
XM-DAC-928-AR-2022-23-03.001.AM01.ARG01,http://iris.paho.org/xmlui/handle/123456789/34360,application/pdf,Country Cooperation Strategy- Argentina (2017-2021),,B03,es,
XM-DAC-928-AR-2022-23-03.001.AM01.ARG01,http://open.who.int/2022-23/country-programme/ARG/03.001,text/html,Budget,,A05,en,
XM-DAC-928-AR-2022-23-03.001.AM01.ARG02,https://www.who.int/about/accountability/results/who-results-report-2022-2023/country-profile/ARG,text/html,2022-2023 WHO Results Report_Argentina_Country profile,,A08,en,
XM-DAC-928-AR-2022-23-03.001.AM01.ARG02,http://iris.paho.org/xmlui/handle/123456789/34360,application/pdf,Country Cooperation Strategy- Argentina (2017-2021),,B03,es,
XM-DAC-928-AR-2022-23-03.001.AM01.ARG02,http://open.who.int/2022-23/country-programme/ARG/03.001,text/html,Budget,,A05,en,
XM-DAC-928-AR-2022-23-03.002.AM01.ARG01,https://www.who.int/about/accountability/results/who-results-report-2022-2023/country-profile/ARG,text/html,2022-2023 WHO Results Report_Argentina_Country profile,,A08,en,
XM-DAC-928-AR-2022-23-03.002.AM01.ARG01,http://iris.paho.org/xmlui/handle/123456789/34360,application/pdf,Country Cooperation Strategy- Argentina (2017-2021),,B03,es,
XM-DAC-928-AR-2022-23-03.002.AM01.ARG01,http://open.who.int/2022-23/country-programme/ARG/03.002,text/html,Budget,,A05,en,
XM-DAC-928-AR-2022-23-03.002.AM01.ARG02,https://www.who.int/about/accountability/results/who-results-report-2022-2023/country-profile/ARG,text/html,2022-2023 WHO Results Report_Argentina_Country profile,,A08,en,
XM-DAC-928-AR-2022-23-03.002.AM01.ARG02,http://iris.paho.org/xmlui/handle/123456789/34360,application/pdf,Country Cooperation Strategy- Argentina (2017-2021),,B03,es,
XM-DAC-928-AR-2022-23-03.002.AM01.ARG02,http://open.who.int/2022-23/country-programme/ARG/03.002,text/html,Budget,,A05,en,
XM-DAC-928-AR-2022-23-03.003.AM01.ARG01,https://www.who.int/about/accountability/results/who-results-report-2022-2023/country-profile/ARG,text/html,2022-2023 WHO Results Report_Argentina_Country profile,,A08,en,
XM-DAC-928-AR-2022-23-03.003.AM01.ARG01,http://iris.paho.org/xmlui/handle/123456789/34360,application/pdf,Country Cooperation Strategy- Argentina (2017-2021),,B03,es,
XM-DAC-928-AR-2022-23-03.003.AM01.ARG01,http://open.who.int/2022-23/country-programme/ARG/03.003,text/html,Budget,,A05,en,
XM-DAC-928-AR-2022-23-03.003.AM01.ARG02,https://www.who.int/about/accountability/results/who-results-report-2022-2023/country-profile/ARG,text/html,2022-2023 WHO Results Report_Argentina_Country profile,,A08,en,
XM-DAC-928-AR-2022-23-03.003.AM01.ARG02,http://iris.paho.org/xmlui/handle/123456789/34360,application/pdf,Country Cooperation Strategy- Argentina (2017-2021),,B03,es,
XM-DAC-928-AR-2022-23-03.003.AM01.ARG02,http://open.who.int/2022-23/country-programme/ARG/03.003,text/html,Budget,,A05,en,
XM-DAC-928-AR-2022-23-04.001.AM01.ARG01,https://www.who.int/about/accountability/results/who-results-report-2022-2023/country-profile/ARG,text/html,2022-2023 WHO Results Report_Argentina_Country profile,,A08,en,
XM-DAC-928-AR-2022-23-04.001.AM01.ARG01,http://iris.paho.org/xmlui/handle/123456789/34360,application/pdf,Country Cooperation Strategy- Argentina (2017-2021),,B03,es,
XM-DAC-928-AR-2022-23-04.001.AM01.ARG01,http://open.who.int/2022-23/country-programme/ARG/04.001,text/html,Budget,,A05,en,
XM-DAC-928-AR-2022-23-04.001.AM01.ARG02,https://www.who.int/about/accountability/results/who-results-report-2022-2023/country-profile/ARG,text/html,2022-2023 WHO Results Report_Argentina_Country profile,,A08,en,
XM-DAC-928-AR-2022-23-04.001.AM01.ARG02,http://iris.paho.org/xmlui/handle/123456789/34360,application/pdf,Country Cooperation Strategy- Argentina (2017-2021),,B03,es,
XM-DAC-928-AR-2022-23-04.001.AM01.ARG02,http://open.who.int/2022-23/country-programme/ARG/04.001,text/html,Budget,,A05,en,
XM-DAC-928-AR-2022-23-04.001.AM01.ARG03,https://www.who.int/about/accountability/results/who-results-report-2022-2023/country-profile/ARG,text/html,2022-2023 WHO Results Report_Argentina_Country profile,,A08,en,
XM-DAC-928-AR-2022-23-04.001.AM01.ARG03,http://iris.paho.org/xmlui/handle/123456789/34360,application/pdf,Country Cooperation Strategy- Argentina (2017-2021),,B03,es,
XM-DAC-928-AR-2022-23-04.001.AM01.ARG03,http://open.who.int/2022-23/country-programme/ARG/04.001,text/html,Budget,,A05,en,
XM-DAC-928-AR-2022-23-04.002.AM01.ARG01,https://www.who.int/about/accountability/results/who-results-report-2022-2023/country-profile/ARG,text/html,2022-2023 WHO Results Report_Argentina_Country profile,,A08,en,
XM-DAC-928-AR-2022-23-04.002.AM01.ARG01,http://iris.paho.org/xmlui/handle/123456789/34360,application/pdf,Country Cooperation Strategy- Argentina (2017-2021),,B03,es,
XM-DAC-928-AR-2022-23-04.002.AM01.ARG01,http://open.who.int/2022-23/country-programme/ARG/04.002,text/html,Budget,,A05,en,
XM-DAC-928-AR-2022-23-04.002.AM01.ARG02,https://www.who.int/about/accountability/results/who-results-report-2022-2023/country-profile/ARG,text/html,2022-2023 WHO Results Report_Argentina_Country profile,,A08,en,
XM-DAC-928-AR-2022-23-04.002.AM01.ARG02,http://iris.paho.org/xmlui/handle/123456789/34360,application/pdf,Country Cooperation Strategy- Argentina (2017-2021),,B03,es,
XM-DAC-928-AR-2022-23-04.002.AM01.ARG02,http://open.who.int/2022-23/country-programme/ARG/04.002,text/html,Budget,,A05,en,
XM-DAC-928-AR-2022-23-04.002.AM01.ARG03,https://www.who.int/about/accountability/results/who-results-report-2022-2023/country-profile/ARG,text/html,2022-2023 WHO Results Report_Argentina_Country profile,,A08,en,
XM-DAC-928-AR-2022-23-04.002.AM01.ARG03,http://iris.paho.org/xmlui/handle/123456789/34360,application/pdf,Country Cooperation Strategy- Argentina (2017-2021),,B03,es,
XM-DAC-928-AR-2022-23-04.002.AM01.ARG03,http://open.who.int/2022-23/country-programme/ARG/04.002,text/html,Budget,,A05,en,
XM-DAC-928-AR-2022-23-04.002.AM01.ARG04,https://www.who.int/about/accountability/results/who-results-report-2022-2023/country-profile/ARG,text/html,2022-2023 WHO Results Report_Argentina_Country profile,,A08,en,
XM-DAC-928-AR-2022-23-04.002.AM01.ARG04,http://iris.paho.org/xmlui/handle/123456789/34360,application/pdf,Country Cooperation Strategy- Argentina (2017-2021),,B03,es,
XM-DAC-928-AR-2022-23-04.002.AM01.ARG04,http://open.who.int/2022-23/country-programme/ARG/04.002,text/html,Budget,,A05,en,
XM-DAC-928-AR-2022-23-04.002.AM01.ARG06,https://www.who.int/about/accountability/results/who-results-report-2022-2023/country-profile/ARG,text/html,2022-2023 WHO Results Report_Argentina_Country profile,,A08,en,
XM-DAC-928-AR-2022-23-04.002.AM01.ARG06,http://iris.paho.org/xmlui/handle/123456789/34360,application/pdf,Country Cooperation Strategy- Argentina (2017-2021),,B03,es,
XM-DAC-928-AR-2022-23-04.002.AM01.ARG06,http://open.who.int/2022-23/country-programme/ARG/04.002,text/html,Budget,,A05,en,
XM-DAC-928-AR-2022-23-04.003.AM01.ARG01,https://www.who.int/about/accountability/results/who-results-report-2022-2023/country-profile/ARG,text/html,2022-2023 WHO Results Report_Argentina_Country profile,,A08,en,
XM-DAC-928-AR-2022-23-04.003.AM01.ARG01,http://iris.paho.org/xmlui/handle/123456789/34360,application/pdf,Country Cooperation Strategy- Argentina (2017-2021),,B03,es,
XM-DAC-928-AR-2022-23-04.003.AM01.ARG01,http://open.who.int/2022-23/country-programme/ARG/04.003,text/html,Budget,,A05,en,
XM-DAC-928-AR-2022-23-04.003.AM01.ARG02,https://www.who.int/about/accountability/results/who-results-report-2022-2023/country-profile/ARG,text/html,2022-2023 WHO Results Report_Argentina_Country profile,,A08,en,
XM-DAC-928-AR-2022-23-04.003.AM01.ARG02,http://iris.paho.org/xmlui/handle/123456789/34360,application/pdf,Country Cooperation Strategy- Argentina (2017-2021),,B03,es,
XM-DAC-928-AR-2022-23-04.003.AM01.ARG02,http://open.who.int/2022-23/country-programme/ARG/04.003,text/html,Budget,,A05,en,
XM-DAC-928-AR-2022-23-04.003.AM01.ARG03,https://www.who.int/about/accountability/results/who-results-report-2022-2023/country-profile/ARG,text/html,2022-2023 WHO Results Report_Argentina_Country profile,,A08,en,
XM-DAC-928-AR-2022-23-04.003.AM01.ARG03,http://iris.paho.org/xmlui/handle/123456789/34360,application/pdf,Country Cooperation Strategy- Argentina (2017-2021),,B03,es,
XM-DAC-928-AR-2022-23-04.003.AM01.ARG03,http://open.who.int/2022-23/country-programme/ARG/04.003,text/html,Budget,,A05,en,
XM-DAC-928-AR-2022-23-04.003.AM01.ARG04,https://www.who.int/about/accountability/results/who-results-report-2022-2023/country-profile/ARG,text/html,2022-2023 WHO Results Report_Argentina_Country profile,,A08,en,
XM-DAC-928-AR-2022-23-04.003.AM01.ARG04,http://iris.paho.org/xmlui/handle/123456789/34360,application/pdf,Country Cooperation Strategy- Argentina (2017-2021),,B03,es,
XM-DAC-928-AR-2022-23-04.003.AM01.ARG04,http://open.who.int/2022-23/country-programme/ARG/04.003,text/html,Budget,,A05,en,
XM-DAC-928-AR-2022-23-13.002.AM01.ARG02,https://www.who.int/about/accountability/results/who-results-report-2022-2023/country-profile/ARG,text/html,2022-2023 WHO Results Report_Argentina_Country profile,,A08,en,
XM-DAC-928-AR-2022-23-13.002.AM01.ARG02,http://iris.paho.org/xmlui/handle/123456789/34360,application/pdf,Country Cooperation Strategy- Argentina (2017-2021),,B03,es,
XM-DAC-928-AR-2022-23-13.002.AM01.ARG02,http://open.who.int/2022-23/country-programme/ARG/13.002,text/html,Budget,,A05,en,
XM-DAC-928-AR-2022-23-13.003.AM01.ARG02,https://www.who.int/about/accountability/results/who-results-report-2022-2023/country-profile/ARG,text/html,2022-2023 WHO Results Report_Argentina_Country profile,,A08,en,
XM-DAC-928-AR-2022-23-13.003.AM01.ARG02,http://iris.paho.org/xmlui/handle/123456789/34360,application/pdf,Country Cooperation Strategy- Argentina (2017-2021),,B03,es,
XM-DAC-928-AR-2022-23-13.003.AM01.ARG02,http://open.who.int/2022-23/country-programme/ARG/13.003,text/html,Budget,,A05,en,
XM-DAC-928-AR-2022-23-14.003.AM01.ARG01,https://www.who.int/about/accountability/results/who-results-report-2022-2023/country-profile/ARG,text/html,2022-2023 WHO Results Report_Argentina_Country profile,,A08,en,
XM-DAC-928-AR-2022-23-14.003.AM01.ARG01,http://iris.paho.org/xmlui/handle/123456789/34360,application/pdf,Country Cooperation Strategy- Argentina (2017-2021),,B03,es,
XM-DAC-928-AR-2022-23-14.003.AM01.ARG01,http://open.who.int/2022-23/country-programme/ARG/14.003,text/html,Budget,,A05,en,
XM-DAC-928-AR-2024-25-01.001.AM01.ARG01,http://iris.paho.org/xmlui/handle/123456789/34360,application/pdf,Country Cooperation Strategy- Argentina (2017-2021),,B03,es,
XM-DAC-928-AR-2024-25-01.001.AM01.ARG01,http://open.who.int/2024-25/country-programme/ARG/01.001,text/html,Budget,,A05,en,
XM-DAC-928-AR-2024-25-01.001.AM01.ARG02,http://iris.paho.org/xmlui/handle/123456789/34360,application/pdf,Country Cooperation Strategy- Argentina (2017-2021),,B03,es,
XM-DAC-928-AR-2024-25-01.001.AM01.ARG02,http://open.who.int/2024-25/country-programme/ARG/01.001,text/html,Budget,,A05,en,
XM-DAC-928-AR-2024-25-01.001.AM01.ARG03,http://iris.paho.org/xmlui/handle/123456789/34360,application/pdf,Country Cooperation Strategy- Argentina (2017-2021),,B03,es,
XM-DAC-928-AR-2024-25-01.001.AM01.ARG03,http://open.who.int/2024-25/country-programme/ARG/01.001,text/html,Budget,,A05,en,
XM-DAC-928-AR-2024-25-01.001.AM01.ARG04,http://iris.paho.org/xmlui/handle/123456789/34360,application/pdf,Country Cooperation Strategy- Argentina (2017-2021),,B03,es,
XM-DAC-928-AR-2024-25-01.001.AM01.ARG04,http://open.who.int/2024-25/country-programme/ARG/01.001,text/html,Budget,,A05,en,
XM-DAC-928-AR-2024-25-01.001.AM01.ARG05,http://iris.paho.org/xmlui/handle/123456789/34360,application/pdf,Country Cooperation Strategy- Argentina (2017-2021),,B03,es,
XM-DAC-928-AR-2024-25-01.001.AM01.ARG05,http://open.who.int/2024-25/country-programme/ARG/01.001,text/html,Budget,,A05,en,
XM-DAC-928-AR-2024-25-01.002.AM01.ARG01,http://iris.paho.org/xmlui/handle/123456789/34360,application/pdf,Country Cooperation Strategy- Argentina (2017-2021),,B03,es,
XM-DAC-928-AR-2024-25-01.002.AM01.ARG01,http://open.who.int/2024-25/country-programme/ARG/01.002,text/html,Budget,,A05,en,
XM-DAC-928-AR-2024-25-01.002.AM01.ARG02,http://iris.paho.org/xmlui/handle/123456789/34360,application/pdf,Country Cooperation Strategy- Argentina (2017-2021),,B03,es,
XM-DAC-928-AR-2024-25-01.002.AM01.ARG02,http://open.who.int/2024-25/country-programme/ARG/01.002,text/html,Budget,,A05,en,
XM-DAC-928-AR-2024-25-01.002.AM01.ARG03,http://iris.paho.org/xmlui/handle/123456789/34360,application/pdf,Country Cooperation Strategy- Argentina (2017-2021),,B03,es,
XM-DAC-928-AR-2024-25-01.002.AM01.ARG03,http://open.who.int/2024-25/country-programme/ARG/01.002,text/html,Budget,,A05,en,
XM-DAC-928-AR-2024-25-01.003.AM01.ARG01,http://iris.paho.org/xmlui/handle/123456789/34360,application/pdf,Country Cooperation Strategy- Argentina (2017-2021),,B03,es,
XM-DAC-928-AR-2024-25-01.003.AM01.ARG01,http://open.who.int/2024-25/country-programme/ARG/01.003,text/html,Budget,,A05,en,
XM-DAC-928-AR-2024-25-01.003.AM01.ARG02,http://iris.paho.org/xmlui/handle/123456789/34360,application/pdf,Country Cooperation Strategy- Argentina (2017-2021),,B03,es,
XM-DAC-928-AR-2024-25-01.003.AM01.ARG02,http://open.who.int/2024-25/country-programme/ARG/01.003,text/html,Budget,,A05,en,
XM-DAC-928-AR-2024-25-01.003.AM01.ARG03,http://iris.paho.org/xmlui/handle/123456789/34360,application/pdf,Country Cooperation Strategy- Argentina (2017-2021),,B03,es,
XM-DAC-928-AR-2024-25-01.003.AM01.ARG03,http://open.who.int/2024-25/country-programme/ARG/01.003,text/html,Budget,,A05,en,
XM-DAC-928-AR-2024-25-01.003.AM01.ARG04,http://iris.paho.org/xmlui/handle/123456789/34360,application/pdf,Country Cooperation Strategy- Argentina (2017-2021),,B03,es,
XM-DAC-928-AR-2024-25-01.003.AM01.ARG04,http://open.who.int/2024-25/country-programme/ARG/01.003,text/html,Budget,,A05,en,
XM-DAC-928-AR-2024-25-01.003.AM01.ARG05,http://iris.paho.org/xmlui/handle/123456789/34360,application/pdf,Country Cooperation Strategy- Argentina (2017-2021),,B03,es,
XM-DAC-928-AR-2024-25-01.003.AM01.ARG05,http://open.who.int/2024-25/country-programme/ARG/01.003,text/html,Budget,,A05,en,
XM-DAC-928-AR-2024-25-02.001.AM01.ARG01,http://iris.paho.org/xmlui/handle/123456789/34360,application/pdf,Country Cooperation Strategy- Argentina (2017-2021),,B03,es,
XM-DAC-928-AR-2024-25-02.001.AM01.ARG01,http://open.who.int/2024-25/country-programme/ARG/02.001,text/html,Budget,,A05,en,
XM-DAC-928-AR-2024-25-02.001.AM01.ARG02,http://iris.paho.org/xmlui/handle/123456789/34360,application/pdf,Country Cooperation Strategy- Argentina (2017-2021),,B03,es,
XM-DAC-928-AR-2024-25-02.001.AM01.ARG02,http://open.who.int/2024-25/country-programme/ARG/02.001,text/html,Budget,,A05,en,
XM-DAC-928-AR-2024-25-02.001.AM01.ARG03,http://iris.paho.org/xmlui/handle/123456789/34360,application/pdf,Country Cooperation Strategy- Argentina (2017-2021),,B03,es,
XM-DAC-928-AR-2024-25-02.001.AM01.ARG03,http://open.who.int/2024-25/country-programme/ARG/02.001,text/html,Budget,,A05,en,
XM-DAC-928-AR-2024-25-02.002.AM01.ARG01,http://iris.paho.org/xmlui/handle/123456789/34360,application/pdf,Country Cooperation Strategy- Argentina (2017-2021),,B03,es,
XM-DAC-928-AR-2024-25-02.002.AM01.ARG01,http://open.who.int/2024-25/country-programme/ARG/02.002,text/html,Budget,,A05,en,
XM-DAC-928-AR-2024-25-02.002.AM01.ARG02,http://iris.paho.org/xmlui/handle/123456789/34360,application/pdf,Country Cooperation Strategy- Argentina (2017-2021),,B03,es,
XM-DAC-928-AR-2024-25-02.002.AM01.ARG02,http://open.who.int/2024-25/country-programme/ARG/02.002,text/html,Budget,,A05,en,
XM-DAC-928-AR-2024-25-02.002.AM01.ARG03,http://iris.paho.org/xmlui/handle/123456789/34360,application/pdf,Country Cooperation Strategy- Argentina (2017-2021),,B03,es,
XM-DAC-928-AR-2024-25-02.002.AM01.ARG03,http://open.who.int/2024-25/country-programme/ARG/02.002,text/html,Budget,,A05,en,
XM-DAC-928-AR-2024-25-02.003.AM01.ARG01,http://iris.paho.org/xmlui/handle/123456789/34360,application/pdf,Country Cooperation Strategy- Argentina (2017-2021),,B03,es,
XM-DAC-928-AR-2024-25-02.003.AM01.ARG01,http://open.who.int/2024-25/country-programme/ARG/02.003,text/html,Budget,,A05,en,
XM-DAC-928-AR-2024-25-02.003.AM01.ARG02,http://iris.paho.org/xmlui/handle/123456789/34360,application/pdf,Country Cooperation Strategy- Argentina (2017-2021),,B03,es,
XM-DAC-928-AR-2024-25-02.003.AM01.ARG02,http://open.who.int/2024-25/country-programme/ARG/02.003,text/html,Budget,,A05,en,
XM-DAC-928-AR-2024-25-02.003.AM01.ARG03,http://iris.paho.org/xmlui/handle/123456789/34360,application/pdf,Country Cooperation Strategy- Argentina (2017-2021),,B03,es,
XM-DAC-928-AR-2024-25-02.003.AM01.ARG03,http://open.who.int/2024-25/country-programme/ARG/02.003,text/html,Budget,,A05,en,
XM-DAC-928-AR-2024-25-03.001.AM01.ARG01,http://iris.paho.org/xmlui/handle/123456789/34360,application/pdf,Country Cooperation Strategy- Argentina (2017-2021),,B03,es,
XM-DAC-928-AR-2024-25-03.001.AM01.ARG01,http://open.who.int/2024-25/country-programme/ARG/03.001,text/html,Budget,,A05,en,
XM-DAC-928-AR-2024-25-03.001.AM01.ARG02,http://iris.paho.org/xmlui/handle/123456789/34360,application/pdf,Country Cooperation Strategy- Argentina (2017-2021),,B03,es,
XM-DAC-928-AR-2024-25-03.001.AM01.ARG02,http://open.who.int/2024-25/country-programme/ARG/03.001,text/html,Budget,,A05,en,
XM-DAC-928-AR-2024-25-03.002.AM01.ARG01,http://iris.paho.org/xmlui/handle/123456789/34360,application/pdf,Country Cooperation Strategy- Argentina (2017-2021),,B03,es,
XM-DAC-928-AR-2024-25-03.002.AM01.ARG01,http://open.who.int/2024-25/country-programme/ARG/03.002,text/html,Budget,,A05,en,
XM-DAC-928-AR-2024-25-03.002.AM01.ARG02,http://iris.paho.org/xmlui/handle/123456789/34360,application/pdf,Country Cooperation Strategy- Argentina (2017-2021),,B03,es,
XM-DAC-928-AR-2024-25-03.002.AM01.ARG02,http://open.who.int/2024-25/country-programme/ARG/03.002,text/html,Budget,,A05,en,
XM-DAC-928-AR-2024-25-03.003.AM01.ARG01,http://iris.paho.org/xmlui/handle/123456789/34360,application/pdf,Country Cooperation Strategy- Argentina (2017-2021),,B03,es,
XM-DAC-928-AR-2024-25-03.003.AM01.ARG01,http://open.who.int/2024-25/country-programme/ARG/03.003,text/html,Budget,,A05,en,
XM-DAC-928-AR-2024-25-03.003.AM01.ARG02,http://iris.paho.org/xmlui/handle/123456789/34360,application/pdf,Country Cooperation Strategy- Argentina (2017-2021),,B03,es,
XM-DAC-928-AR-2024-25-03.003.AM01.ARG02,http://open.who.int/2024-25/country-programme/ARG/03.003,text/html,Budget,,A05,en,
XM-DAC-928-AR-2024-25-04.001.AM01.ARG01,http://iris.paho.org/xmlui/handle/123456789/34360,application/pdf,Country Cooperation Strategy- Argentina (2017-2021),,B03,es,
XM-DAC-928-AR-2024-25-04.001.AM01.ARG01,http://open.who.int/2024-25/country-programme/ARG/04.001,text/html,Budget,,A05,en,
XM-DAC-928-AR-2024-25-04.001.AM01.ARG02,http://iris.paho.org/xmlui/handle/123456789/34360,application/pdf,Country Cooperation Strategy- Argentina (2017-2021),,B03,es,
XM-DAC-928-AR-2024-25-04.001.AM01.ARG02,http://open.who.int/2024-25/country-programme/ARG/04.001,text/html,Budget,,A05,en,
XM-DAC-928-AR-2024-25-04.001.AM01.ARG03,http://iris.paho.org/xmlui/handle/123456789/34360,application/pdf,Country Cooperation Strategy- Argentina (2017-2021),,B03,es,
XM-DAC-928-AR-2024-25-04.001.AM01.ARG03,http://open.who.int/2024-25/country-programme/ARG/04.001,text/html,Budget,,A05,en,
XM-DAC-928-AR-2024-25-04.002.AM01.ARG01,http://iris.paho.org/xmlui/handle/123456789/34360,application/pdf,Country Cooperation Strategy- Argentina (2017-2021),,B03,es,
XM-DAC-928-AR-2024-25-04.002.AM01.ARG01,http://open.who.int/2024-25/country-programme/ARG/04.002,text/html,Budget,,A05,en,
XM-DAC-928-AR-2024-25-04.002.AM01.ARG02,http://iris.paho.org/xmlui/handle/123456789/34360,application/pdf,Country Cooperation Strategy- Argentina (2017-2021),,B03,es,
XM-DAC-928-AR-2024-25-04.002.AM01.ARG02,http://open.who.int/2024-25/country-programme/ARG/04.002,text/html,Budget,,A05,en,
XM-DAC-928-AR-2024-25-04.002.AM01.ARG03,http://iris.paho.org/xmlui/handle/123456789/34360,application/pdf,Country Cooperation Strategy- Argentina (2017-2021),,B03,es,
XM-DAC-928-AR-2024-25-04.002.AM01.ARG03,http://open.who.int/2024-25/country-programme/ARG/04.002,text/html,Budget,,A05,en,
XM-DAC-928-AR-2024-25-04.002.AM01.ARG04,http://iris.paho.org/xmlui/handle/123456789/34360,application/pdf,Country Cooperation Strategy- Argentina (2017-2021),,B03,es,
XM-DAC-928-AR-2024-25-04.002.AM01.ARG04,http://open.who.int/2024-25/country-programme/ARG/04.002,text/html,Budget,,A05,en,
XM-DAC-928-AR-2024-25-04.002.AM01.ARG05,http://iris.paho.org/xmlui/handle/123456789/34360,application/pdf,Country Cooperation Strategy- Argentina (2017-2021),,B03,es,
XM-DAC-928-AR-2024-25-04.002.AM01.ARG05,http://open.who.int/2024-25/country-programme/ARG/04.002,text/html,Budget,,A05,en,
XM-DAC-928-AR-2024-25-04.002.AM01.ARG06,http://iris.paho.org/xmlui/handle/123456789/34360,application/pdf,Country Cooperation Strategy- Argentina (2017-2021),,B03,es,
XM-DAC-928-AR-2024-25-04.002.AM01.ARG06,http://open.who.int/2024-25/country-programme/ARG/04.002,text/html,Budget,,A05,en,
XM-DAC-928-AR-2024-25-04.003.AM01.ARG01,http://iris.paho.org/xmlui/handle/123456789/34360,application/pdf,Country Cooperation Strategy- Argentina (2017-2021),,B03,es,
XM-DAC-928-AR-2024-25-04.003.AM01.ARG01,http://open.who.int/2024-25/country-programme/ARG/04.003,text/html,Budget,,A05,en,
XM-DAC-928-AR-2024-25-04.003.AM01.ARG02,http://iris.paho.org/xmlui/handle/123456789/34360,application/pdf,Country Cooperation Strategy- Argentina (2017-2021),,B03,es,
XM-DAC-928-AR-2024-25-04.003.AM01.ARG02,http://open.who.int/2024-25/country-programme/ARG/04.003,text/html,Budget,,A05,en,
XM-DAC-928-AR-2024-25-04.003.AM01.ARG03,http://iris.paho.org/xmlui/handle/123456789/34360,application/pdf,Country Cooperation Strategy- Argentina (2017-2021),,B03,es,
XM-DAC-928-AR-2024-25-04.003.AM01.ARG03,http://open.who.int/2024-25/country-programme/ARG/04.003,text/html,Budget,,A05,en,
XM-DAC-928-AR-2024-25-04.003.AM01.ARG04,http://iris.paho.org/xmlui/handle/123456789/34360,application/pdf,Country Cooperation Strategy- Argentina (2017-2021),,B03,es,
XM-DAC-928-AR-2024-25-04.003.AM01.ARG04,http://open.who.int/2024-25/country-programme/ARG/04.003,text/html,Budget,,A05,en,
XM-DAC-928-AR-2024-25-13.002.AM01.ARG02,http://iris.paho.org/xmlui/handle/123456789/34360,application/pdf,Country Cooperation Strategy- Argentina (2017-2021),,B03,es,
XM-DAC-928-AR-2024-25-13.002.AM01.ARG02,http://open.who.int/2024-25/country-programme/ARG/13.002,text/html,Budget,,A05,en,
