activity_identifier,transaction_ref,transaction_type,transaction_date,value,currency,value_date,description,description_lang,provider_org_ref,provider_org_name,provider_org_lang,provider_org_type,receiver_org_ref,receiver_org_name,receiver_org_lang,receiver_org_type,receiver_org_activity_id,disbursement_channel,flow_type,finance_type,aid_type,tied_status,humanitarian,recipient_region
44000-P145054,,2,2014-03-31,6750000,,2014-03-31,Total Commitment in March Month of 2014,,44002,IDA Credit,,,,,,,,,10,410,,,,
44000-P145054,,2,2014-03-31,38250000,,2014-03-31,Total Commitment in March Month of 2014,,44002,IDA Credit,,,,,,,,,10,410,,,,
44000-P145054,,2,2014-03-31,45000000,,2014-03-31,Total Commitment in March Month of 2014,,44002,IDA Credit,,,,,,,,,10,410,,,,
44000-P145054,,2,2014-03-31,120000000,,2014-03-31,Total Commitment in March Month of 2014,,44002,IDA Credit,,,,,,,,,10,410,,,,
44000-P145054,,2,2014-03-31,316500000,,2014-03-31,Total Commitment in March Month of 2014,,44002,IDA Credit,,,,,,,,,10,410,,,,
44000-P145054,,2,2019-05-31,65000000,,2019-05-31,Total Commitment in May Month of 2019,,44002,IDA Credit,,,,,,,,,10,410,,,,
44000-P145054,,2,2023-11-30,18300000,,2023-11-30,Total Commitment in November Month of 2023,,44002,IDA Credit,,,,,,,,,10,410,,,,
44000-P145054,,2,2023-11-30,11000000,,2023-11-30,Total Commitment in November Month of 2023,,44002,IDA Credit,,,,,,,,,10,410,,,,
44000-P145054,,3,2018-04-30,2338223,,2018-04-30,Total Disbursement in April Month of 2018,,44002,IDA Credit,,,,,,,,,10,410,,,,
44000-P145054,,3,2018-06-30,6248764,,2018-06-30,Total Disbursement in June Month of 2018,,44002,IDA Credit,,,,,,,,,10,410,,,,
44000-P145054,,3,2018-07-31,3000000,,2018-07-31,Total Disbursement in July Month of 2018,,44002,IDA Credit,,,,,,,,,10,410,,,,
44000-P145054,,3,2018-10-31,470194,,2018-10-31,Total Disbursement in October Month of 2018,,44002,IDA Credit,,,,,,,,,10,410,,,,
44000-P145054,,3,2018-11-30,17169822,,2018-11-30,Total Disbursement in November Month of 2018,,44002,IDA Credit,,,,,,,,,10,410,,,,
44000-P145054,,3,2019-03-31,32115108,,2019-03-31,Total Disbursement in March Month of 2019,,44002,IDA Credit,,,,,,,,,10,410,,,,
44000-P145054,,3,2019-04-30,2679000,,2019-04-30,Total Disbursement in April Month of 2019,,44002,IDA Credit,,,,,,,,,10,410,,,,
44000-P145054,,3,2019-04-30,14602539,,2019-04-30,Total Disbursement in April Month of 2019,,44002,IDA Credit,,,,,,,,,10,410,,,,
44000-P145054,,3,2019-05-31,3280800,,2019-05-31,Total Disbursement in May Month of 2019,,44002,IDA Credit,,,,,,,,,10,410,,,,
44000-P145054,,3,2019-06-30,139734,,2019-06-30,Total Disbursement in June Month of 2019,,44002,IDA Credit,,,,,,,,,10,410,,,,
44000-P145054,,3,2019-07-31,5961623,,2019-07-31,Total Disbursement in July Month of 2019,,44002,IDA Credit,,,,,,,,,10,410,,,,
44000-P145054,,3,2019-08-31,3606157,,2019-08-31,Total Disbursement in August Month of 2019,,44002,IDA Credit,,,,,,,,,10,410,,,,
44000-P145054,,3,2019-09-30,8722531,,2019-09-30,Total Disbursement in September Month of 2019,,44002,IDA Credit,,,,,,,,,10,410,,,,
44000-P145054,,3,2019-09-30,115515,,2019-09-30,Total Disbursement in September Month of 2019,,44002,IDA Credit,,,,,,,,,10,410,,,,
44000-P145054,,3,2019-09-30,10949722,,2019-09-30,Total Disbursement in September Month of 2019,,44002,IDA Credit,,,,,,,,,10,410,,,,
44000-P145054,,3,2019-10-31,19455696,,2019-10-31,Total Disbursement in October Month of 2019,,44002,IDA Credit,,,,,,,,,10,410,,,,
44000-P145054,,3,2019-10-31,1551662,,2019-10-31,Total Disbursement in October Month of 2019,,44002,IDA Credit,,,,,,,,,10,410,,,,
44000-P145054,,3,2019-10-31,639313,,2019-10-31,Total Disbursement in October Month of 2019,,44002,IDA Credit,,,,,,,,,10,410,,,,
44000-P145054,,3,2019-11-30,10696127,,2019-11-30,Total Disbursement in November Month of 2019,,44002,IDA Credit,,,,,,,,,10,410,,,,
44000-P145054,,3,2019-12-31,2649389,,2019-12-31,Total Disbursement in December Month of 2019,,44002,IDA Credit,,,,,,,,,10,410,,,,
44000-P145054,,3,2019-12-31,3012867,,2019-12-31,Total Disbursement in December Month of 2019,,44002,IDA Credit,,,,,,,,,10,410,,,,
44000-P145054,,3,2020-01-31,14979188,,2020-01-31,Total Disbursement in January Month of 2020,,44002,IDA Credit,,,,,,,,,10,410,,,,
44000-P145054,,3,2020-02-29,5695747,,2020-02-29,Total Disbursement in February Month of 2020,,44002,IDA Credit,,,,,,,,,10,410,,,,
44000-P145054,,3,2020-03-31,248960,,2020-03-31,Total Disbursement in March Month of 2020,,44002,IDA Credit,,,,,,,,,10,410,,,,
44000-P145054,,3,2020-04-30,2988105,,2020-04-30,Total Disbursement in April Month of 2020,,44002,IDA Credit,,,,,,,,,10,410,,,,
44000-P145054,,3,2020-05-31,8020681,,2020-05-31,Total Disbursement in May Month of 2020,,44002,IDA Credit,,,,,,,,,10,410,,,,
44000-P145054,,3,2020-06-30,401077,,2020-06-30,Total Disbursement in June Month of 2020,,44002,IDA Credit,,,,,,,,,10,410,,,,
44000-P145054,,3,2020-07-31,6448943,,2020-07-31,Total Disbursement in July Month of 2020,,44002,IDA Credit,,,,,,,,,10,410,,,,
44000-P145054,,3,2020-08-31,9993221,,2020-08-31,Total Disbursement in August Month of 2020,,44002,IDA Credit,,,,,,,,,10,410,,,,
44000-P145054,,3,2020-09-30,91059,,2020-09-30,Total Disbursement in September Month of 2020,,44002,IDA Credit,,,,,,,,,10,410,,,,
44000-P145054,,3,2020-09-30,3337481,,2020-09-30,Total Disbursement in September Month of 2020,,44002,IDA Credit,,,,,,,,,10,410,,,,
44000-P145054,,3,2020-10-31,9542497,,2020-10-31,Total Disbursement in October Month of 2020,,44002,IDA Credit,,,,,,,,,10,410,,,,
44000-P145054,,3,2020-11-30,853199,,2020-11-30,Total Disbursement in November Month of 2020,,44002,IDA Credit,,,,,,,,,10,410,,,,
44000-P145054,,3,2020-11-30,1197451,,2020-11-30,Total Disbursement in November Month of 2020,,44002,IDA Credit,,,,,,,,,10,410,,,,
44000-P145054,,3,2020-11-30,5118276,,2020-11-30,Total Disbursement in November Month of 2020,,44002,IDA Credit,,,,,,,,,10,410,,,,
44000-P145054,,3,2020-12-31,3536208,,2020-12-31,Total Disbursement in December Month of 2020,,44002,IDA Credit,,,,,,,,,10,410,,,,
44000-P145054,,3,2020-12-31,4050227,,2020-12-31,Total Disbursement in December Month of 2020,,44002,IDA Credit,,,,,,,,,10,410,,,,
44000-P145054,,3,2020-12-31,242399,,2020-12-31,Total Disbursement in December Month of 2020,,44002,IDA Credit,,,,,,,,,10,410,,,,
44000-P145054,,3,2021-01-31,5133311,,2021-01-31,Total Disbursement in January Month of 2021,,44002,IDA Credit,,,,,,,,,10,410,,,,
44000-P145054,,3,2021-02-28,1931584,,2021-02-28,Total Disbursement in February Month of 2021,,44002,IDA Credit,,,,,,,,,10,410,,,,
44000-P145054,,3,2021-02-28,2523087,,2021-02-28,Total Disbursement in February Month of 2021,,44002,IDA Credit,,,,,,,,,10,410,,,,
44000-P145054,,3,2021-04-30,348709,,2021-04-30,Total Disbursement in April Month of 2021,,44002,IDA Credit,,,,,,,,,10,410,,,,
44000-P145054,,3,2021-04-30,3033357,,2021-04-30,Total Disbursement in April Month of 2021,,44002,IDA Credit,,,,,,,,,10,410,,,,
44000-P145054,,3,2021-04-30,3348659,,2021-04-30,Total Disbursement in April Month of 2021,,44002,IDA Credit,,,,,,,,,10,410,,,,
44000-P145054,,3,2021-05-31,6389782,,2021-05-31,Total Disbursement in May Month of 2021,,44002,IDA Credit,,,,,,,,,10,410,,,,
44000-P145054,,3,2021-05-31,76462,,2021-05-31,Total Disbursement in May Month of 2021,,44002,IDA Credit,,,,,,,,,10,410,,,,
44000-P145054,,3,2021-05-31,7750387,,2021-05-31,Total Disbursement in May Month of 2021,,44002,IDA Credit,,,,,,,,,10,410,,,,
44000-P145054,,3,2021-06-30,8066365,,2021-06-30,Total Disbursement in June Month of 2021,,44002,IDA Credit,,,,,,,,,10,410,,,,
44000-P145054,,3,2021-06-30,713413,,2021-06-30,Total Disbursement in June Month of 2021,,44002,IDA Credit,,,,,,,,,10,410,,,,
44000-P145054,,3,2021-06-30,2880990,,2021-06-30,Total Disbursement in June Month of 2021,,44002,IDA Credit,,,,,,,,,10,410,,,,
44000-P145054,,3,2021-07-31,4812552,,2021-07-31,Total Disbursement in July Month of 2021,,44002,IDA Credit,,,,,,,,,10,410,,,,
44000-P145054,,3,2021-07-31,398286,,2021-07-31,Total Disbursement in July Month of 2021,,44002,IDA Credit,,,,,,,,,10,410,,,,
44000-P145054,,3,2021-08-31,2064956,,2021-08-31,Total Disbursement in August Month of 2021,,44002,IDA Credit,,,,,,,,,10,410,,,,
44000-P145054,,3,2021-08-31,1479615,,2021-08-31,Total Disbursement in August Month of 2021,,44002,IDA Credit,,,,,,,,,10,410,,,,
44000-P145054,,3,2021-08-31,990011,,2021-08-31,Total Disbursement in August Month of 2021,,44002,IDA Credit,,,,,,,,,10,410,,,,
44000-P145054,,3,2021-08-31,10673037,,2021-08-31,Total Disbursement in August Month of 2021,,44002,IDA Credit,,,,,,,,,10,410,,,,
44000-P145054,,3,2021-09-30,20840,,2021-09-30,Total Disbursement in September Month of 2021,,44002,IDA Credit,,,,,,,,,10,410,,,,
44000-P145054,,3,2021-09-30,4413852,,2021-09-30,Total Disbursement in September Month of 2021,,44002,IDA Credit,,,,,,,,,10,410,,,,
44000-P145054,,3,2021-09-30,966494,,2021-09-30,Total Disbursement in September Month of 2021,,44002,IDA Credit,,,,,,,,,10,410,,,,
44000-P145054,,3,2021-10-31,1748485,,2021-10-31,Total Disbursement in October Month of 2021,,44002,IDA Credit,,,,,,,,,10,410,,,,
44000-P145054,,3,2021-10-31,536856,,2021-10-31,Total Disbursement in October Month of 2021,,44002,IDA Credit,,,,,,,,,10,410,,,,
44000-P145054,,3,2021-10-31,1792616,,2021-10-31,Total Disbursement in October Month of 2021,,44002,IDA Credit,,,,,,,,,10,410,,,,
44000-P145054,,3,2021-11-30,2453388,,2021-11-30,Total Disbursement in November Month of 2021,,44002,IDA Credit,,,,,,,,,10,410,,,,
44000-P145054,,3,2021-11-30,144323,,2021-11-30,Total Disbursement in November Month of 2021,,44002,IDA Credit,,,,,,,,,10,410,,,,
44000-P145054,,3,2021-12-31,15028025,,2021-12-31,Total Disbursement in December Month of 2021,,44002,IDA Credit,,,,,,,,,10,410,,,,
44000-P145054,,3,2021-12-31,1119386,,2021-12-31,Total Disbursement in December Month of 2021,,44002,IDA Credit,,,,,,,,,10,410,,,,
44000-P145054,,3,2022-01-31,647619,,2022-01-31,Total Disbursement in January Month of 2022,,44002,IDA Credit,,,,,,,,,10,410,,,,
44000-P145054,,3,2022-01-31,1212536,,2022-01-31,Total Disbursement in January Month of 2022,,44002,IDA Credit,,,,,,,,,10,410,,,,
44000-P145054,,3,2022-02-28,210859,,2022-02-28,Total Disbursement in February Month of 2022,,44002,IDA Credit,,,,,,,,,10,410,,,,
44000-P145054,,3,2022-02-28,193301,,2022-02-28,Total Disbursement in February Month of 2022,,44002,IDA Credit,,,,,,,,,10,410,,,,
44000-P145054,,3,2022-02-28,5071666,,2022-02-28,Total Disbursement in February Month of 2022,,44002,IDA Credit,,,,,,,,,10,410,,,,
44000-P145054,,3,2022-02-28,615432,,2022-02-28,Total Disbursement in February Month of 2022,,44002,IDA Credit,,,,,,,,,10,410,,,,
44000-P145054,,3,2022-03-31,1774020,,2022-03-31,Total Disbursement in March Month of 2022,,44002,IDA Credit,,,,,,,,,10,410,,,,
44000-P145054,,3,2022-03-31,941576,,2022-03-31,Total Disbursement in March Month of 2022,,44002,IDA Credit,,,,,,,,,10,410,,,,
44000-P145054,,3,2022-03-31,550294,,2022-03-31,Total Disbursement in March Month of 2022,,44002,IDA Credit,,,,,,,,,10,410,,,,
44000-P145054,,3,2022-04-30,419831,,2022-04-30,Total Disbursement in April Month of 2022,,44002,IDA Credit,,,,,,,,,10,410,,,,
44000-P145054,,3,2022-04-30,161213,,2022-04-30,Total Disbursement in April Month of 2022,,44002,IDA Credit,,,,,,,,,10,410,,,,
44000-P145054,,3,2022-05-31,1595389,,2022-05-31,Total Disbursement in May Month of 2022,,44002,IDA Credit,,,,,,,,,10,410,,,,
44000-P145054,,3,2022-05-31,526723,,2022-05-31,Total Disbursement in May Month of 2022,,44002,IDA Credit,,,,,,,,,10,410,,,,
44000-P145054,,3,2022-06-30,79248,,2022-06-30,Total Disbursement in June Month of 2022,,44002,IDA Credit,,,,,,,,,10,410,,,,
44000-P145054,,3,2022-06-30,1897482,,2022-06-30,Total Disbursement in June Month of 2022,,44002,IDA Credit,,,,,,,,,10,410,,,,
44000-P145054,,3,2022-06-30,480308,,2022-06-30,Total Disbursement in June Month of 2022,,44002,IDA Credit,,,,,,,,,10,410,,,,
44000-P145054,,3,2022-07-31,81392,,2022-07-31,Total Disbursement in July Month of 2022,,44002,IDA Credit,,,,,,,,,10,410,,,,
44000-P145054,,3,2022-07-31,763024,,2022-07-31,Total Disbursement in July Month of 2022,,44002,IDA Credit,,,,,,,,,10,410,,,,
44000-P145054,,3,2022-07-31,3494454,,2022-07-31,Total Disbursement in July Month of 2022,,44002,IDA Credit,,,,,,,,,10,410,,,,
44000-P145054,,3,2022-08-31,1338214,,2022-08-31,Total Disbursement in August Month of 2022,,44002,IDA Credit,,,,,,,,,10,410,,,,
44000-P145054,,3,2022-08-31,1765531,,2022-08-31,Total Disbursement in August Month of 2022,,44002,IDA Credit,,,,,,,,,10,410,,,,
44000-P145054,,3,2022-09-30,6078481,,2022-09-30,Total Disbursement in September Month of 2022,,44002,IDA Credit,,,,,,,,,10,410,,,,
44000-P145054,,3,2022-10-31,1197833,,2022-10-31,Total Disbursement in October Month of 2022,,44002,IDA Credit,,,,,,,,,10,410,,,,
44000-P145054,,3,2022-10-31,143233,,2022-10-31,Total Disbursement in October Month of 2022,,44002,IDA Credit,,,,,,,,,10,410,,,,
44000-P145054,,3,2022-11-30,779668,,2022-11-30,Total Disbursement in November Month of 2022,,44002,IDA Credit,,,,,,,,,10,410,,,,
44000-P145054,,3,2022-11-30,1272740,,2022-11-30,Total Disbursement in November Month of 2022,,44002,IDA Credit,,,,,,,,,10,410,,,,
44000-P145054,,3,2022-11-30,98739,,2022-11-30,Total Disbursement in November Month of 2022,,44002,IDA Credit,,,,,,,,,10,410,,,,
44000-P145054,,3,2022-12-31,808530,,2022-12-31,Total Disbursement in December Month of 2022,,44002,IDA Credit,,,,,,,,,10,410,,,,
44000-P145054,,3,2022-12-31,193409,,2022-12-31,Total Disbursement in December Month of 2022,,44002,IDA Credit,,,,,,,,,10,410,,,,
44000-P145054,,3,2022-12-31,568475,,2022-12-31,Total Disbursement in December Month of 2022,,44002,IDA Credit,,,,,,,,,10,410,,,,
44000-P145054,,3,2023-01-31,2062903,,2023-01-31,Total Disbursement in January Month of 2023,,44002,IDA Credit,,,,,,,,,10,410,,,,
44000-P145054,,3,2023-01-31,296122,,2023-01-31,Total Disbursement in January Month of 2023,,44002,IDA Credit,,,,,,,,,10,410,,,,
44000-P145054,,3,2023-01-31,129211,,2023-01-31,Total Disbursement in January Month of 2023,,44002,IDA Credit,,,,,,,,,10,410,,,,
44000-P145054,,3,2023-02-28,384921,,2023-02-28,Total Disbursement in February Month of 2023,,44002,IDA Credit,,,,,,,,,10,410,,,,
44000-P145054,,3,2023-02-28,4386907,,2023-02-28,Total Disbursement in February Month of 2023,,44002,IDA Credit,,,,,,,,,10,410,,,,
44000-P145054,,3,2023-02-28,1716813,,2023-02-28,Total Disbursement in February Month of 2023,,44002,IDA Credit,,,,,,,,,10,410,,,,
44000-P145054,,3,2023-03-31,792465,,2023-03-31,Total Disbursement in March Month of 2023,,44002,IDA Credit,,,,,,,,,10,410,,,,
44000-P145054,,3,2023-03-31,1735683,,2023-03-31,Total Disbursement in March Month of 2023,,44002,IDA Credit,,,,,,,,,10,410,,,,
44000-P145054,,3,2023-03-31,4122621,,2023-03-31,Total Disbursement in March Month of 2023,,44002,IDA Credit,,,,,,,,,10,410,,,,
44000-P145054,,3,2023-04-30,245606,,2023-04-30,Total Disbursement in April Month of 2023,,44002,IDA Credit,,,,,,,,,10,410,,,,
44000-P145054,,3,2023-04-30,811694,,2023-04-30,Total Disbursement in April Month of 2023,,44002,IDA Credit,,,,,,,,,10,410,,,,
44000-P145054,,3,2023-05-31,736751,,2023-05-31,Total Disbursement in May Month of 2023,,44002,IDA Credit,,,,,,,,,10,410,,,,
44000-P145054,,3,2023-05-31,1774186,,2023-05-31,Total Disbursement in May Month of 2023,,44002,IDA Credit,,,,,,,,,10,410,,,,
44000-P145054,,3,2023-05-31,17953,,2023-05-31,Total Disbursement in May Month of 2023,,44002,IDA Credit,,,,,,,,,10,410,,,,
44000-P145054,,3,2023-06-30,1000324,,2023-06-30,Total Disbursement in June Month of 2023,,44002,IDA Credit,,,,,,,,,10,410,,,,
44000-P145054,,3,2023-06-30,9836488,,2023-06-30,Total Disbursement in June Month of 2023,,44002,IDA Credit,,,,,,,,,10,410,,,,
44000-P145054,,3,2023-06-30,13989,,2023-06-30,Total Disbursement in June Month of 2023,,44002,IDA Credit,,,,,,,,,10,410,,,,
44000-P145054,,3,2023-07-31,33046,,2023-07-31,Total Disbursement in July Month of 2023,,44002,IDA Credit,,,,,,,,,10,410,,,,
44000-P145054,,3,2023-07-31,588765,,2023-07-31,Total Disbursement in July Month of 2023,,44002,IDA Credit,,,,,,,,,10,410,,,,
44000-P145054,,3,2023-07-31,11763627,,2023-07-31,Total Disbursement in July Month of 2023,,44002,IDA Credit,,,,,,,,,10,410,,,,
44000-P145054,,3,2023-08-31,435191,,2023-08-31,Total Disbursement in August Month of 2023,,44002,IDA Credit,,,,,,,,,10,410,,,,
44000-P145054,,3,2023-08-31,2445001,,2023-08-31,Total Disbursement in August Month of 2023,,44002,IDA Credit,,,,,,,,,10,410,,,,
44000-P145054,,3,2023-08-31,1330018,,2023-08-31,Total Disbursement in August Month of 2023,,44002,IDA Credit,,,,,,,,,10,410,,,,
44000-P145054,,3,2023-09-30,27672,,2023-09-30,Total Disbursement in September Month of 2023,,44002,IDA Credit,,,,,,,,,10,410,,,,
44000-P145054,,3,2023-09-30,202672,,2023-09-30,Total Disbursement in September Month of 2023,,44002,IDA Credit,,,,,,,,,10,410,,,,
44000-P145054,,3,2023-09-30,1135109,,2023-09-30,Total Disbursement in September Month of 2023,,44002,IDA Credit,,,,,,,,,10,410,,,,
44000-P145054,,3,2023-10-31,599012,,2023-10-31,Total Disbursement in October Month of 2023,,44002,IDA Credit,,,,,,,,,10,410,,,,
44000-P145054,,3,2023-10-31,637845,,2023-10-31,Total Disbursement in October Month of 2023,,44002,IDA Credit,,,,,,,,,10,410,,,,
44000-P145054,,3,2023-10-31,16370,,2023-10-31,Total Disbursement in October Month of 2023,,44002,IDA Credit,,,,,,,,,10,410,,,,
44000-P145054,,3,2023-11-30,37500,,2023-11-30,Total Disbursement in November Month of 2023,,44002,IDA Credit,,,,,,,,,10,410,,,,
44000-P145054,,3,2023-11-30,12322209,,2023-11-30,Total Disbursement in November Month of 2023,,44002,IDA Credit,,,,,,,,,10,410,,,,
44000-P145054,,3,2023-11-30,18536,,2023-11-30,Total Disbursement in November Month of 2023,,44002,IDA Credit,,,,,,,,,10,410,,,,
44000-P145054,,3,2023-12-31,1940283,,2023-12-31,Total Disbursement in December Month of 2023,,44002,IDA Credit,,,,,,,,,10,410,,,,
44000-P145054,,3,2023-12-31,7065,,2023-12-31,Total Disbursement in December Month of 2023,,44002,IDA Credit,,,,,,,,,10,410,,,,
44000-P145054,,3,2023-12-31,444985,,2023-12-31,Total Disbursement in December Month of 2023,,44002,IDA Credit,,,,,,,,,10,410,,,,
44000-P145054,,3,2024-01-31,924891,,2024-01-31,Total Disbursement in January Month of 2024,,44002,IDA Credit,,,,,,,,,10,410,,,,
44000-P145054,,3,2024-01-31,262273,,2024-01-31,Total Disbursement in January Month of 2024,,44002,IDA Credit,,,,,,,,,10,410,,,,
44000-P145054,,3,2024-02-29,2791441,,2024-02-29,Total Disbursement in February Month of 2024,,44002,IDA Credit,,,,,,,,,10,410,,,,
44000-P145054,,3,2024-02-29,1850257,,2024-02-29,Total Disbursement in February Month of 2024,,44002,IDA Credit,,,,,,,,,10,410,,,,
44000-P145054,,3,2024-02-29,44216,,2024-02-29,Total Disbursement in February Month of 2024,,44002,IDA Credit,,,,,,,,,10,410,,,,
44000-P145054,,3,2024-03-31,204475,,2024-03-31,Total Disbursement in March Month of 2024,,44002,IDA Credit,,,,,,,,,10,410,,,,
44000-P145054,,3,2024-03-31,1516129,,2024-03-31,Total Disbursement in March Month of 2024,,44002,IDA Credit,,,,,,,,,10,410,,,,
44000-P145054,,3,2024-04-30,70602,,2024-04-30,Total Disbursement in April Month of 2024,,44002,IDA Credit,,,,,,,,,10,410,,,,
44000-P145054,,3,2024-04-30,598809,,2024-04-30,Total Disbursement in April Month of 2024,,44002,IDA Credit,,,,,,,,,10,410,,,,
44000-P145054,,3,2024-04-30,13204799,,2024-04-30,Total Disbursement in April Month of 2024,,44002,IDA Credit,,,,,,,,,10,410,,,,
44000-P145054,,3,2024-05-31,805102,,2024-05-31,Total Disbursement in May Month of 2024,,44002,IDA Credit,,,,,,,,,10,410,,,,
44000-P145054,,3,2024-05-31,60363,,2024-05-31,Total Disbursement in May Month of 2024,,44002,IDA Credit,,,,,,,,,10,410,,,,
44000-P145054,,3,2024-06-30,6254,,2024-06-30,Total Disbursement in June Month of 2024,,44002,IDA Credit,,,,,,,,,10,410,,,,
44000-P145054,,3,2024-06-30,6594116,,2024-06-30,Total Disbursement in June Month of 2024,,44002,IDA Credit,,,,,,,,,10,410,,,,
44000-P145054,,3,2024-06-30,3508125,,2024-06-30,Total Disbursement in June Month of 2024,,44002,IDA Credit,,,,,,,,,10,410,,,,
44000-P145054,,3,2024-07-31,5836,,2024-07-31,Total Disbursement in July Month of 2024,,44002,IDA Credit,,,,,,,,,10,410,,,,
44000-P145054,,3,2024-07-31,217583,,2024-07-31,Total Disbursement in July Month of 2024,,44002,IDA Credit,,,,,,,,,10,410,,,,
44000-P145054,,3,2024-07-31,96587,,2024-07-31,Total Disbursement in July Month of 2024,,44002,IDA Credit,,,,,,,,,10,410,,,,
44000-P145054,,3,2024-08-31,220494,,2024-08-31,Total Disbursement in August Month of 2024,,44002,IDA Credit,,,,,,,,,10,410,,,,
44000-P145054,,3,2024-08-31,148020,,2024-08-31,Total Disbursement in August Month of 2024,,44002,IDA Credit,,,,,,,,,10,410,,,,
44000-P145054,,3,2024-09-30,9479,,2024-09-30,Total Disbursement in September Month of 2024,,44002,IDA Credit,,,,,,,,,10,410,,,,
44000-P145054,,3,2024-09-30,695458,,2024-09-30,Total Disbursement in September Month of 2024,,44002,IDA Credit,,,,,,,,,10,410,,,,
44000-P145054,,3,2024-10-31,22822,,2024-10-31,Total Disbursement in October Month of 2024,,44002,IDA Credit,,,,,,,,,10,410,,,,
44000-P145054,,3,2024-10-31,50000,,2024-10-31,Total Disbursement in October Month of 2024,,44002,IDA Credit,,,,,,,,,10,410,,,,
44000-P145054,,3,2024-10-31,854334,,2024-10-31,Total Disbursement in October Month of 2024,,44002,IDA Credit,,,,,,,,,10,410,,,,
44000-P145054,,3,2024-11-30,36793,,2024-11-30,Total Disbursement in November Month of 2024,,44002,IDA Credit,,,,,,,,,10,410,,,,
44000-P145054,,3,2024-11-30,5199,,2024-11-30,Total Disbursement in November Month of 2024,,44002,IDA Credit,,,,,,,,,10,410,,,,
44000-P145054,,3,2024-11-30,-58991,,2024-11-30,Total Disbursement in November Month of 2024,,44002,IDA Credit,,,,,,,,,10,410,,,,
44000-P145054,,3,2024-12-31,3126782,,2024-12-31,Total Disbursement in December Month of 2024,,44002,IDA Credit,,,,,,,,,10,410,,,,
44000-P145054,,3,2024-12-31,9552623,,2024-12-31,Total Disbursement in December Month of 2024,,44002,IDA Credit,,,,,,,,,10,410,,,,
44000-P145054,,3,2024-12-31,258208,,2024-12-31,Total Disbursement in December Month of 2024,,44002,IDA Credit,,,,,,,,,10,410,,,,
44000-P145054,,3,2025-01-31,50000,,2025-01-31,Total Disbursement in January Month of 2025,,44002,IDA Credit,,,,,,,,,10,410,,,,
44000-P145054,,3,2025-01-31,139598,,2025-01-31,Total Disbursement in January Month of 2025,,44002,IDA Credit,,,,,,,,,10,410,,,,
44000-P145054,,3,2025-02-28,482009,,2025-02-28,Total Disbursement in February Month of 2025,,44002,IDA Credit,,,,,,,,,10,410,,,,
44000-P145054,,3,2025-02-28,111616,,2025-02-28,Total Disbursement in February Month of 2025,,44002,IDA Credit,,,,,,,,,10,410,,,,
44000-P145054,,3,2025-02-28,8247077,,2025-02-28,Total Disbursement in February Month of 2025,,44002,IDA Credit,,,,,,,,,10,410,,,,
44000-P145054,,5,2019-10-31,-135077,,2019-10-31,Total Interest Repayment in October Month of 2019,,44002,IDA Credit,,,,,,,,,10,410,,,,
44000-P145054,,5,2020-02-29,-3985,,2020-02-29,Total Interest Repayment in February Month of 2020,,44002,IDA Credit,,,,,,,,,10,410,,,,
44000-P145054,,5,2020-04-30,-202241,,2020-04-30,Total Interest Repayment in April Month of 2020,,44002,IDA Credit,,,,,,,,,10,410,,,,
44000-P145054,,5,2020-08-31,-5864,,2020-08-31,Total Interest Repayment in August Month of 2020,,44002,IDA Credit,,,,,,,,,10,410,,,,
44000-P145054,,5,2020-10-31,-192984,,2020-10-31,Total Interest Repayment in October Month of 2020,,44002,IDA Credit,,,,,,,,,10,410,,,,
44000-P145054,,5,2021-02-28,-8154,,2021-02-28,Total Interest Repayment in February Month of 2021,,44002,IDA Credit,,,,,,,,,10,410,,,,
44000-P145054,,5,2021-04-30,-190620,,2021-04-30,Total Interest Repayment in April Month of 2021,,44002,IDA Credit,,,,,,,,,10,410,,,,
44000-P145054,,5,2021-08-31,-11819,,2021-08-31,Total Interest Repayment in August Month of 2021,,44002,IDA Credit,,,,,,,,,10,410,,,,
44000-P145054,,5,2021-10-31,-371126,,2021-10-31,Total Interest Repayment in October Month of 2021,,44002,IDA Credit,,,,,,,,,10,410,,,,
44000-P145054,,5,2022-01-31,-2611,,2022-01-31,Total Interest Repayment in January Month of 2022,,44002,IDA Credit,,,,,,,,,10,410,,,,
44000-P145054,,5,2022-02-28,-27502,,2022-02-28,Total Interest Repayment in February Month of 2022,,44002,IDA Credit,,,,,,,,,10,410,,,,
44000-P145054,,5,2022-04-30,-657688,,2022-04-30,Total Interest Repayment in April Month of 2022,,44002,IDA Credit,,,,,,,,,10,410,,,,
44000-P145054,,5,2022-07-31,-20522,,2022-07-31,Total Interest Repayment in July Month of 2022,,44002,IDA Credit,,,,,,,,,10,410,,,,
44000-P145054,,5,2022-08-31,-60085,,2022-08-31,Total Interest Repayment in August Month of 2022,,44002,IDA Credit,,,,,,,,,10,410,,,,
44000-P145054,,5,2022-10-31,-690218,,2022-10-31,Total Interest Repayment in October Month of 2022,,44002,IDA Credit,,,,,,,,,10,410,,,,
44000-P145054,,5,2023-01-31,-96425,,2023-01-31,Total Interest Repayment in January Month of 2023,,44002,IDA Credit,,,,,,,,,10,410,,,,
44000-P145054,,5,2023-02-28,-78739,,2023-02-28,Total Interest Repayment in February Month of 2023,,44002,IDA Credit,,,,,,,,,10,410,,,,
44000-P145054,,5,2023-04-30,-745675,,2023-04-30,Total Interest Repayment in April Month of 2023,,44002,IDA Credit,,,,,,,,,10,410,,,,
44000-P145054,,5,2023-07-31,-185232,,2023-07-31,Total Interest Repayment in July Month of 2023,,44002,IDA Credit,,,,,,,,,10,410,,,,
44000-P145054,,5,2023-08-31,-118339,,2023-08-31,Total Interest Repayment in August Month of 2023,,44002,IDA Credit,,,,,,,,,10,410,,,,
44000-P145054,,5,2023-10-31,-745256,,2023-10-31,Total Interest Repayment in October Month of 2023,,44002,IDA Credit,,,,,,,,,10,410,,,,
44000-P145054,,5,2024-01-31,-329554,,2024-01-31,Total Interest Repayment in January Month of 2024,,44002,IDA Credit,,,,,,,,,10,410,,,,
44000-P145054,,5,2024-02-29,-123933,,2024-02-29,Total Interest Repayment in February Month of 2024,,44002,IDA Credit,,,,,,,,,10,410,,,,
44000-P145054,,5,2024-04-30,-759939,,2024-04-30,Total Interest Repayment in April Month of 2024,,44002,IDA Credit,,,,,,,,,10,410,,,,
44000-P145054,,5,2024-07-31,-401534,,2024-07-31,Total Interest Repayment in July Month of 2024,,44002,IDA Credit,,,,,,,,,10,410,,,,
44000-P145054,,5,2024-08-31,-118267,,2024-08-31,Total Interest Repayment in August Month of 2024,,44002,IDA Credit,,,,,,,,,10,410,,,,
44000-P145054,,5,2024-10-31,-718657,,2024-10-31,Total Interest Repayment in October Month of 2024,,44002,IDA Credit,,,,,,,,,10,410,,,,
44000-P145054,,5,2025-01-31,-451726,,2025-01-31,Total Interest Repayment in January Month of 2025,,44002,IDA Credit,,,,,,,,,10,410,,,,
44000-P145054,,5,2025-02-28,-128663,,2025-02-28,Total Interest Repayment in February Month of 2025,,44002,IDA Credit,,,,,,,,,10,410,,,,
44000-P145054,,6,2019-10-31,-3519323,,2019-10-31,Total Loan Repayment in October Month of 2019,,44002,IDA Credit,,,,,,,,,10,410,,,,
44000-P145054,,6,2020-04-30,-1764687,,2020-04-30,Total Loan Repayment in April Month of 2020,,44002,IDA Credit,,,,,,,,,10,410,,,,
44000-P145054,,6,2020-10-31,-1822321,,2020-10-31,Total Loan Repayment in October Month of 2020,,44002,IDA Credit,,,,,,,,,10,410,,,,
44000-P145054,,6,2021-04-30,-1830202,,2021-04-30,Total Loan Repayment in April Month of 2021,,44002,IDA Credit,,,,,,,,,10,410,,,,
44000-P145054,,6,2021-10-31,-1823820,,2021-10-31,Total Loan Repayment in October Month of 2021,,44002,IDA Credit,,,,,,,,,10,410,,,,
44000-P145054,,6,2022-04-30,-1783382,,2022-04-30,Total Loan Repayment in April Month of 2022,,44002,IDA Credit,,,,,,,,,10,410,,,,
44000-P145054,,6,2022-10-31,-1653541,,2022-10-31,Total Loan Repayment in October Month of 2022,,44002,IDA Credit,,,,,,,,,10,410,,,,
44000-P145054,,6,2023-04-30,-1737970,,2023-04-30,Total Loan Repayment in April Month of 2023,,44002,IDA Credit,,,,,,,,,10,410,,,,
44000-P145054,,6,2023-10-31,-1698888,,2023-10-31,Total Loan Repayment in October Month of 2023,,44002,IDA Credit,,,,,,,,,10,410,,,,
44000-P145054,,6,2024-04-30,-1710128,,2024-04-30,Total Loan Repayment in April Month of 2024,,44002,IDA Credit,,,,,,,,,10,410,,,,
44000-P145054,,6,2024-07-31,-1018789,,2024-07-31,Total Loan Repayment in July Month of 2024,,44002,IDA Credit,,,,,,,,,10,410,,,,
44000-P145054,,6,2024-08-31,-334643,,2024-08-31,Total Loan Repayment in August Month of 2024,,44002,IDA Credit,,,,,,,,,10,410,,,,
44000-P145054,,6,2024-10-31,-1744766,,2024-10-31,Total Loan Repayment in October Month of 2024,,44002,IDA Credit,,,,,,,,,10,410,,,,
44000-P145054,,6,2025-01-31,-1009201,,2025-01-31,Total Loan Repayment in January Month of 2025,,44002,IDA Credit,,,,,,,,,10,410,,,,
44000-P145054,,6,2025-02-28,-327613,,2025-02-28,Total Loan Repayment in February Month of 2025,,44002,IDA Credit,,,,,,,,,10,410,,,,
44000-P126193,,2,2011-06-30,2250000,,2011-06-30,Total Commitment in June Month of 2011,,44002,IDA Credit,,,,,,,,,10,,,,,
44000-P126193,,2,2017-05-31,-6454,,2017-05-31,Total Commitment Cancellations in May Month of 2017,,44002,IDA Credit,,,,,,,,,10,,,,,
44000-P126193,,3,2012-11-30,177231,,2012-11-30,Total Disbursement in November Month of 2012,,44002,IDA Credit,,,,,,,,,10,,,,,
44000-P126193,,3,2013-04-30,24263,,2013-04-30,Total Disbursement in April Month of 2013,,44002,IDA Credit,,,,,,,,,10,,,,,
44000-P126193,,3,2013-06-30,10295,,2013-06-30,Total Disbursement in June Month of 2013,,44002,IDA Credit,,,,,,,,,10,,,,,
44000-P126193,,3,2013-09-30,24956,,2013-09-30,Total Disbursement in September Month of 2013,,44002,IDA Credit,,,,,,,,,10,,,,,
44000-P126193,,3,2014-01-31,845683,,2014-01-31,Total Disbursement in January Month of 2014,,44002,IDA Credit,,,,,,,,,10,,,,,
44000-P126193,,3,2015-03-31,162618,,2015-03-31,Total Disbursement in March Month of 2015,,44002,IDA Credit,,,,,,,,,10,,,,,
44000-P126193,,3,2015-05-31,236742,,2015-05-31,Total Disbursement in May Month of 2015,,44002,IDA Credit,,,,,,,,,10,,,,,
44000-P126193,,3,2015-09-30,564712,,2015-09-30,Total Disbursement in September Month of 2015,,44002,IDA Credit,,,,,,,,,10,,,,,
44000-P126193,,3,2017-03-31,-3953,,2017-03-31,Total Disbursement in March Month of 2017,,44002,IDA Credit,,,,,,,,,10,,,,,
44000-P126193,,5,2013-05-31,-677,,2013-05-31,Total Interest Repayment in May Month of 2013,,44002,IDA Credit,,,,,,,,,10,,,,,
44000-P126193,,5,2013-11-30,-834,,2013-11-30,Total Interest Repayment in November Month of 2013,,44002,IDA Credit,,,,,,,,,10,,,,,
44000-P126193,,5,2014-05-31,-2929,,2014-05-31,Total Interest Repayment in May Month of 2014,,44002,IDA Credit,,,,,,,,,10,,,,,
44000-P126193,,5,2014-11-30,-3889,,2014-11-30,Total Interest Repayment in November Month of 2014,,44002,IDA Credit,,,,,,,,,10,,,,,
44000-P126193,,5,2015-05-31,-3641,,2015-05-31,Total Interest Repayment in May Month of 2015,,44002,IDA Credit,,,,,,,,,10,,,,,
44000-P126193,,5,2015-11-30,-6167,,2015-11-30,Total Interest Repayment in November Month of 2015,,44002,IDA Credit,,,,,,,,,10,,,,,
44000-P126193,,5,2016-05-31,-7307,,2016-05-31,Total Interest Repayment in May Month of 2016,,44002,IDA Credit,,,,,,,,,10,,,,,
44000-P126193,,5,2016-11-30,-7236,,2016-11-30,Total Interest Repayment in November Month of 2016,,44002,IDA Credit,,,,,,,,,10,,,,,
44000-P126193,,5,2017-05-31,-7076,,2017-05-31,Total Interest Repayment in May Month of 2017,,44002,IDA Credit,,,,,,,,,10,,,,,
44000-P126193,,5,2017-11-30,-7499,,2017-11-30,Total Interest Repayment in November Month of 2017,,44002,IDA Credit,,,,,,,,,10,,,,,
44000-P126193,,5,2018-05-31,-7473,,2018-05-31,Total Interest Repayment in May Month of 2018,,44002,IDA Credit,,,,,,,,,10,,,,,
44000-P126193,,5,2018-11-30,-7229,,2018-11-30,Total Interest Repayment in November Month of 2018,,44002,IDA Credit,,,,,,,,,10,,,,,
44000-P126193,,5,2019-05-31,-7232,,2019-05-31,Total Interest Repayment in May Month of 2019,,44002,IDA Credit,,,,,,,,,10,,,,,
44000-P126193,,5,2019-11-30,-7185,,2019-11-30,Total Interest Repayment in November Month of 2019,,44002,IDA Credit,,,,,,,,,10,,,,,
44000-P126193,,5,2020-05-31,-7119,,2020-05-31,Total Interest Repayment in May Month of 2020,,44002,IDA Credit,,,,,,,,,10,,,,,
44000-P126193,,5,2020-11-30,-7412,,2020-11-30,Total Interest Repayment in November Month of 2020,,44002,IDA Credit,,,,,,,,,10,,,,,
44000-P126193,,5,2021-05-31,-7491,,2021-05-31,Total Interest Repayment in May Month of 2021,,44002,IDA Credit,,,,,,,,,10,,,,,
44000-P126193,,5,2021-11-30,-7403,,2021-11-30,Total Interest Repayment in November Month of 2021,,44002,IDA Credit,,,,,,,,,10,,,,,
44000-P126193,,5,2022-05-31,-6614,,2022-05-31,Total Interest Repayment in May Month of 2022,,44002,IDA Credit,,,,,,,,,10,,,,,
44000-P126193,,5,2022-11-30,-4628,,2022-11-30,Total Interest Repayment in November Month of 2022,,44002,IDA Credit,,,,,,,,,10,,,,,
44000-P126193,,5,2023-05-31,-6710,,2023-05-31,Total Interest Repayment in May Month of 2023,,44002,IDA Credit,,,,,,,,,10,,,,,
44000-P126193,,5,2023-11-30,-5833,,2023-11-30,Total Interest Repayment in November Month of 2023,,44002,IDA Credit,,,,,,,,,10,,,,,
44000-P126193,,5,2024-05-31,-5773,,2024-05-31,Total Interest Repayment in May Month of 2024,,44002,IDA Credit,,,,,,,,,10,,,,,
44000-P126193,,5,2024-11-30,-4817,,2024-11-30,Total Interest Repayment in November Month of 2024,,44002,IDA Credit,,,,,,,,,10,,,,,
44000-P126193,,6,2021-11-30,-98008,,2021-11-30,Total Loan Repayment in November Month of 2021,,44002,IDA Credit,,,,,,,,,10,,,,,
44000-P126193,,6,2022-05-31,-92835,,2022-05-31,Total Loan Repayment in May Month of 2022,,44002,IDA Credit,,,,,,,,,10,,,,,
44000-P126193,,6,2022-11-30,-91803,,2022-11-30,Total Loan Repayment in November Month of 2022,,44002,IDA Credit,,,,,,,,,10,,,,,
44000-P126193,,6,2023-05-31,-93665,,2023-05-31,Total Loan Repayment in May Month of 2023,,44002,IDA Credit,,,,,,,,,10,,,,,
44000-P126193,,6,2023-11-30,-92527,,2023-11-30,Total Loan Repayment in November Month of 2023,,44002,IDA Credit,,,,,,,,,10,,,,,
44000-P126193,,6,2024-05-31,-92520,,2024-05-31,Total Loan Repayment in May Month of 2024,,44002,IDA Credit,,,,,,,,,10,,,,,
44000-P126193,,6,2024-11-30,-91706,,2024-11-30,Total Loan Repayment in November Month of 2024,,44002,IDA Credit,,,,,,,,,10,,,,,
44000-P121210,,2,2011-04-30,36000000,,2011-04-30,Total Commitment in April Month of 2011,,44002,IDA Credit,,,,,,,,,10,410,,,,
44000-P121210,,2,2011-04-30,3000000,,2011-04-30,Total Commitment in April Month of 2011,,44002,IDA Credit,,,,,,,,,10,410,,,,
44000-P121210,,2,2015-05-31,-19312,,2015-05-31,Total Commitment Cancellations in May Month of 2015,,44002,IDA Credit,,,,,,,,,10,410,,,,
44000-P121210,,2,2017-07-31,-959,,2017-07-31,Total Commitment Cancellations in July Month of 2017,,44002,IDA Credit,,,,,,,,,10,410,,,,
44000-P121210,,2,2018-04-30,-4095378,,2018-04-30,Total Commitment Cancellations in April Month of 2018,,44002,IDA Credit,,,,,,,,,10,410,,,,
44000-P121210,,3,2012-01-31,2135448,,2012-01-31,Total Disbursement in January Month of 2012,,44002,IDA Credit,,,,,,,,,10,410,,,,
44000-P121210,,3,2012-01-31,166691,,2012-01-31,Total Disbursement in January Month of 2012,,44002,IDA Credit,,,,,,,,,10,410,,,,
44000-P121210,,3,2012-07-31,608763,,2012-07-31,Total Disbursement in July Month of 2012,,44002,IDA Credit,,,,,,,,,10,410,,,,
44000-P121210,,3,2012-07-31,65601,,2012-07-31,Total Disbursement in July Month of 2012,,44002,IDA Credit,,,,,,,,,10,410,,,,
44000-P121210,,3,2012-08-31,772210,,2012-08-31,Total Disbursement in August Month of 2012,,44002,IDA Credit,,,,,,,,,10,410,,,,
44000-P121210,,3,2013-01-31,173593,,2013-01-31,Total Disbursement in January Month of 2013,,44002,IDA Credit,,,,,,,,,10,410,,,,
44000-P121210,,3,2013-02-28,38142,,2013-02-28,Total Disbursement in February Month of 2013,,44002,IDA Credit,,,,,,,,,10,410,,,,
44000-P121210,,3,2013-04-30,125015,,2013-04-30,Total Disbursement in April Month of 2013,,44002,IDA Credit,,,,,,,,,10,410,,,,
44000-P121210,,3,2013-05-31,164969,,2013-05-31,Total Disbursement in May Month of 2013,,44002,IDA Credit,,,,,,,,,10,410,,,,
44000-P121210,,3,2013-07-31,443484,,2013-07-31,Total Disbursement in July Month of 2013,,44002,IDA Credit,,,,,,,,,10,410,,,,
44000-P121210,,3,2013-10-31,93797,,2013-10-31,Total Disbursement in October Month of 2013,,44002,IDA Credit,,,,,,,,,10,410,,,,
44000-P121210,,3,2013-10-31,559368,,2013-10-31,Total Disbursement in October Month of 2013,,44002,IDA Credit,,,,,,,,,10,410,,,,
44000-P121210,,3,2013-11-30,1030,,2013-11-30,Total Disbursement in November Month of 2013,,44002,IDA Credit,,,,,,,,,10,410,,,,
44000-P121210,,3,2013-11-30,709333,,2013-11-30,Total Disbursement in November Month of 2013,,44002,IDA Credit,,,,,,,,,10,410,,,,
44000-P121210,,3,2014-01-31,178576,,2014-01-31,Total Disbursement in January Month of 2014,,44002,IDA Credit,,,,,,,,,10,410,,,,
44000-P121210,,3,2014-02-28,158921,,2014-02-28,Total Disbursement in February Month of 2014,,44002,IDA Credit,,,,,,,,,10,410,,,,
44000-P121210,,3,2014-03-31,230263,,2014-03-31,Total Disbursement in March Month of 2014,,44002,IDA Credit,,,,,,,,,10,410,,,,
44000-P121210,,3,2014-04-30,1125626,,2014-04-30,Total Disbursement in April Month of 2014,,44002,IDA Credit,,,,,,,,,10,410,,,,
44000-P121210,,3,2014-05-31,360961,,2014-05-31,Total Disbursement in May Month of 2014,,44002,IDA Credit,,,,,,,,,10,410,,,,
44000-P121210,,3,2014-06-30,1021223,,2014-06-30,Total Disbursement in June Month of 2014,,44002,IDA Credit,,,,,,,,,10,410,,,,
44000-P121210,,3,2014-07-31,81735,,2014-07-31,Total Disbursement in July Month of 2014,,44002,IDA Credit,,,,,,,,,10,410,,,,
44000-P121210,,3,2014-08-31,1293536,,2014-08-31,Total Disbursement in August Month of 2014,,44002,IDA Credit,,,,,,,,,10,410,,,,
44000-P121210,,3,2014-10-31,431860,,2014-10-31,Total Disbursement in October Month of 2014,,44002,IDA Credit,,,,,,,,,10,410,,,,
44000-P121210,,3,2014-11-30,1669078,,2014-11-30,Total Disbursement in November Month of 2014,,44002,IDA Credit,,,,,,,,,10,410,,,,
44000-P121210,,3,2014-12-31,214340,,2014-12-31,Total Disbursement in December Month of 2014,,44002,IDA Credit,,,,,,,,,10,410,,,,
44000-P121210,,3,2015-01-31,882146,,2015-01-31,Total Disbursement in January Month of 2015,,44002,IDA Credit,,,,,,,,,10,410,,,,
44000-P121210,,3,2015-02-28,992782,,2015-02-28,Total Disbursement in February Month of 2015,,44002,IDA Credit,,,,,,,,,10,410,,,,
44000-P121210,,3,2015-03-31,821072,,2015-03-31,Total Disbursement in March Month of 2015,,44002,IDA Credit,,,,,,,,,10,410,,,,
44000-P121210,,3,2015-05-31,742515,,2015-05-31,Total Disbursement in May Month of 2015,,44002,IDA Credit,,,,,,,,,10,410,,,,
44000-P121210,,3,2015-06-30,1926686,,2015-06-30,Total Disbursement in June Month of 2015,,44002,IDA Credit,,,,,,,,,10,410,,,,
44000-P121210,,3,2015-07-31,585343,,2015-07-31,Total Disbursement in July Month of 2015,,44002,IDA Credit,,,,,,,,,10,410,,,,
44000-P121210,,3,2015-08-31,956660,,2015-08-31,Total Disbursement in August Month of 2015,,44002,IDA Credit,,,,,,,,,10,410,,,,
44000-P121210,,3,2015-09-30,756420,,2015-09-30,Total Disbursement in September Month of 2015,,44002,IDA Credit,,,,,,,,,10,410,,,,
44000-P121210,,3,2015-11-30,420766,,2015-11-30,Total Disbursement in November Month of 2015,,44002,IDA Credit,,,,,,,,,10,410,,,,
44000-P121210,,3,2015-12-31,753637,,2015-12-31,Total Disbursement in December Month of 2015,,44002,IDA Credit,,,,,,,,,10,410,,,,
44000-P121210,,3,2015-12-31,1038846,,2015-12-31,Total Disbursement in December Month of 2015,,44002,IDA Credit,,,,,,,,,10,410,,,,
44000-P121210,,3,2016-02-29,991071,,2016-02-29,Total Disbursement in February Month of 2016,,44002,IDA Credit,,,,,,,,,10,410,,,,
44000-P121210,,3,2016-03-31,302114,,2016-03-31,Total Disbursement in March Month of 2016,,44002,IDA Credit,,,,,,,,,10,410,,,,
44000-P121210,,3,2016-04-30,462595,,2016-04-30,Total Disbursement in April Month of 2016,,44002,IDA Credit,,,,,,,,,10,410,,,,
44000-P121210,,3,2016-05-31,438666,,2016-05-31,Total Disbursement in May Month of 2016,,44002,IDA Credit,,,,,,,,,10,410,,,,
44000-P121210,,3,2016-06-30,1704212,,2016-06-30,Total Disbursement in June Month of 2016,,44002,IDA Credit,,,,,,,,,10,410,,,,
44000-P121210,,3,2016-07-31,760357,,2016-07-31,Total Disbursement in July Month of 2016,,44002,IDA Credit,,,,,,,,,10,410,,,,
44000-P121210,,3,2016-08-31,1295653,,2016-08-31,Total Disbursement in August Month of 2016,,44002,IDA Credit,,,,,,,,,10,410,,,,
44000-P121210,,3,2016-09-30,403296,,2016-09-30,Total Disbursement in September Month of 2016,,44002,IDA Credit,,,,,,,,,10,410,,,,
44000-P121210,,3,2016-09-30,505652,,2016-09-30,Total Disbursement in September Month of 2016,,44002,IDA Credit,,,,,,,,,10,410,,,,
44000-P121210,,3,2016-10-31,721161,,2016-10-31,Total Disbursement in October Month of 2016,,44002,IDA Credit,,,,,,,,,10,410,,,,
44000-P121210,,3,2016-11-30,766200,,2016-11-30,Total Disbursement in November Month of 2016,,44002,IDA Credit,,,,,,,,,10,410,,,,
44000-P121210,,3,2016-12-31,1073469,,2016-12-31,Total Disbursement in December Month of 2016,,44002,IDA Credit,,,,,,,,,10,410,,,,
44000-P121210,,3,2017-05-31,335,,2017-05-31,Total Disbursement in May Month of 2017,,44002,IDA Credit,,,,,,,,,10,410,,,,
44000-P121210,,3,2017-08-31,-18968,,2017-08-31,Total Disbursement in August Month of 2017,,44002,IDA Credit,,,,,,,,,10,410,,,,
44000-P121210,,3,2017-11-30,-417845,,2017-11-30,Total Disbursement in November Month of 2017,,44002,IDA Credit,,,,,,,,,10,410,,,,
44000-P121210,,5,2012-09-30,-10395,,2012-09-30,Total Interest Repayment in September Month of 2012,,44002,IDA Credit,,,,,,,,,10,410,,,,
44000-P121210,,5,2013-03-31,-11822,,2013-03-31,Total Interest Repayment in March Month of 2013,,44002,IDA Credit,,,,,,,,,10,410,,,,
44000-P121210,,5,2013-09-30,-12435,,2013-09-30,Total Interest Repayment in September Month of 2013,,44002,IDA Credit,,,,,,,,,10,410,,,,
44000-P121210,,5,2014-03-31,-17222,,2014-03-31,Total Interest Repayment in March Month of 2014,,44002,IDA Credit,,,,,,,,,10,410,,,,
44000-P121210,,5,2014-09-30,-26072,,2014-09-30,Total Interest Repayment in September Month of 2014,,44002,IDA Credit,,,,,,,,,10,410,,,,
44000-P121210,,5,2015-03-31,-36060,,2015-03-31,Total Interest Repayment in March Month of 2015,,44002,IDA Credit,,,,,,,,,10,410,,,,
44000-P121210,,5,2015-09-30,-52577,,2015-09-30,Total Interest Repayment in September Month of 2015,,44002,IDA Credit,,,,,,,,,10,410,,,,
44000-P121210,,5,2016-03-31,-69560,,2016-03-31,Total Interest Repayment in March Month of 2016,,44002,IDA Credit,,,,,,,,,10,410,,,,
44000-P121210,,5,2016-09-30,-81786,,2016-09-30,Total Interest Repayment in September Month of 2016,,44002,IDA Credit,,,,,,,,,10,410,,,,
44000-P121210,,5,2017-03-31,-98594,,2017-03-31,Total Interest Repayment in March Month of 2017,,44002,IDA Credit,,,,,,,,,10,410,,,,
44000-P121210,,5,2017-09-30,-106147,,2017-09-30,Total Interest Repayment in September Month of 2017,,44002,IDA Credit,,,,,,,,,10,410,,,,
44000-P121210,,5,2018-03-31,-108966,,2018-03-31,Total Interest Repayment in March Month of 2018,,44002,IDA Credit,,,,,,,,,10,410,,,,
44000-P121210,,5,2018-09-30,-106408,,2018-09-30,Total Interest Repayment in September Month of 2018,,44002,IDA Credit,,,,,,,,,10,410,,,,
44000-P121210,,5,2019-03-31,-104168,,2019-03-31,Total Interest Repayment in March Month of 2019,,44002,IDA Credit,,,,,,,,,10,410,,,,
44000-P121210,,5,2019-09-30,-102757,,2019-09-30,Total Interest Repayment in September Month of 2019,,44002,IDA Credit,,,,,,,,,10,410,,,,
44000-P121210,,5,2020-03-31,-102856,,2020-03-31,Total Interest Repayment in March Month of 2020,,44002,IDA Credit,,,,,,,,,10,410,,,,
44000-P121210,,5,2020-09-30,-103140,,2020-09-30,Total Interest Repayment in September Month of 2020,,44002,IDA Credit,,,,,,,,,10,410,,,,
44000-P121210,,5,2021-03-31,-111120,,2021-03-31,Total Interest Repayment in March Month of 2021,,44002,IDA Credit,,,,,,,,,10,410,,,,
44000-P121210,,5,2021-09-30,-106598,,2021-09-30,Total Interest Repayment in September Month of 2021,,44002,IDA Credit,,,,,,,,,10,410,,,,
44000-P121210,,5,2022-03-31,-103419,,2022-03-31,Total Interest Repayment in March Month of 2022,,44002,IDA Credit,,,,,,,,,10,410,,,,
44000-P121210,,5,2022-09-30,-95560,,2022-09-30,Total Interest Repayment in September Month of 2022,,44002,IDA Credit,,,,,,,,,10,410,,,,
44000-P121210,,5,2023-03-31,-96082,,2023-03-31,Total Interest Repayment in March Month of 2023,,44002,IDA Credit,,,,,,,,,10,410,,,,
44000-P121210,,5,2023-09-30,-96454,,2023-09-30,Total Interest Repayment in September Month of 2023,,44002,IDA Credit,,,,,,,,,10,410,,,,
44000-P121210,,5,2024-03-31,-94396,,2024-03-31,Total Interest Repayment in March Month of 2024,,44002,IDA Credit,,,,,,,,,10,410,,,,
44000-P121210,,5,2024-09-30,-86679,,2024-09-30,Total Interest Repayment in September Month of 2024,,44002,IDA Credit,,,,,,,,,10,410,,,,
44000-P121210,,6,2021-09-30,-284262,,2021-09-30,Total Loan Repayment in September Month of 2021,,44002,IDA Credit,,,,,,,,,10,410,,,,
44000-P121210,,6,2022-03-31,-278569,,2022-03-31,Total Loan Repayment in March Month of 2022,,44002,IDA Credit,,,,,,,,,10,410,,,,
44000-P121210,,6,2022-09-30,-260029,,2022-09-30,Total Loan Repayment in September Month of 2022,,44002,IDA Credit,,,,,,,,,10,410,,,,
44000-P121210,,6,2023-03-31,-266412,,2023-03-31,Total Loan Repayment in March Month of 2023,,44002,IDA Credit,,,,,,,,,10,410,,,,
44000-P121210,,6,2023-09-30,-265643,,2023-09-30,Total Loan Repayment in September Month of 2023,,44002,IDA Credit,,,,,,,,,10,410,,,,
44000-P121210,,6,2024-03-31,-264970,,2024-03-31,Total Loan Repayment in March Month of 2024,,44002,IDA Credit,,,,,,,,,10,410,,,,
44000-P121210,,6,2024-09-30,-268956,,2024-09-30,Total Loan Repayment in September Month of 2024,,44002,IDA Credit,,,,,,,,,10,410,,,,
44000-P171269,,2,2020-05-31,37000000,,2020-05-31,Total Commitment in May Month of 2020,,44002,IDA Credit,,,,,,,,,10,410,,,,
44000-P171269,,3,2021-03-31,93141,,2021-03-31,Total Disbursement in March Month of 2021,,44002,IDA Credit,,,,,,,,,10,410,,,,
44000-P171269,,3,2022-07-31,893837,,2022-07-31,Total Disbursement in July Month of 2022,,44002,IDA Credit,,,,,,,,,10,410,,,,
44000-P171269,,3,2022-08-31,151887,,2022-08-31,Total Disbursement in August Month of 2022,,44002,IDA Credit,,,,,,,,,10,410,,,,
44000-P171269,,3,2023-01-31,2458052,,2023-01-31,Total Disbursement in January Month of 2023,,44002,IDA Credit,,,,,,,,,10,410,,,,
44000-P171269,,3,2023-06-30,817093,,2023-06-30,Total Disbursement in June Month of 2023,,44002,IDA Credit,,,,,,,,,10,410,,,,
44000-P171269,,3,2023-10-31,615749,,2023-10-31,Total Disbursement in October Month of 2023,,44002,IDA Credit,,,,,,,,,10,410,,,,
44000-P171269,,3,2024-01-31,218907,,2024-01-31,Total Disbursement in January Month of 2024,,44002,IDA Credit,,,,,,,,,10,410,,,,
44000-P171269,,3,2024-03-31,5123939,,2024-03-31,Total Disbursement in March Month of 2024,,44002,IDA Credit,,,,,,,,,10,410,,,,
44000-P171269,,3,2024-04-30,800000,,2024-04-30,Total Disbursement in April Month of 2024,,44002,IDA Credit,,,,,,,,,10,410,,,,
44000-P171269,,3,2024-06-30,4329202,,2024-06-30,Total Disbursement in June Month of 2024,,44002,IDA Credit,,,,,,,,,10,410,,,,
44000-P171269,,3,2024-07-31,4119561,,2024-07-31,Total Disbursement in July Month of 2024,,44002,IDA Credit,,,,,,,,,10,410,,,,
44000-P171269,,3,2024-10-31,2099522,,2024-10-31,Total Disbursement in October Month of 2024,,44002,IDA Credit,,,,,,,,,10,410,,,,
44000-P171269,,3,2025-01-31,3406705,,2025-01-31,Total Disbursement in January Month of 2025,,44002,IDA Credit,,,,,,,,,10,410,,,,
44000-P171054,,2,2020-05-31,12000000,,2020-05-31,Total Commitment in May Month of 2020,,44002,IDA Credit,,,,,,,,,10,410,,,,
44000-P171054,,2,2020-05-31,24000000,,2020-05-31,Total Commitment in May Month of 2020,,44002,IDA Credit,,,,,,,,,10,410,,,,
44000-P171054,,2,2023-12-31,-3689999,,2023-12-31,Total Commitment Cancellations in December Month of 2023,,44002,IDA Credit,,,,,,,,,10,410,,,,
44000-P171054,,3,2020-09-30,226054,,2020-09-30,Total Disbursement in September Month of 2020,,44002,IDA Credit,,,,,,,,,10,410,,,,
44000-P171054,,3,2020-09-30,499374,,2020-09-30,Total Disbursement in September Month of 2020,,44002,IDA Credit,,,,,,,,,10,410,,,,
44000-P171054,,3,2020-11-30,2273000,,2020-11-30,Total Disbursement in November Month of 2020,,44002,IDA Credit,,,,,,,,,10,410,,,,
44000-P171054,,3,2021-02-28,500626,,2021-02-28,Total Disbursement in February Month of 2021,,44002,IDA Credit,,,,,,,,,10,410,,,,
44000-P171054,,3,2021-06-30,882944,,2021-06-30,Total Disbursement in June Month of 2021,,44002,IDA Credit,,,,,,,,,10,410,,,,
44000-P171054,,3,2021-09-30,1454822,,2021-09-30,Total Disbursement in September Month of 2021,,44002,IDA Credit,,,,,,,,,10,410,,,,
44000-P171054,,3,2022-05-31,326699,,2022-05-31,Total Disbursement in May Month of 2022,,44002,IDA Credit,,,,,,,,,10,410,,,,
44000-P171054,,3,2022-07-31,363359,,2022-07-31,Total Disbursement in July Month of 2022,,44002,IDA Credit,,,,,,,,,10,410,,,,
44000-P171054,,3,2022-08-31,1617081,,2022-08-31,Total Disbursement in August Month of 2022,,44002,IDA Credit,,,,,,,,,10,410,,,,
44000-P171054,,3,2022-09-30,438789,,2022-09-30,Total Disbursement in September Month of 2022,,44002,IDA Credit,,,,,,,,,10,410,,,,
44000-P171054,,3,2022-10-31,-213054,,2022-10-31,Total Disbursement in October Month of 2022,,44002,IDA Credit,,,,,,,,,10,410,,,,
44000-P171054,,3,2022-10-31,956690,,2022-10-31,Total Disbursement in October Month of 2022,,44002,IDA Credit,,,,,,,,,10,410,,,,
44000-P171054,,3,2022-12-31,437107,,2022-12-31,Total Disbursement in December Month of 2022,,44002,IDA Credit,,,,,,,,,10,410,,,,
44000-P171054,,3,2023-03-31,904261,,2023-03-31,Total Disbursement in March Month of 2023,,44002,IDA Credit,,,,,,,,,10,410,,,,
44000-P171054,,3,2023-04-30,880000,,2023-04-30,Total Disbursement in April Month of 2023,,44002,IDA Credit,,,,,,,,,10,410,,,,
44000-P171054,,3,2023-05-31,110000,,2023-05-31,Total Disbursement in May Month of 2023,,44002,IDA Credit,,,,,,,,,10,410,,,,
44000-P171054,,3,2023-06-30,870348,,2023-06-30,Total Disbursement in June Month of 2023,,44002,IDA Credit,,,,,,,,,10,410,,,,
44000-P171054,,3,2023-08-31,512137,,2023-08-31,Total Disbursement in August Month of 2023,,44002,IDA Credit,,,,,,,,,10,410,,,,
44000-P171054,,3,2023-09-30,690253,,2023-09-30,Total Disbursement in September Month of 2023,,44002,IDA Credit,,,,,,,,,10,410,,,,
44000-P171054,,3,2023-12-31,519423,,2023-12-31,Total Disbursement in December Month of 2023,,44002,IDA Credit,,,,,,,,,10,410,,,,
44000-P171054,,3,2023-12-31,550218,,2023-12-31,Total Disbursement in December Month of 2023,,44002,IDA Credit,,,,,,,,,10,410,,,,
44000-P171054,,3,2024-02-29,669288,,2024-02-29,Total Disbursement in February Month of 2024,,44002,IDA Credit,,,,,,,,,10,410,,,,
44000-P171054,,3,2024-04-30,347241,,2024-04-30,Total Disbursement in April Month of 2024,,44002,IDA Credit,,,,,,,,,10,410,,,,
44000-P171054,,3,2024-04-30,824005,,2024-04-30,Total Disbursement in April Month of 2024,,44002,IDA Credit,,,,,,,,,10,410,,,,
44000-P171054,,3,2024-05-31,-376721,,2024-05-31,Total Disbursement in May Month of 2024,,44002,IDA Credit,,,,,,,,,10,410,,,,
44000-P171054,,3,2024-06-30,970904,,2024-06-30,Total Disbursement in June Month of 2024,,44002,IDA Credit,,,,,,,,,10,410,,,,
44000-P171054,,3,2024-06-30,762189,,2024-06-30,Total Disbursement in June Month of 2024,,44002,IDA Credit,,,,,,,,,10,410,,,,
44000-P171054,,3,2024-08-31,423329,,2024-08-31,Total Disbursement in August Month of 2024,,44002,IDA Credit,,,,,,,,,10,410,,,,
44000-P171054,,3,2024-10-31,810385,,2024-10-31,Total Disbursement in October Month of 2024,,44002,IDA Credit,,,,,,,,,10,410,,,,
44000-P171054,,3,2024-10-31,1385423,,2024-10-31,Total Disbursement in October Month of 2024,,44002,IDA Credit,,,,,,,,,10,410,,,,
44000-P171054,,3,2024-12-31,609161,,2024-12-31,Total Disbursement in December Month of 2024,,44002,IDA Credit,,,,,,,,,10,410,,,,
44000-P171054,,3,2024-12-31,519702,,2024-12-31,Total Disbursement in December Month of 2024,,44002,IDA Credit,,,,,,,,,10,410,,,,
44000-P171054,,3,2025-02-28,754909,,2025-02-28,Total Disbursement in February Month of 2025,,44002,IDA Credit,,,,,,,,,10,410,,,,
44000-P171054,,3,2025-02-28,310406,,2025-02-28,Total Disbursement in February Month of 2025,,44002,IDA Credit,,,,,,,,,10,410,,,,
