activity_identifier,title,description,activity_status,activity_scope,default_currency,humanitarian,hierarchy,last_updated_datetime,xml_lang,reporting_org_ref,reporting_org_name,reporting_org_type,planned_start_date,actual_start_date,planned_end_date,actual_end_date,recipient_country_code,recipient_country_name,recipient_country_lang,recipient_region_code,recipient_region_name,recipient_region_lang,collaboration_type,default_flow_type,default_finance_type,default_aid_type,default_tied_status
XM-DAC-46007-500437,Programa de Obras Estratégicas de Infraestructura Vial (Programa de Obras),"La operación consiste en la ampliación del monto y alcance del préstamo 2080 del CONAVI, mediante el cual se financia el Programa de Obras Estratégicas de Infraestructura Vial. El Programa de Obras consiste en un conjunto de obras de construcción, reconstrucción y rehabilitación de carreteras y puentes de la Red Vial Nacional que en resumen incluye: nuevas carreteras en zonas urbanas de San José, la conclusión del tramo norte del anillo periférico o Carretera de Circunvalación, además del acceso a obras portuarias, la ampliación y rehabilitación de tres puentes nacionales y cuatro pasos a desnivel nuevos.",1,,USD,0,1,2025-11-27T11:23:57.523Z,es,XM-DAC-46007,Banco Centroamericano de Integración Económica,40,2025-01-27,,,,CR,Costa Rica,es,,,,,,,,
XM-DAC-46007-500834,Ampliación y Rehabilitación de la Autopista Philip Goldson,"Financiar parcialmente la ampliación y rehabilitación, de una sección con una longitud de 25.75 kilómetros (16.0 millas), de la Autopista Philip Goldson la cual conecta la Ciudad de Belice con la frontera Sur de México, beneficiando el traslado de las exportaciones e importaciones, el empleo temporal durante la ejecución del proyecto y los ahorros de mantenimiento durante la operación del mismo.",1,,USD,0,1,2025-11-27T11:23:57.523Z,es,XM-DAC-46007,Banco Centroamericano de Integración Económica,40,2026-01-01,,,,BZ,Belice,es,,,,,,,,
XM-DAC-46007-500218,Programa de Sostenibilidad del Sector Eléctrico de Nicaragua,"El programa consiste en el desarrollo de una serie de proyectos que permitirán, por una parte, la reducción de pérdidas de energía y, por otra parte, el mejoramiento de la infraestructura de la red de distribución de energía eléctrica lo que redundará en una mejora en la sostenibilidad del sector eléctrico de Nicaragua.",1,,USD,0,1,2025-11-27T11:23:57.523Z,es,XM-DAC-46007,Banco Centroamericano de Integración Económica,40,2026-01-01,,,,NI,Nicaragua,es,,,,,,,,
XM-DAC-46007-501079,Programa de Crédito para la Agroindustria y Cajas Rurales,"El Programa de Crédito para la Agroindustria y Cajas Rurales, consiste en el financiamiento a la República de Honduras destinados a financiar el fortalecimiento operativo, administrativo y financiero de cajas rurales , brindando asistencia técnica, capital productivo  y crédito, en apoyo a micro, pequeño y medianos  agricultores organizados (asociaciones, cooperativas, cajas rurales), y no organizados (productores independientes), con la finalidad de incrementar y mejorar la productividad del sector agropecuario y agroindustrial del país, y así contribuir a la seguridad alimentaria de familias pobres con producción de autoconsumo e incremento de los ingresos por medio de comercialización de productos agroalimentarios. ",1,,USD,0,1,2025-11-27T11:23:57.523Z,es,XM-DAC-46007,Banco Centroamericano de Integración Económica,40,2026-01-01,,,,HN,Honduras,es,,,,,,,,
XM-DAC-46007-501078,Programa de Carreteras Resilientes de Honduras (PCR),"El Programa de Carreteras Resilientes de Honduras, contempla la intervención en la zona oriente, occidente y norte del país con 351.1 km conformados por siete tramos carreteros que forman parte de la red vial primaria y secundaria del país, divididos así: i) la rehabilitación y mejoramiento de 335.1 km y; ii) la construcción de una carretera nueva con longitud de 16.0 km.",1,,USD,0,1,2025-11-27T11:23:57.523Z,es,XM-DAC-46007,Banco Centroamericano de Integración Económica,40,2026-01-01,,,,HN,Honduras,es,,,,,,,,
XM-DAC-46007-500267,Programa de Alcantarillado y Control de Inundaciones para Limón,"El Programa de Alcantarillado y Control de Inundaciones para Limón, está compuesto por dos proyectos, cuyo objetivo conjunto es proveer a esa región del país con las condiciones de saneamiento básico necesarias que mejoren la calidad de vida de la población, estos son: a) Proyecto de Alcantarillado Sanitario para Limón y b) Proyecto del Sistema de Control de Inundaciones en el Área de Limoncito.",1,,USD,0,1,2025-11-27T11:23:57.523Z,es,XM-DAC-46007,Banco Centroamericano de Integración Económica,40,2026-01-01,,,,CR,Costa Rica,es,,,,,,,,
XM-DAC-46007-501148,Programa de Apoyo a la Seguridad Alimentaria en Argentina. Fase III,El Programa se encuentra dirigido a apoyar parcialmente las transferencias monetarias que realiza el Gobierno de Argentina con el objetivo de complementar los ingresos de las familias en situación de vulnerabilidad social del país y apoyar la seguridad alimentaria.,1,,USD,0,1,2025-11-27T11:23:57.523Z,es,XM-DAC-46007,Banco Centroamericano de Integración Económica,40,2026-01-01,,,,AR,Argentina,es,,,,,,,,
XM-DAC-46007-501128,Programa de Recuperación Sostenible del Lago de Yojoa,"El programa consiste en la implementación de una serie de acciones dirigidas al rescate sostenible y la recuperación de la Cuenca del Lago de Yojoa, mediante la reducción de las presiones contaminantes, el mejoramiento de la calidad del agua y la promoción de una gestión integral y sostenible de la misma; todas ellas enfocadas en recuperar las condiciones del sitio, en beneficio de las comunidades y ecosistemas.",1,,USD,0,1,2025-11-27T11:23:57.523Z,es,XM-DAC-46007,Banco Centroamericano de Integración Económica,40,2026-01-01,,,,HN,Honduras,es,,,,,,,,
XM-DAC-46007-302411,Programa de Sostenibilidad del Sector Agua y Saneamiento Rural,"Ampliación del acceso a los servicios de Agua y Saneamiento en las zonas rurales del país, invirtiendo al mismo tiempo en el fortalecimiento de las capacidades tanto a nivel municipal como comunitario, lo que contribuye a garantizar la sostenibilidad de dichas inversiones.",1,,USD,0,1,2025-11-27T11:23:57.523Z,es,XM-DAC-46007,Banco Centroamericano de Integración Económica,40,2026-01-01,,,,NI,Nicaragua,es,,,,,,,,
XM-DAC-46007-500192,Proyecto de Gestión por Resultados en Salud para la Atención de Población Adulta Mayor en la Argentina (PROGERSA),"Con este Proyecto el gobierno argentino buscar el mejoramiento y fortalecimiento de las capacidades de gestión del INSSJP, en beneficio de más de 4.8 millones de personas, en su mayoría adultos mayores, que atiende a través de la implementación de un modelo de gestión por resultados en salud, así como el mejoramiento en los sistemas de información sobre el historial clínico de las personas y con el desarrollo de estudios para tener un mejor conocimiento de la situación de salud y las características sociales de grupos poblaciones de mayor vulnerabilidad, tales como la población centenaria y los veteranos de la guerra de Malvinas.",1,,USD,0,1,2025-11-27T11:23:57.523Z,es,XM-DAC-46007,Banco Centroamericano de Integración Económica,40,2026-01-01,,,,AR,Argentina,es,,,,,,,,
XM-DAC-46007-500276,Proyecto de Saneamiento de Bluefield,"El proyecto consiste en la construcción del sistema de alcantarillado sanitario y planta de tratamiento de la ciudad de Bluefields, que permitirá la recolección, conducción y tratamiento de las aguas residuales generadas en la ciudad y de la bahía de Bluefields; se cumplirá con la normativa nacional en material ambiental y sanitaria; y se mejorará la salud y calidad de vida de la población.",1,,USD,0,1,2025-11-27T11:23:57.523Z,es,XM-DAC-46007,Banco Centroamericano de Integración Económica,40,2026-01-01,,,,NI,Nicaragua,es,,,,,,,,
XM-DAC-46007-500429,Proyecto de Mejoramiento y Ampliación de los Sistemas de Agua Potable y Saneamiento en 7 Ciudades,"El proyecto comprende el mejoramiento y ampliación de los sistemas de alcantarillado sanitario de las ciudades de Chichigalpa, Chinandega, El Viejo, León, Jinotepe y Ciudad Darío (incluyendo la comunidad adyacente de Las Calabazas); la construcción del sistema de alcantarillado sanitario de la ciudad de Telica; y el mejoramiento y ampliación de los sistemas de agua potable de las ciudades de León y Jinotepe. El proyecto contempla en el rubro de saneamiento 51,788 conexiones intradomiciliaries, 496.02 km en red de colectores, 8 plantas de tratamiento etc. En la parte de Agua potable 214.86 km de red de distribución, 11,968 conexiones nuevas, 13 tanques, 19 pozos nuevos etc.",1,,USD,0,1,2025-11-27T11:23:57.523Z,es,XM-DAC-46007,Banco Centroamericano de Integración Económica,40,2026-01-01,,,,NI,Nicaragua,es,,,,,,,,
XM-DAC-46007-500901,Programa de Emergencia para la Reconstrucción Integral y Resiliente de Infraestructura - PROERI,"El Programa busca apoyar a la República de Costa Rica en la construcción y/o rehabilitación de más de 80 puentes, 150 tramos de carreteras vulnerables, reparación de 40 puentes ferroviarios en el Atlántico y 32 puentes, túneles y tramos ferroviarios en la Gran Área Metropolitana (GAM), construcción o reparación de 36 centros educativos, 1,736 viviendas, así como protección a ríos y quebradas que han sido afectadas por fenómenos meteorológicos recientes o priorizadas para su atención inmediata por las respectivas autoridades del país. ",1,,USD,0,1,2025-11-27T11:23:57.523Z,es,XM-DAC-46007,Banco Centroamericano de Integración Económica,40,2026-01-01,,,,CR,Costa Rica,es,,,,,,,,
XM-DAC-46007-500930,Construcción de las Obras Complementarias de Riego y Suministro de Agua de la Presa Montegrande,"El proyecto consiste en construir y desarrollar las obras complementarias de la Presa Montegrande, las cuales incluyen: estudios de preinversión para desarrollar los estudios de factibilidad y diseño final de las obras complementarias de la Presa Montegrande, la construcción de una línea mixta para riego y agua potable, obras de rehabilitación y modernización del Dique Santana, construcción de tubería para suministro de agua potable, así como también la construcción y puesta en operación de una central hidroeléctrica",1,,USD,0,1,2025-11-27T11:23:57.523Z,es,XM-DAC-46007,Banco Centroamericano de Integración Económica,40,2026-01-01,,,,DO,República Dominicana,es,,,,,,,,
XM-DAC-46007-302457,Programa Integral de Seguridad de Belice (Fase I),"El Programa consiste en el desarrollo de acciones encaminadas a la rehabilitación de obras civiles existentes, construcción de nuevas obras y dotación de equipamiento de las instituciones responsables de la seguridad nacional de Belice.",1,,USD,0,1,2025-11-27T11:23:57.523Z,es,XM-DAC-46007,Banco Centroamericano de Integración Económica,40,2026-01-01,,,,BZ,Belice,es,,,,,,,,
XM-DAC-46007-500940,Programa de Apoyo al Plan Nacional Argentina contra el Hambre II - Alimentar,"El Programa está dirigido a apoyar parcialmente las transferencias monetarias del Plan Nacional Argentina contra el Hambre, el cual prevé complementar los ingresos de las familias en situación de vulnerabilidad social del país con el fin de apoyar la seguridad alimentaria.",1,,USD,0,1,2025-11-27T11:23:57.523Z,es,XM-DAC-46007,Banco Centroamericano de Integración Económica,40,2026-01-01,,,,AR,Argentina,es,,,,,,,,
XM-DAC-46007-500451,Programa de Desarrollo Social,"Con este Programa se estaría financiando la construcción de infraestructura social que proporcione oportunidades de mejora de calidad de vida para la población de El Salvador, y que a la vez cuente con espacios y ambientes que propicien la convivencia pacífica ciudadana y prevengan la violencia social.",1,,USD,0,1,2025-11-27T11:23:57.523Z,es,XM-DAC-46007,Banco Centroamericano de Integración Económica,40,2026-01-01,,,,SV,El Salvador,es,,,,,,,,
XM-DAC-46007-500701,Proyecto Apoyo para la Implementación del Plan de Despliegue de Vacunación y Atención de la COVID-19,"El Proyecto ""Apoyo para la Implementación del Plan de Despliegue de Vacunación y Atención de la COVID-19 en la República de Nicaragua"" está dirigido al financiamiento de la compra de vacunas y de los insumos necesarios para su aplicación a la población meta definida por el Ministerio de Salud (MINSA), en apoyo al Plan de Despliegue de Vacunación contra la COVID-19 de la República de Nicaragua, con el objeto de evitar la expansión del virus y reducir los niveles de infección y mortalidad asociados, lo cual contribuirá a mitigar los efectos negativos en la salud de la población y la economía del país.",1,,USD,0,1,2025-11-27T11:23:57.523Z,es,XM-DAC-46007,Banco Centroamericano de Integración Económica,40,2026-01-01,,,,NI,Nicaragua,es,,,,,,,,
XM-DAC-46007-500316,VII Programa de Mejoramiento y Rehabilitación de Carreteras,"El programa contempla la pavimentación de 194.39 kilómetros, divididos en seis tramos carreteros, el primero de los cuales incluye dos ramales; con diferentes estructuras de pavimento de asfalto, concreto hidráulico del tipo de losas cortas y pavimento de adoquín de concreto. Cinco de los tramos principales cuentan con estudios y diseños finales para una vida útil de 20 años y un tramo principal, así como los dos ramales, cuentan con diseños conceptuales preparados por el MTI, también para una vida útil de 20 años.",3,,USD,0,1,2025-11-27T11:23:57.523Z,es,XM-DAC-46007,Banco Centroamericano de Integración Económica,40,2026-01-01,,,,NI,Nicaragua,es,,,,,,,,
XM-DAC-46007-500248,Incremento Programa Nacional de Electrificación Sostenible y Energía Renovable para Nicaragua (PNESER) - Componente B,"Electrificación de 635 comunidades rurales que incluyen 20,193 viviendas a ser beneficiadas; y la normalización del servicio en 109 asentamientos con un estimado de 16,350 viviendas a ser beneficiadas.",1,,USD,0,1,2025-11-27T11:23:57.523Z,es,XM-DAC-46007,Banco Centroamericano de Integración Económica,40,2026-01-01,,,,NI,Nicaragua,es,,,,,,,,
XM-DAC-46007-501218,Programa de Infraestructura Vial y Movilidad Urbana - Fase I (PIVMU),"El Programa de Infraestructura Vial y Movilidad Urbana - Fase I (PIVMU) consiste en el cofinanciamiento de USD165,000.0 miles, de los cuales, el BCIE financiaría USD135,000.0 miles, para la ejecución de proyectos orientados a agilizar la movilidad vehicular en las vías de mayor tráfico y sus principales interconexiones con la capital, San Salvador, con lo cual se prevé dinamizar la economía local y aumentar la productividad del área de influencia debido a los beneficios que generarían los proyectos al favorecer la reducción en los costos de operación y/o mantenimiento de los diferentes medios de transporte y optimización de los tiempos de traslado de la población beneficiaria.",1,,USD,0,1,2025-11-27T11:23:57.523Z,es,XM-DAC-46007,Banco Centroamericano de Integración Económica,40,2026-01-01,,,,SV,El Salvador,es,,,,,,,,
XM-DAC-46007-500346,Proyecto de Mejoramiento en los Aeropuertos de la Costa Caribe Sur,"El proyecto consiste en la rehabilitación y construcción de una serie de infraestructuras en los aeropuertos de Bluefields y Corn Island que permitirá mejorar los niveles de seguridad y de comodidad de los mismos. Estas infraestructuras incluyen en el caso de Bluefields la pavimentación de los caminos de acceso a la pista y a la torre de control; la sustitución de una alcantarilla que atraviesa la pista; la rehabilitación de la plataforma de estacionamiento de aeronaves; la construcción de márgenes de seguridad en los bordes de pista y plataforma; la construcción de un cerco de seguridad en todo el perímetro del aeropuerto; y la rehabilitación y ampliación de la terminal. En el caso de Corn Island, las infraestructuras incluyen la rehabilitación de la pista, calle de rodaje y plataforma de estacionamiento, mediante el reemplazo total de su pavimento, así como la construcción de márgenes de seguridad en sus bordes; la construcción de una nueva torre de control; y la remodelación y ampliación de la terminal.",5,,USD,0,1,2025-11-27T11:23:57.523Z,es,XM-DAC-46007,Banco Centroamericano de Integración Económica,40,2026-01-01,,,,NI,Nicaragua,es,,,,,,,,
XM-DAC-46007-500860,Proyecto Construcción de Viaducto y Ampliación de Carretera CA01W (Tramo Los Chorros),"El proyecto consiste en el mejoramiento y ampliación de un tramo de la carretera CA01W entre Autopista Monseñor Romero y CA01W; municipios de Santa Tecla, Colón y San Juan Opico, departamento de La Libertad; de los cuales 8.48 km se ampliarían a ocho carriles - segmento que incluye la construcción de un viaducto de dichos carriles con una longitud de 0.90 kilómetros - más la ampliación a seis carriles de 6.16 km para un total de 14.64 km.  Asimismo, el proyecto propiciará la reducción del costo de operación de los vehículos que utilizan la vía, los tiempos de viaje y la movilidad de los bienes transables. Además, de contribuir al desarrollo de la población de la región a través de la implementación de un proyecto inclusivo que cuente con los componentes de accesibilidad universal, movilidad no motorizada y espacio público.",1,,USD,0,1,2025-11-27T11:23:57.523Z,es,XM-DAC-46007,Banco Centroamericano de Integración Económica,40,2026-01-01,,,,SV,El Salvador,es,,,,,,,,
XM-DAC-46007-500022,"Programa de Abastecimiento del Área Metropolitana de San José, Acueductos Urbanos II y Alcantarillado Sanitario Juanito Mora de Puntarenas","El Programa de Abastecimiento del Área Metropolitana de San José, Acueductos Urbanos II y Alcantarillado Sanitario Juanito Mora de Puntarenas, es una intervención para el desarrollo que pretende realizar mejoras y ampliaciones en los sistemas de recolección, potabilización y distribución de agua potable en 133 sistemas, ubicados en las provincias de San José, Alajuela, Puntarenas y Cartago. Además de la construcción y ampliación de un sistema de alcantarillado y tratamiento de aguas en la provincia de Guanacaste.",1,,USD,0,1,2025-11-27T11:23:57.523Z,es,XM-DAC-46007,Banco Centroamericano de Integración Económica,40,2026-01-01,,,,CR,Costa Rica,es,,,,,,,,
XM-DAC-46007-501151,"Proyecto de Construcción de la Presa Multipropósito El Tablón, Etapa I","Consiste en el desarrollo del diseño final y construcción de una presa de usos múltiples con un volumen estimado de 255 millones de metros cúbicos de agua. El propósito y objetivo principal del Proyecto es la mitigación de inundaciones ocasionadas periódicamente por la cuenca del Río Chamelecón, específicamente sobre el Valle de Sula; ocasionando daños en infraestructura, producción agrícola, centros poblados, seguridad alimentaria y por ende afectando el desarrollo del país.",1,,USD,0,1,2025-11-27T11:23:57.523Z,es,XM-DAC-46007,Banco Centroamericano de Integración Económica,40,2026-01-01,,,,HN,Honduras,es,,,,,,,,
XM-DAC-46007-302349,Proyectos Ampliación de la Carretera al Puerto de La Libertad Tramos II y III y Construcción de los Puentes sobre los Ríos Anguiatú y Paz,"La operación consiste en el financiamiento al Programa de Puentes Fronterizos y Ampliación Carretera al Puerto La Libertad Tramos II y III, incluye el financiamiento a los puentes Arce y Anguiatú, ambos fronterizos con Guatemala, además de la ampliación de la Carretera al Puerto La Libertad en sus Tramos II y III (BCIE financió Tramo I con FOVIAL dentro del préstamo No. 1886). Se pretende que el programa sea financiado mediante los fondos de infraestructura para países de mesoamérica y el caribe (FIMC) también conocidos por Fondos Yucatán.",3,,USD,0,1,2025-11-27T11:23:57.523Z,es,XM-DAC-46007,Banco Centroamericano de Integración Económica,40,2026-01-01,,,,SV,El Salvador,es,,,,,,,,
XM-DAC-46007-501217,Programa Surf City - Fase II,"Mejorar las condiciones de movilidad urbana, turística y logística y la gestión de los recursos naturales a través de la ampliación del corredor Surf City Tramo III, la construcción del puente sobre el Rio Huiza y el saneamiento básico de aguas residuales, estimulando los esfuerzos de desarrollo humano, productivo y turístico para contribuir a la mejora de la calidad de vida de las personas.",1,,USD,0,1,2025-11-27T11:23:57.523Z,es,XM-DAC-46007,Banco Centroamericano de Integración Económica,40,2026-01-01,,,,SV,El Salvador,es,,,,,,,,
XM-DAC-46007-302253,Programa de Fortalecimiento del Sistema Penitenciario en El Salvador,"El propósito de la operación es apoyar al Gobierno de la República de El Salvador en aumentar la capacidad instalada del sistema penitenciario del país, con instalaciones modernas, seguras y rehabilitantes, reduciendo así el hacinamiento en todo el sistema.",3,,USD,0,1,2025-11-27T11:23:57.523Z,es,XM-DAC-46007,Banco Centroamericano de Integración Económica,40,2026-01-01,,,,SV,El Salvador,es,,,,,,,,
XM-DAC-46007-301839,Proyecto vial Franja Transversal del Norte,"Proyecto vial Franja Transversal del Norte -FTN- consiste en el diseño, construcción y mantenimiento de una carretera asfaltada que recorre el país de este a oeste con una longitud de  329.5 Km.  Iniciando en el Municipio de Livingston, Depto. de Izabal y finaliza en el municipio de Nentón, Depto. de Huehuetenango.  El proyecto, ahora formulado con garantiá soberana de la República de Guatemala, contempla mantener la estructura licitada así como el adjudicatario, tomando en consideración que esta licitación se enmarcó dentro de las condiciones que demanda la Ley y Reglamento del mismo.  Así tambien contempla reformas al Decreto 88-2005 ""Ley para la Ejecucuón del Proyecto Vial Denominado Franja Transversal del Norte"", a bien de modificar el componente de financiamiento.",1,,USD,0,1,2025-11-27T11:23:57.523Z,es,XM-DAC-46007,Banco Centroamericano de Integración Económica,40,2026-01-01,,,,GT,Guatemala,es,,,,,,,,
XM-DAC-46007-500537,Programa para la Reactivación Económica a través de la MIPYME en la Crisis y Post Crisis COVID-19 en Honduras,"El programa consiste en la colocación de recursos de crédito a la MIPYME para sostenimiento de empleos y reactivación económica, así como la creación de un fondo de garantía para complementar dichos créditos. ",1,,USD,0,1,2025-11-27T11:23:57.523Z,es,XM-DAC-46007,Banco Centroamericano de Integración Económica,40,2026-01-01,,,,HN,Honduras,es,,,,,,,,
XM-DAC-46007-302270,Programa de Desarrollo Agrícola Bajo Riego (PDABR),Financiamiento parcial del Programa de Desarrollo Agrícola Bajo Riego (PDABR).,1,,USD,0,1,2025-11-27T11:23:57.523Z,es,XM-DAC-46007,Banco Centroamericano de Integración Económica,40,2026-01-01,,,,HN,Honduras,es,,,,,,,,
XM-DAC-46007-500995,Programa de Apoyo a la Red Hospitalaria (PARH),"El Programa de Apoyo a la Red Hospitalaria (PARH) prevé financiar el diseño, construcción, equipamiento y puesta en marcha de dos hospitales generales localizados en los municipios de Tocoa y Choluteca, departamentos de Colón y Choluteca, respectivamente. ",1,,USD,0,1,2025-11-27T11:23:57.523Z,es,XM-DAC-46007,Banco Centroamericano de Integración Económica,40,2026-01-01,,,,HN,Honduras,es,,,,,,,,
XM-DAC-46007-500213,"Programa de Agua Potable y Saneamiento de Zonas Costeras, Gestión de la Calidad y Eficiencia del Servicio","El Programa de Agua Potable y Saneamiento de Zonas Costeras, Gestión de la Calidad y Eficiencia del Servicio BCIE II, Etapa Segunda pretende asegurar la sostenibilidad en el sector de agua, mediante la realización de ampliaciones y mejoras en los sistemas de recolección, potabilización y distribución de agua potable en ocho sistemas, principalmente en zonas costeras, ubicadas en las provincias de Guanacaste, Puntarenas y Limón. En esta última se contempla una intervención en saneamiento. También, se contempla la construcción de al menos 17 edificios administrativos, planteles o centros de control, principalmente en provincias costeras, el desarrollo de un sistema de planificación y la construcción y equipamiento del Laboratorio Nacional de Aguas.",1,,USD,0,1,2025-11-27T11:23:57.523Z,es,XM-DAC-46007,Banco Centroamericano de Integración Económica,40,2026-01-01,,,,CR,Costa Rica,es,,,,,,,,
XM-DAC-46007-501247,"Línea de Crédito - Corporación Interamericana para el Financiamiento de Infraestructura, S.A. (CIFI)","La operación propuesta consiste en un préstamo directo a Corporación Interamericana para el Financiamiento de Infraestructura, S.A. (CIFI) por un monto de hasta USD13,200.0 miles, mediante el cual el BCIE canalizaría recursos a proyectos de infraestructura en países miembros del BCIE. Esta operación representa el primer préstamo directo del BCIE para CIFI destinado a intermediar recursos a proyectos de desarrollo.",1,,USD,0,1,2025-11-27T11:23:57.523Z,es,XM-DAC-46007,Banco Centroamericano de Integración Económica,40,2026-01-01,,,,PA,Panamá,es,,,,,,,,
XM-DAC-46007-500705,Programa de Fortalecimiento de las Acciones de Protección contra las Violencias por Motivos de Género,"El financiamiento solicitado tiene por finalidad apoyar parcialmente al gobierno argentino por medio de la implementación del Programa de Fortalecimiento de las Acciones de Protección contra las Violencias por Motivos de Género, el cual a su vez forma parte de las medidas que conforman el Plan Nacional de Acción  contra las violencias por motivo de género 2020-2022.",1,,USD,0,1,2025-11-27T11:23:57.523Z,es,XM-DAC-46007,Banco Centroamericano de Integración Económica,40,2026-01-01,,,,AR,Argentina,es,,,,,,,,
XM-DAC-46007-501220,OPD para conservación y restauración de la cobertura boscosa,"Esta operación de tipo Operación de Políticas de Desarrollo (OPD), tiene el propósito de contribuir a la conservación y restauración de la cobertura boscosa de la República de Panamá, promoviendo normas y regulaciones en la ejecución de actividades de planificación, aprovechamiento, transporte y manejo del recurso forestal; acorde con las exigencias ambientales actuales y futuras.",3,,USD,0,1,2025-11-27T11:23:57.523Z,es,XM-DAC-46007,Banco Centroamericano de Integración Económica,40,2026-01-01,,,,PA,Panamá,es,,,,,,,,
XM-DAC-46007-302302,Préstamo - Instituto Costarricense de Acueductos y Alcantarillados (AyA),Programa para la implementación de medidas de efciencia institucional para mejorar el cobro y la reducción del agua no contabilizada del AyA,1,,USD,0,1,2025-11-27T11:23:57.523Z,es,XM-DAC-46007,Banco Centroamericano de Integración Económica,40,2026-01-01,,,,CR,Costa Rica,es,,,,,,,,
XM-DAC-46007-501243,XI Programa de Ampliación y Mejoramiento de Carreteras,"El objetivo del programa es contribuir al desarrollo socioeconómico del país y de sus zonas de influencia, mejorar la accesibilidad del transporte comercial y de personas dentro del país, así como fortalecer la integración y el intercambio comercial centroamericano",1,,USD,0,1,2025-11-27T11:23:57.523Z,es,XM-DAC-46007,Banco Centroamericano de Integración Económica,40,2026-01-01,,,,NI,Nicaragua,es,,,,,,,,
XM-DAC-46007-500646,Programa de Saneamiento del Lago de Managua en la Ribera Sur,El programa tiene como finalidad lograr una prestación de servicios de abastecimiento de agua potable y de saneamiento económicamente eficiente y compatible con el medioambiente para la protección del lago de Managua.,1,,USD,0,1,2025-11-27T11:23:57.523Z,es,XM-DAC-46007,Banco Centroamericano de Integración Económica,40,2026-01-01,,,,NI,Nicaragua,es,,,,,,,,
XM-DAC-46007-500864,Programa de Fortalecimiento Tecnológico del Registro Nacional de las Personas y de la Dirección Nacional de Migraciones,"El Programa busca contribuir a la modernización y fortalecimiento de la seguridad y capacidad de respuesta de los servicios de identidad y de migraciones que realizan el Registro Nacional de las Personas (RENAPER) y la Dirección Nacional de Migraciones (DNM) respectivamente, en el marco del crecimiento de la economía digital. ",1,,USD,0,1,2025-11-27T11:23:57.523Z,es,XM-DAC-46007,Banco Centroamericano de Integración Económica,40,2026-01-01,,,,AR,Argentina,es,,,,,,,,
XM-DAC-46007-500436,"Proyecto Construcción, Equipamiento y Puesta en Operación de un Sistema de Tren Rápido de Pasajeros (TRP) en la Gran Área Metropolitana (GAM)","La operación consiste en el financiamiento del aporte que hará la República de Costa Rica al Concesionario encargado de desarrollar el proyecto de construcción, equipamiento y puesta en operación de un Sistema de TRP en la GAM que permita brindarle a los usuarios de transporte público un tren eléctrico que conecte un eje principal de este a oeste, en el derecho de vía existente de la Red Ferroviaria Nacional (84.9 km aproximadamente) entre las ciudades de Cartago, San José, Heredia y Alajuela; que permita la movilidad, entre los distintos puntos, de una forma segura, limpia, rápida y eficiente.",1,,USD,0,1,2025-11-27T11:23:57.523Z,es,XM-DAC-46007,Banco Centroamericano de Integración Económica,40,2026-01-01,,,,CR,Costa Rica,es,,,,,,,,
XM-DAC-46007-501226,Programa de Transmisión Eléctrica Etapa I,"El Programa de Transmisión Eléctrica, Etapa I, busca responder a la problemática actual que la República de Honduras enfrenta en su red de transmisión eléctrica, la que presenta limitaciones en su capacidad de transmisión. Lo anterior afecta la cobertura y calidad del suministro de energía eléctrica en diversas regiones del país y tiene incidencia directa en los altos niveles de perdidas técnicas y no técnicas. Busca fortalecer la capacidad de transporte del sistema de transmisión eléctrica nacional mediante la construcción de 2 subestaciones eléctricas,113 kilómetros de líneas de transmisión en 230 kV, 9 kilómetros en 138 kV y 0.5 km en 69kV.",1,,USD,0,1,2025-11-27T11:23:57.523Z,es,XM-DAC-46007,Banco Centroamericano de Integración Económica,40,2026-01-01,,,,HN,Honduras,es,,,,,,,,
XM-DAC-46007-501162,Programa de Obras de Saneamiento de Agua Residual,"El financiamiento del ""Programa de Obras de Saneamiento de Agua Residual"" (PROSAR) tiene como objetivo aumentar la cobertura de alcantarillado sanitario y el tratamiento de aguas residuales por medio de plantas de tratamiento en el Gran Área Metropolitana (GAM) y en las ciudades de Jacó, Quepos, Golfito y Palmares. De esta forma se contribuirá al cuidado del medio ambiente, la conservación del recurso hídrico y, sobre todo, a mejorar la salud y calidad de vida de la población beneficiaria.",1,,USD,0,1,2025-11-27T11:23:57.523Z,es,XM-DAC-46007,Banco Centroamericano de Integración Económica,40,2026-01-01,,,,CR,Costa Rica,es,,,,,,,,
XM-DAC-46007-500627,Programa de Ampliación del Sistema de Transmisión Eléctrica en Nicaragua,"Este proyecto tiene como finalidad favorecer la expansión de la electrificación rural, generar las condiciones para atender la futura demanda de energía en el área y mejorar la confiabilidad del sistema de transmisión local.",1,,USD,0,1,2025-11-27T11:23:57.523Z,es,XM-DAC-46007,Banco Centroamericano de Integración Económica,40,2026-01-01,,,,NI,Nicaragua,es,,,,,,,,
XM-DAC-46007-500749,X Programa de Ampliación y Mejoramiento de Carreteras,"El programa contempla la ejecución de cuatro grandes proyectos: (1) Litoral del Pacífico Sur, (2) Circunvalación de Corinto, (3) Carretera Wapí - El Tortuguero y (4) Módulos de Adoquinado Comunitario en la Calamidad. Mediante la ejecución de estos proyectos, el Banco contribuye a la intervención de 185.22 kilómetros (km) de tramos carreteros de dos carriles con diferentes estructuras de pavimento de asfalto con polímeros y adoquinado. Cabe señalar que de los 185.22 km a ampliar o mejorar, el 31.6% de la longitud será de nueva apertura de carretera, concentrada en la carretera de la Litoral Pacífico Sur Fase I.",1,,USD,0,1,2025-11-27T11:23:57.523Z,es,XM-DAC-46007,Banco Centroamericano de Integración Económica,40,2026-01-01,,,,NI,Nicaragua,es,,,,,,,,
XM-DAC-46007-500507,Programa Nacional de Construcción de Viviendas de Interés Social,"El programa tiene por finalidad facilitar el acceso a viviendas a un total de 18,660 familias, mediante la construcción de 7,000 viviendas para familias en extrema pobreza a través de un esquema de subsidios; y el acceso a financiamiento para la compra de vivienda a través de un esquema de crédito y subsidios complementarios para 11,660 viviendas para familias con ingresos menores o iguales a siete salarios mínimos en proyectos habitacionales desarrollados por desarrolladores privados o promovidos por Entidades Auxiliares como alcaldías.",1,,USD,0,1,2025-11-27T11:23:57.523Z,es,XM-DAC-46007,Banco Centroamericano de Integración Económica,40,2026-01-01,,,,NI,Nicaragua,es,,,,,,,,
XM-DAC-46007-501187,Torre de Cuidados Críticos y Obras Complementarias del Hospital Nacional de Niños,"La operación Torre de Cuidados Críticos y Obras Complementarias del Hospital Nacional de Niños tiene como objetivo mejorar en calidad y cantidad los servicios de salud a niñas y niños menores de 15 años. El proyecto consiste en la Construcción y Equipamiento de la Torre de Cuidados Críticos (TCC) que formará parte del complejo hospitalario del Hospital Nacional de Niños Dr. Carlos Sáenz Herrera; asimismo, se contempla la rehabilitación y adecuación de la torre de hospitalización existente. El monto de inversión será de USD 277,358.5 miles, de los cuales USD 250,000.0 miles serán financiados por el BCIE y el resto por la Caja Costarricense de Seguro Social (CCSS).",1,,USD,0,1,2025-11-27T11:23:57.523Z,es,XM-DAC-46007,Banco Centroamericano de Integración Económica,40,2026-01-01,,,,CR,Costa Rica,es,,,,,,,,
XM-DAC-46007-500208,Programa de Saneamiento de los Distritos de Arraiján y La Chorrera,"El programa consiste en consiste en el financiamiento del diseño detallado y la construcción de los Sistemas de Alcantarillado Sanitario de los Distritos de Arraiján y La Chorrera de la provincia de Panamá Oeste, que permitirá la recolección, conducción y tratamiento final de las aguas residuales generadas en esta zona, para disminuir los niveles de contaminación de los ríos, quebradas y la bahía de Panamá, y por ende mejorar la salud pública y calidad de vida de sus habitantes.",1,,USD,0,1,2025-11-27T11:23:57.523Z,es,XM-DAC-46007,Banco Centroamericano de Integración Económica,40,2026-01-01,,,,PA,Panamá,es,,,,,,,,
XM-DAC-46007-500426,Programa de Mejora del Acceso y la Calidad Educativa,El objetivo general del Programa de Mejora del Acceso y la Calidad Educativa (PROMACE) es apoyar a mejorar la equidad y el acceso a una educación pertinente y de calidad a partir de la creación y fortalecimiento de establecimientos educativos y del mejoramiento y eficiencia de la gestión del sistema educativo de la provincia de Jujuy.,1,,USD,0,1,2025-11-27T11:23:57.523Z,es,XM-DAC-46007,Banco Centroamericano de Integración Económica,40,2026-01-01,,,,AR,Argentina,es,,,,,,,,
XM-DAC-46007-500189,Programa de Inversión y Modernización para el Sector Justicia,"El Programa consiste en el financiamiento de proyectos de infraestructura y equipamiento que mejoren el desempeño del sistema de atención al sector justicia, a través de las principales áreas técnicas responsables de la administración de justicia y la persecución del delito: el Ministerio de Gobernación (Mingob), el Organismo Judicial (OJ), el Instituto de la Defensa Pública Penal (IDPP) y el Instituto Nacional de Ciencias Forenses (Inacif).",1,,USD,0,1,2025-11-27T11:23:57.523Z,es,XM-DAC-46007,Banco Centroamericano de Integración Económica,40,2026-01-01,,,,GT,Guatemala,es,,,,,,,,
XM-DAC-46007-500338,Proyecto de Abastecimiento de Agua para la Cuenca Media del Río Tempisque y Comunidades Costeras PAACUME,"El proyecto PAACUME, es un proyecto de riego para la región norte del país. Esta localizado en la denominada Región Chorotega, provincia de Guanacaste. El área de influencia comprende los cantones de Bagaces, Carrillo, Santa Cruz y Nicoya.",1,,USD,0,1,2025-11-27T11:23:57.523Z,es,XM-DAC-46007,Banco Centroamericano de Integración Económica,40,2026-01-01,,,,CR,Costa Rica,es,,,,,,,,
XM-DAC-46007-500270,Programa de Inversión en Infraestructura y Equipamiento Hospitalario,"El Programa de Inversión en Infraestructura y Equipamiento Hospitalario, consiste en el financiamiento para el diseño, construcción y equipamiento hospitalario para la reposición y/o recuperación de centros hospitalarios.",1,,USD,0,1,2025-11-27T11:23:57.523Z,es,XM-DAC-46007,Banco Centroamericano de Integración Económica,40,2026-01-01,,,,GT,Guatemala,es,,,,,,,,
XM-DAC-46007-500035,Programa de Fortalecimiento de las Capacidades de Investigación y Desarrollo (PROFOCAID),"El Programa consiste en la asignación y transferencia de recursos no reembolsables a instituciones de investigación científica y/o profesionales en investigación y desarrollo, para la realización de proyectos de investigación con el fin de ampliar la frontera de conocimiento.",1,,USD,0,1,2025-11-27T11:23:57.523Z,es,XM-DAC-46007,Banco Centroamericano de Integración Económica,40,2026-01-01,,,,AR,Argentina,es,,,,,,,,
XM-DAC-46007-302441,Proyecto Reemplazo del Hospital Regional Nuevo Amanecer de la Región Autónoma del Atlántico Norte (RAAN),"Construcción y equipamiento de un hospital tipo regional que ofrecerá servicios especializados en las áreas de consultas externas, emergencias y hospital de día, asistencia en régimen de internamiento, procedimientos de diagnósticos y terapéuticos, docencia e investigación.",1,,USD,0,1,2025-11-27T11:23:57.523Z,es,XM-DAC-46007,Banco Centroamericano de Integración Económica,40,2026-01-01,,,,NI,Nicaragua,es,,,,,,,,
XM-DAC-46007-302443,"Proyecto de Construcción, Equipamiento y Modernización de las Oficinas Centrales de la Fiscalía General de la República de El Salvador","Como parte del plan para fortalecer, mejorar y modernizar los servicios que presta la FGR se propone mejorar el equipamiento que utiliza la institución y la construcción de un nuevo edificio que permita centralizar en una sola área todas las actividades que ejecuta la FGR.",3,,USD,0,1,2025-11-27T11:23:57.523Z,es,XM-DAC-46007,Banco Centroamericano de Integración Económica,40,2026-01-01,,,,SV,El Salvador,es,,,,,,,,
XM-DAC-46007-500271,Proyecto Campus Gorgas Fase I,El proyecto consiste en la construcción y equipamiento parcial del nuevo campus del Instituto Conmemorativo Gorgas de Estudios de la Salud (ICGES).,1,,USD,0,1,2025-11-27T11:23:57.523Z,es,XM-DAC-46007,Banco Centroamericano de Integración Económica,40,2026-01-01,,,,PA,Panamá,es,,,,,,,,
XM-DAC-46007-500734,"Fortalecimiento de la Industria Biofarmacéutica Cubana para Combatir el COVID-19 en Cuba y la Región (Monto aprobado EUR 46,765,000.00)","El proyecto busca apoyar a la industria biofarmacéutica cubana en alcanzar niveles más elevados de productividad económica en productos innovadores prioritarios en el contexto de la COVID-19, mediante la modernización de la tecnología y la diversificación, en beneficio del sistema nacional de salud y de otros países de la región",1,,USD,0,1,2025-11-27T11:23:57.523Z,es,XM-DAC-46007,Banco Centroamericano de Integración Económica,40,2026-01-01,,,,CU,Cuba,es,,,,,,,,
XM-DAC-46007-500791,Fortalecimiento del Financiamiento para el Sector Agropecuario con Enfoque Tecnológico y Sostenible,"El proyecto busca contribuir a impulsar la oferta y orientación del crédito agropecuario entre los micro, pequeños y medianos agricultores, para implementar iniciativas productivas que mejoren el nivel de consumo poblacional y el mejoramiento de la productividad del sector agrícola y la comercialización de productos agroalimentarios, en condiciones de competitividad y sostenibilidad, para con ello fortalecer los encadenamientos productivos.",1,,USD,0,1,2025-11-27T11:23:57.523Z,es,XM-DAC-46007,Banco Centroamericano de Integración Económica,40,2026-01-01,,,,DO,República Dominicana,es,,,,,,,,
XM-DAC-46007-500645,Programa Multisectorial para la Reactivación Económica y la Protección Social (NIC-Solidaria),"El Programa Multisectorial para la Reactivación Económica y la Protección Social (NIC-Solidaria) consiste en apoyar el financiamiento total o parcial de al menos indicativamente 41 proyectos y programas de inversión en Nicaragua, de los cuales 24 son de inversión pública y 17 son de inversión productiva y de asistencia social. Los primeros se concentran en los sectores de educación, salud, vivienda e infraestructura vial. Los segundos son dirigidos a actividades productivas en sectores como agropecuario y desarrollo rural, pesca y cambio climático; al fomento y atención de las Micro, Pequeña y Medianas empresas (MIPYMEs); a la atención a grupos vulnerables; y a la asistencia social para la atención de la Pandemia del COVID-19.",1,,USD,0,1,2025-11-27T11:23:57.523Z,es,XM-DAC-46007,Banco Centroamericano de Integración Económica,40,2026-01-01,,,,NI,Nicaragua,es,,,,,,,,
XM-DAC-46007-501159,Proyecto de Desarrollo Integral del Puerto de Haina,"El ""Proyecto de Desarrollo Integral del Puerto de Haina"", consiste en la ejecución de obras para evitar las inundaciones en muelle occidental granelero del Puerto de Haina y mejoras en el nivel de servicio de la conexión logística del puerto con la Carretera Sánchez, la Avenida Refinería y la circulación en general de sus áreas adyacentes. ",1,,USD,0,1,2025-11-27T11:23:57.523Z,es,XM-DAC-46007,Banco Centroamericano de Integración Económica,40,2026-01-01,,,,DO,República Dominicana,es,,,,,,,,
XM-DAC-46007-500640,"Proyecto de Ampliación del Sistema de Abastecimiento de Agua Potable en la Ciudad de Gracias, Departamento de Lempira","El proyecto prevé dotar de cobertura continua del servicio de agua potable a los habitantes de Gracias, Lempira con una visión de servicio de 40 años, construir un sistema compuesto de dos zonas productoras de agua con subsistemas de conducción por gravedad y bombeo hasta un reservorio de donde se conduciría el agua a la planta de tratamiento existente. ",1,,USD,0,1,2025-11-27T11:23:57.523Z,es,XM-DAC-46007,Banco Centroamericano de Integración Económica,40,2026-01-01,,,,HN,Honduras,es,,,,,,,,
XM-DAC-46007-500459,Programa de Modernización de las Instituciones de Seguridad Ciudadana,"El Programa concentra inversiones en aspectos de modernización tecnológica en equipo de video vigilancia, movilidad estratégica, equipo táctico, así como el equipamiento hospitalario.",1,,USD,0,1,2025-11-27T11:23:57.523Z,es,XM-DAC-46007,Banco Centroamericano de Integración Económica,40,2026-01-01,,,,SV,El Salvador,es,,,,,,,,
XM-DAC-46007-500422,IX Programa de Mejoramiento y Ampliación de Carreteras,"El Programa contempla la pavimentación de 284.27 kilómetros, divididos en diez tramos carreteros, con estructura de rodamiento de concreto hidráulico del tipo de losas cortas para un tramo; de pavimento de asfalto para cuatro tramos; y de adoquín de concreto para cinco tramos.",1,,USD,0,1,2025-11-27T11:23:57.523Z,es,XM-DAC-46007,Banco Centroamericano de Integración Económica,40,2026-01-01,,,,NI,Nicaragua,es,,,,,,,,
XM-DAC-46007-500357,Libramiento Anillo Periférico-Carretera CA-5 Sur,"El proyecto consiste en la construcción de un libramiento de 5.38 km desde Tegucigalpa hasta la Carretera CA-5 Sur, específicamente desde la Colonia La Cañada (sector del Anillo Periférico) hasta la Colonia Santa Rosa en el sector de la Aldea El Tizatillo (conectando con la carretera CA-5 Sur, mediante una carretera de cuatro carriles (dos por lado) pavimentados con concreto hidráulico, dejando el espacio y alineamiento de seis carriles.",1,,USD,0,1,2025-11-27T11:23:57.523Z,es,XM-DAC-46007,Banco Centroamericano de Integración Económica,40,2026-01-01,,,,HN,Honduras,es,,,,,,,,
XM-DAC-46007-500179,"Proyecto Construcción del Corredor Logístico Villa de San Antonio-Goascorán, Sección I, Subsección IB, Lamaní-El Quebrachal","Financiamiento para la construcción de las obras pendientes del Proyecto ""Construcción del Corredor Logístico Villa de San Antonio - Goascorán, Sección I, Sub Sección IB, Villa de Lamaní - El Quebrachal"", con una extensión de 29.96 Km.",1,,USD,0,1,2025-11-27T11:23:57.523Z,es,XM-DAC-46007,Banco Centroamericano de Integración Económica,40,2026-01-01,,,,HN,Honduras,es,,,,,,,,
XM-DAC-46007-500636,Programa de Apoyo a Inversiones en el Sector Vial,"El Programa de Apoyo a Inversiones en el Sector Vial para proyectos de infraestructura vial que mejoren el desempeño del sector a través de la construcción de carreteras y puentes que cumplan con los criterios de elegibilidad del Programa, contemplando el mejoramiento de 120.8 km de carreteras y la construcción de cuatro puentes permanentes y un puente binacional. El Programa también prevé la disponibilidad de recursos para la realización de dos estudios para la actualización de normativas y estadísticas, los cuales favorecerán el quehacer institucional del Ministerio de Comunicaciones, Infraestructura y Vivienda (CIV) y la formulación de planes institucionales.",1,,USD,0,1,2025-11-27T11:23:57.523Z,es,XM-DAC-46007,Banco Centroamericano de Integración Económica,40,2026-01-01,,,,GT,Guatemala,es,,,,,,,,
XM-DAC-46007-501108,Ampliación y Mejoramiento del Corredor Vial San José-San Ramón,"El objetivo general es promover a través de la ampliación y mejora del corredor vial San José-San Ramón el crecimiento económico y social tanto en el área de influencia del Proyecto como a nivel nacional, fortaleciendo la capacidad productiva y la fluidez del transporte en la carretera interamericana; facilitando por ende el acceso a los mercados y fomentando un comercio equilibrado de exportaciones e importaciones de bienes, servicios y productos.",1,,USD,0,1,2025-11-27T11:23:57.523Z,es,XM-DAC-46007,Banco Centroamericano de Integración Económica,40,2026-01-01,,,,CR,Costa Rica,es,,,,,,,,
XM-DAC-46007-500569,Programa de Emergencia Prevención y Contención del COVID-19 en Nicaragua (Modif. al Préstamo No. 2154),"El Proyecto consiste en el mejoramiento de los 58.13 kilómetros de la carretera Nejapa - El Crucero - Diriamba - Jinotepe - Nandaime (hasta el conocido como Empalme Grajinán), utilizando la alternativa de mezcla asfáltica en caliente. La carretera objeto del proyecto forma parte de la carretera Panamericana Sur, beneficiando de manera directa a un estimado de 196,745 personas y de manera indirecta a 79,723. Asimismo, tendrá un impacto positivo a nivel de la región centroamericana ya que la carretera forma parte del Corredor Pacífico de la RICAM (Red Internacional de Carreteras Mesoamericanas).",1,,USD,0,1,2025-11-27T11:23:57.523Z,es,XM-DAC-46007,Banco Centroamericano de Integración Económica,40,2026-01-01,,,,NI,Nicaragua,es,,,,,,,,
XM-DAC-46007-500349,Proyecto de Mejoramiento de las Capacidades Técnicas y Operativas de Puerto Corinto,"El objetivo general del proyecto es contribuir a mejorar y ampliar la capacidad operativa y técnica de Puerto Corinto para la atención de carga internacional y buques, de tal manera que contribuya a la mejora y fortalecimiento de la competitividad del país en el ámbito del comercio internacional.",1,,USD,0,1,2025-11-27T11:23:57.523Z,es,XM-DAC-46007,Banco Centroamericano de Integración Económica,40,2026-01-01,,,,NI,Nicaragua,es,,,,,,,,
XM-DAC-46007-501114,Programa de Carreteras Resilientes de Honduras (PCR-HN) Tramo B-1 Libramiento El Progreso,"El Proyecto consiste en liberar la ciudad de El Progreso a través de la construcción de una nueva carretera pavimentada de aproximadamente 16.0 km, de cuatro carriles (dos por sentido), incluyendo estructuras mayores como intercambios, puentes y menores de drenaje, entre otras obras como medidas de seguridad vial y protección ambiental. ",1,,USD,0,1,2025-11-27T11:23:57.523Z,es,XM-DAC-46007,Banco Centroamericano de Integración Económica,40,2026-01-01,,,,HN,Honduras,es,,,,,,,,
XM-DAC-46007-501239,Programa de Apoyo a la Seguridad Alimentaria en Argentina. Fase IV,"Contempla apoyar al prestatario por medio del reembolso parcial de las transferencias monetarias que fueron realizadas por el Estado Argentino durante el mes de abril de 2025 en concepto de la Prestación Alimentar, a fin de combatir la inseguridad alimentaria del país.",1,,USD,0,1,2025-11-27T11:23:57.523Z,es,XM-DAC-46007,Banco Centroamericano de Integración Económica,40,2026-01-01,,,,AR,Argentina,es,,,,,,,,
XM-DAC-46007-501140,Segundo Circuito SIEPAC,"Financiar parcialmente la ejecución del Proyecto Segundo Circuito SIEPAC, esta operación implica el tendido de 178.5 km de línea en 230kV del segundo circuito entre las subestaciones de Agua Caliente (Honduras) y Sandino (Nicaragua) y 123.3 km en 230kV entre las subestaciones de La Virgen (Nicaragua) y Fortuna (Costa Rica) utilizando la infraestructura existente de la línea SIEPAC. Asimismo, se contempla la ampliación de dichas subestaciones. ",1,,USD,0,1,2025-11-27T11:23:57.523Z,es,XM-DAC-46007,Banco Centroamericano de Integración Económica,40,2026-01-01,,,,,,es,1032,America Central,es,,,,,
XM-DAC-46007-500634,Programa Mi Nueva Escuela,"El programa consiste en el rediseño de las instalaciones educativas en su infraestructura para lograr un impacto positivo en el aprendizaje de la niñez y jóvenes, brindándoles accesibilidad a la educación, el uso de herramientas tecnológicas y propiciar condiciones ideales para implementar una agenda educativa complementaria.",1,,USD,0,1,2025-11-27T11:23:57.523Z,es,XM-DAC-46007,Banco Centroamericano de Integración Económica,40,2026-01-01,,,,SV,El Salvador,es,,,,,,,,
XM-DAC-46007-500470,Proyecto Construcción de Viaducto y Ampliación de Carretera CA01W (Tramo Los Chorros),"El Proyecto consiste en la construcción de un viaducto y ampliación de la carretera Panamericana CA01W (Tramo Los Chorros), entre Autopista Monseñor Romero y CA01W; municipios de Santa Tecla, Colón y San Juan Opico, departamento de La Libertad, EL Salvador. El Proyecto consiste en la ampliación a seis carriles de 13.015 km de carretera y la construcción de un viaducto elevado de seis carriles de 1.615 km de longitud, totalizando 14.630 km en concreto hidráulico, e incluye la construcción de 11 pasos peatonales elevados, un paso a desnivel que le dará ingreso al tráfico vehicular a Colón, modificación del intercambiador que va al municipio de Sonsonate, y obras de mitigación para prevenir deslizamientos y derrumbes, entre los elementos más importantes.",1,,USD,0,1,2025-11-27T11:23:57.523Z,es,XM-DAC-46007,Banco Centroamericano de Integración Económica,40,2026-01-01,,,,SV,El Salvador,es,,,,,,,,
XM-DAC-46007-500446,Programa de Apoyo a la Educación Media,"El Programa de Apoyo de Educación Media consiste en la mejora de la infraestructura de centros de educación media pública en todo el territorio nacional, con énfasis en las zonas de mayor pobreza urbana y rural y la formación de docentes y estudiantes en metodología de competencias y emprendedurismo.",1,,USD,0,1,2025-11-27T11:23:57.523Z,es,XM-DAC-46007,Banco Centroamericano de Integración Económica,40,2026-01-01,,,,HN,Honduras,es,,,,,,,,
XM-DAC-46007-500744,OPD para apoyar acciones de política y resultados de desarrollo,"El objetivo de desarrollo de la OPD es apoyar a la República de Costa Rica para promover crecimiento económico equilibrado, reducción de la pobreza, desarrollo sostenible y combate al cambio climático, que fortalezcan el mantenimiento de la estabilidad macroeconómica.",1,,USD,0,1,2025-11-27T11:23:57.523Z,es,XM-DAC-46007,Banco Centroamericano de Integración Económica,40,2026-01-01,,,,CR,Costa Rica,es,,,,,,,,
XM-DAC-46007-500240,Proyecto Rehabilitación de la Pista Juan Pablo II y Construcción de Pasos a Desnivel,"El proyecto consiste en la rehabilitación y ampliación de 9.55 km. de la Pista Juan Pablo II, utilizando una estructura de pavimento de concreto hidráulico diseñada para una vida útil de 25 años. La pista, que actualmente cuenta con cuatro carriles, dos en cada sentido, contará con seis carriles, tres en ambos sentidos. Los carriles interiores serán para uso exclusivo de autobuses, mientras que los dos exteriores serán destinados al tráfico mixto. El proyecto comprende, además, la construcción de cinco pasos a desnivel en intersecciones y seis puentes peatonales.",1,,USD,0,1,2025-11-27T11:23:57.523Z,es,XM-DAC-46007,Banco Centroamericano de Integración Económica,40,2026-01-01,,,,NI,Nicaragua,es,,,,,,,,
XM-DAC-46007-500626,Programa Nacional de Electrificación Sostenible y Energía Renovable para Nicaragua (PNESER) - Componente C,"Los fondos provenientes del incremento del préstamo serán utilizados por el prestatario para financiar el Programa Nacional de Electrificación Sostenible y Energía Renovable (PNESER). El PNESER fue diseñado como un programa integral de largo plazo a ser implementado en todo el país, teniendo como fin general promover el acceso de una porción importante de la población a un servicio de electricidad eficiente y sostenible.",1,,USD,0,1,2025-11-27T11:23:57.523Z,es,XM-DAC-46007,Banco Centroamericano de Integración Económica,40,2026-01-01,,,,NI,Nicaragua,es,,,,,,,,
XM-DAC-46007-500818,Programa de Inversión Social en Seguridad Ciudadana para la Provincia del Chaco,"El objetivo general de la operación es contribuir a mejorar la calidad de la prestación del servicio de seguridad ciudadana, y garantizar estándares mínimos, dignos y seguros, en establecimientos edilicios para las personas en contexto de encierro.",1,,USD,0,1,2025-11-27T11:23:57.523Z,es,XM-DAC-46007,Banco Centroamericano de Integración Económica,40,2026-01-01,,,,AR,Argentina,es,,,,,,,,
XM-DAC-46007-500832,Proyecto de Construcción de la Línea 2C del Metro de Santo Domingo,"El objetivo general es disponer de un transporte eficiente, para interconectar la zona de Santo Domingo Oeste con la ampliación de la Línea 2C del Metro de Santo Domingo, incrementando los niveles de satisfacción del transporte con infraestructura de calidad acorde a los niveles de confiabilidad, reduciendo la contaminación ambiental, el gasto familiar, la inseguridad y favoreciendo la descongestión vehicular.",1,,USD,0,1,2025-11-27T11:23:57.523Z,es,XM-DAC-46007,Banco Centroamericano de Integración Económica,40,2026-01-01,,,,DO,República Dominicana,es,,,,,,,,
XM-DAC-46007-501149,Complejo Educativo y Deportivo Campus San Cristóbal,"El proyecto consiste en el diseño, construcción y operación del complejo educativo y deportivo Campus San Cristóbal (CSC), el cual constará de tres ejes principales: a) Un campus de colegio PK-12 con capacidad de 1,400 estudiantes. b) Un campus universitario con capacidad de 10,000 estudiantes. c) Un campus deportivo con instalaciones deportivas de nivel olímpico.",1,,USD,0,1,2025-11-27T11:23:57.523Z,es,XM-DAC-46007,Banco Centroamericano de Integración Económica,40,2026-01-01,,,,GT,Guatemala,es,,,,,,,,
XM-DAC-46007-501138,Programa Surf City - Fase I,"El Programa consiste en mejorar las condiciones de movilidad urbana, turística y logística; y la gestión de los recursos naturales a través del saneamiento básico de aguas residuales en el corredor de la Carretera Litoral (CA02), y en consecuencia, estimular los esfuerzos de desarrollo humano, productivo y turístico para contribuir a la mejora de la calidad de vida de las personas.",1,,USD,0,1,2025-11-27T11:23:57.523Z,es,XM-DAC-46007,Banco Centroamericano de Integración Económica,40,2026-01-01,,,,SV,El Salvador,es,,,,,,,,
XM-DAC-46007-500669,Programa Piloto para la Transformación Digital de las PYMES Argentinas,"El Programa Piloto para la Transformación Digital de las pymes argentinas, es una iniciativa con enfoque integral que busca catalizar la transformación digital y la adopción de tecnologías de la Industria 4.0 por las pequeñas y medianas empresas, mejorando la competitividad y productividad de cuatro cadenas de valor prioritarias para el desarrollo del país.",1,,USD,0,1,2025-11-27T11:23:57.523Z,es,XM-DAC-46007,Banco Centroamericano de Integración Económica,40,2026-01-01,,,,AR,Argentina,es,,,,,,,,
XM-DAC-46007-501238,Proyecto Acueducto Múltiple Región Suroeste (ASURO),"El objetivo del proyecto es mejorar el acceso al servicio de agua potable en comunidades prioritarias de las provincias de Barahona, Bahoruco e Independencia, mediante el fortalecimiento de la infraestructura de abastecimiento, el aumento de la capacidad de tratamiento y almacenamiento y la implementación de medidas complementarias de sostenibilidad operativa, institucional y ambiental.",1,,USD,0,1,2025-11-27T11:23:57.523Z,es,XM-DAC-46007,Banco Centroamericano de Integración Económica,40,2026-01-01,,,,DO,República Dominicana,es,,,,,,,,
XM-DAC-46007-500900,Programa de Abastecimiento de Ambulancias para el Sistema de Salud,El objetivo general del programa es fortalecer los servicios de atención a emergencias médicas del sistema de salud de la República Dominicana.,1,,USD,0,1,2025-11-27T11:23:57.523Z,es,XM-DAC-46007,Banco Centroamericano de Integración Económica,40,2026-01-01,,,,DO,República Dominicana,es,,,,,,,,
XM-DAC-46007-501227,OPD para el impulso de la acción climática y Conservación del capital natural,"El objetivo es fortalecer la capacidad del Estado para implementar de manera efectiva su agenda climática y ambiental, mediante reformas normativas, institucionales y técnicas que aceleren la descarbonización, la adaptación al cambio climático y la conservación de los ecosistemas estratégicos.",1,,USD,0,1,2025-11-27T11:23:57.523Z,es,XM-DAC-46007,Banco Centroamericano de Integración Económica,40,2026-01-01,,,,CO,Colombia,es,,,,,,,,
XM-DAC-46007-501142,Programa de Mejoramiento y Ampliación en 4 Sistemas de Agua Potable en 5 Ciudades de Nicaragua,"El objetivo general del Programa es contribuir a aumentar el nivel de vida de la población de las ciudades atendidas, mediante la ampliación y mejoramiento de sistemas de agua potable con mejoras en la continuidad, eficiencia y calidad del servicio, de forma compatible con el medio ambiente.",1,,USD,0,1,2025-11-27T11:23:57.523Z,es,XM-DAC-46007,Banco Centroamericano de Integración Económica,40,2026-01-01,,,,NI,Nicaragua,es,,,,,,,,
