activity_identifier,transaction_ref,transaction_type,sector_code,sector_name,vocabulary,vocabulary_uri
US-GOV-1-000-15-ASIA,A1B03408949C,2,91010,Operating Expenses,1,
US-GOV-1-000-15-ASIA,A1B03408949C,2,8001,Direct Administrative Costs,99,
US-GOV-1-000-15-ASIA,A1B03408949C,3,91010,Operating Expenses,1,
US-GOV-1-000-15-ASIA,A1B03408949C,3,8001,Direct Administrative Costs,99,
US-GOV-1-000-15-ASIA,E871CC266F27,2,31110,Agricultural policy and administrative management,1,
US-GOV-1-000-15-ASIA,E871CC266F27,2,8001,Direct Administrative Costs,99,
US-GOV-1-000-15-ASIA,E871CC266F27,3,31110,Agricultural policy and administrative management,1,
US-GOV-1-000-15-ASIA,E871CC266F27,3,8001,Direct Administrative Costs,99,
US-GOV-1-000-15-ASIA,B8021B1FF974,2,91010,Operating Expenses,1,
US-GOV-1-000-15-ASIA,B8021B1FF974,2,8001,Direct Administrative Costs,99,
US-GOV-1-000-15-ASIA,B8021B1FF974,3,91010,Operating Expenses,1,
US-GOV-1-000-15-ASIA,B8021B1FF974,3,8001,Direct Administrative Costs,99,
US-GOV-1-00008MO000188,A7188C340B3F,2,33110,Trade policy and administrative management,1,
US-GOV-1-00008MO000188,A7188C340B3F,2,5002,Trade and Investment,99,
US-GOV-1-00008MO000192,D768DE9AA4E0,2,11220,Primary education,1,
US-GOV-1-00008MO000192,D768DE9AA4E0,2,4001,Basic Education,99,
US-GOV-1-00008MO000194,6641B9CE7B98,2,15110,Public sector policy and administrative management,1,
US-GOV-1-00008MO000194,6641B9CE7B98,2,2004,Civil Society,99,
US-GOV-1-00008MO000195,DF26FD77D65B,2,15110,Public sector policy and administrative management,1,
US-GOV-1-00008MO000195,DF26FD77D65B,2,2004,Civil Society,99,
US-GOV-1-00008MO000197,F6656AF4A11B,2,41030,Bio-diversity,1,
US-GOV-1-00008MO000197,F6656AF4A11B,2,6002,Natural Resources and Biodiversity,99,
US-GOV-1-00022MO000378,DB473D00009D,2,23210,"Energy generation, renewable sources - multiple technologies",1,
US-GOV-1-00022MO000378,DB473D00009D,2,5001,Macroeconomic Foundation for Growth,99,
US-GOV-1-00022MO000378,DB473D00009D,3,23210,"Energy generation, renewable sources - multiple technologies",1,
US-GOV-1-00022MO000378,DB473D00009D,3,5001,Macroeconomic Foundation for Growth,99,
US-GOV-1-00022MO000378,4081461526B0,2,41010,Environmental policy and administrative management,1,
US-GOV-1-00022MO000378,4081461526B0,2,5001,Macroeconomic Foundation for Growth,99,
US-GOV-1-00022MO000378,4081461526B0,3,41010,Environmental policy and administrative management,1,
US-GOV-1-00022MO000378,4081461526B0,3,5001,Macroeconomic Foundation for Growth,99,
US-GOV-1-00022MO000378,12D3328FF4C5,2,41010,Environmental policy and administrative management,1,
US-GOV-1-00022MO000378,12D3328FF4C5,2,5001,Macroeconomic Foundation for Growth,99,
US-GOV-1-00022MO000378,12D3328FF4C5,3,41010,Environmental policy and administrative management,1,
US-GOV-1-00022MO000378,12D3328FF4C5,3,5001,Macroeconomic Foundation for Growth,99,
US-GOV-1-115-EPP-I-05-05-00010,46A5F879FBD5,3,14030,Basic drinking water supply and basic sanitation,1,
US-GOV-1-115-EPP-I-05-05-00010,46A5F879FBD5,3,3008,Water Supply and Sanitation,99,
US-GOV-1-115-EPP-I-05-05-00010,7C613CA7648A,3,14030,Basic drinking water supply and basic sanitation,1,
US-GOV-1-115-EPP-I-05-05-00010,7C613CA7648A,3,3008,Water Supply and Sanitation,99,
US-GOV-1-115-EPP-I-05-05-00010,7E6B595B3E7C,2,14030,Basic drinking water supply and basic sanitation,1,
US-GOV-1-115-EPP-I-05-05-00010,7E6B595B3E7C,2,3008,Water Supply and Sanitation,99,
US-GOV-1-2940005G00420100,198907B80744,2,43010,Multisector aid,1,
US-GOV-1-2940005G00420100,198907B80744,2,4005,Social Assistance,99,
US-GOV-1-2940007G00400500,43EC3D015440,2,43010,Multisector aid,1,
US-GOV-1-2940007G00400500,43EC3D015440,2,4005,Social Assistance,99,
US-GOV-1-399-C-00-92-00356,B3BFC1411A49,2,41010,Environmental policy and administrative management,1,
US-GOV-1-399-C-00-92-00356,B3BFC1411A49,2,6003,Clean Productive Environment,99,
US-GOV-1-442-EEE-A-00-02-00041-00-5,CB58AED4D027,2,41010,Environmental policy and administrative management,1,
US-GOV-1-442-EEE-A-00-02-00041-00-5,CB58AED4D027,2,6003,Clean Productive Environment,99,
US-GOV-1-486-22-486-CASH-AWARD-232,064D65664A27,2,91010,Operating Expenses,1,
US-GOV-1-486-22-486-CASH-AWARD-232,064D65664A27,2,8001,Direct Administrative Costs,99,
US-GOV-1-486-22-486-CASH-AWARD-232,082AA24E6A88,3,91010,Operating Expenses,1,
US-GOV-1-486-22-486-CASH-AWARD-232,082AA24E6A88,3,8001,Direct Administrative Costs,99,
US-GOV-1-498-DCA-17-001,287076360D3C,2,31110,Agricultural policy and administrative management,1,
US-GOV-1-498-DCA-17-001,287076360D3C,2,5005,Agriculture,99,
US-GOV-1-498-DCA-17-001,EF25CB6972A6,2,31110,Agricultural policy and administrative management,1,
US-GOV-1-498-DCA-17-001,EF25CB6972A6,2,5005,Agriculture,99,
US-GOV-1-498-DCA-17-001,5B5521DB5700,2,31110,Agricultural policy and administrative management,1,
US-GOV-1-498-DCA-17-001,5B5521DB5700,2,5005,Agriculture,99,
US-GOV-1-498-DCA-17-001,E677E3E1633A,2,31110,Agricultural policy and administrative management,1,
US-GOV-1-498-DCA-17-001,E677E3E1633A,2,5005,Agriculture,99,
US-GOV-1-498-DCA-17-001,BCBF17F15EB4,2,31110,Agricultural policy and administrative management,1,
US-GOV-1-498-DCA-17-001,BCBF17F15EB4,2,5005,Agriculture,99,
US-GOV-1-498-DCA-17-001,79FB84C2C6D2,2,31110,Agricultural policy and administrative management,1,
US-GOV-1-498-DCA-17-001,79FB84C2C6D2,2,5005,Agriculture,99,
US-GOV-1-4990015G00254400,3C93AF9B1650,2,43010,Multisector aid,1,
US-GOV-1-4990015G00254400,3C93AF9B1650,2,4005,Social Assistance,99,
US-GOV-1-4990015G00256600,D2023557C451,2,12110,Health policy and administrative management,1,
US-GOV-1-4990015G00256600,D2023557C451,2,3005,Other Public Health Threats,99,
US-GOV-1-4990015G00355200,48D64E410619,2,43010,Multisector aid,1,
US-GOV-1-4990015G00355200,48D64E410619,2,4005,Social Assistance,99,
US-GOV-1-4990015G00510600,B4902BD38D7A,2,43010,Multisector aid,1,
US-GOV-1-4990015G00510600,B4902BD38D7A,2,4005,Social Assistance,99,
US-GOV-1-7200AA19F00023,97A3A90FDC45,2,33110,Trade policy and administrative management,1,
US-GOV-1-7200AA19F00023,97A3A90FDC45,2,5002,Trade and Investment,99,
US-GOV-1-7200AA19F00023,F014533BB352,2,15150,Democratic participation and civil society,1,
US-GOV-1-7200AA19F00023,F014533BB352,2,2002,Good Governance,99,
US-GOV-1-7200AA19F00023,06775C4BFE1B,2,23110,Energy policy and administrative management,1,
US-GOV-1-7200AA19F00023,06775C4BFE1B,2,5004,Infrastructure,99,
US-GOV-1-7200AA19F00023,A6A0B919BCB2,3,43010,Multisector aid,1,
US-GOV-1-7200AA19F00023,A6A0B919BCB2,3,8001,Direct Administrative Costs,99,
US-GOV-1-7200AA19F00023,C6A319E420B6,3,43010,Multisector aid,1,
US-GOV-1-7200AA19F00023,C6A319E420B6,3,8001,Direct Administrative Costs,99,
US-GOV-1-7200AA19F00023,6F99D95BD6EA,3,43010,Multisector aid,1,
US-GOV-1-7200AA19F00023,6F99D95BD6EA,3,8001,Direct Administrative Costs,99,
US-GOV-1-7200AA19F00023,26C2BC12ED30,3,33110,Trade policy and administrative management,1,
US-GOV-1-7200AA19F00023,26C2BC12ED30,3,5002,Trade and Investment,99,
US-GOV-1-7200AA19F00023,74F1E7EE6F83,3,43010,Multisector aid,1,
US-GOV-1-7200AA19F00023,74F1E7EE6F83,3,8001,Direct Administrative Costs,99,
US-GOV-1-7200AA19F00023,6847F040BB2E,3,43010,Multisector aid,1,
US-GOV-1-7200AA19F00023,6847F040BB2E,3,8001,Direct Administrative Costs,99,
US-GOV-1-7200AA19F00023,D268ED97AC24,3,33110,Trade policy and administrative management,1,
US-GOV-1-7200AA19F00023,D268ED97AC24,3,5002,Trade and Investment,99,
US-GOV-1-7200AA19F00023,CB2E42C02789,3,23110,Energy policy and administrative management,1,
US-GOV-1-7200AA19F00023,CB2E42C02789,3,5004,Infrastructure,99,
US-GOV-1-7200AA19F00023,1C9F3468EC65,3,23110,Energy policy and administrative management,1,
US-GOV-1-7200AA19F00023,1C9F3468EC65,3,5004,Infrastructure,99,
US-GOV-1-7200AA19F00023,E49202FFDEDD,3,23110,Energy policy and administrative management,1,
US-GOV-1-7200AA19F00023,E49202FFDEDD,3,5004,Infrastructure,99,
US-GOV-1-7200AA19F00023,5BD14CCDBCC1,3,33110,Trade policy and administrative management,1,
US-GOV-1-7200AA19F00023,5BD14CCDBCC1,3,5002,Trade and Investment,99,
US-GOV-1-7200AA19F00023,B18428D7B4CB,3,33110,Trade policy and administrative management,1,
US-GOV-1-7200AA19F00023,B18428D7B4CB,3,5002,Trade and Investment,99,
US-GOV-1-7200AA19F00023,8A35E465C0E6,3,33110,Trade policy and administrative management,1,
US-GOV-1-7200AA19F00023,8A35E465C0E6,3,5002,Trade and Investment,99,
US-GOV-1-7200AA19F00023,B6C059BBB215,3,23110,Energy policy and administrative management,1,
US-GOV-1-7200AA19F00023,B6C059BBB215,3,5004,Infrastructure,99,
US-GOV-1-7200AA19F00023,C9344C983352,3,15150,Democratic participation and civil society,1,
US-GOV-1-7200AA19F00023,C9344C983352,3,2002,Good Governance,99,
US-GOV-1-7200AA19F00023,63C1D6E00D4D,3,15150,Democratic participation and civil society,1,
US-GOV-1-7200AA19F00023,63C1D6E00D4D,3,2002,Good Governance,99,
US-GOV-1-7200AA19F00023,5A7DF4E55F64,3,15150,Democratic participation and civil society,1,
US-GOV-1-7200AA19F00023,5A7DF4E55F64,3,2002,Good Governance,99,
US-GOV-1-7200AA19F00023,625A345EB41F,2,43010,Multisector aid,1,
US-GOV-1-7200AA19F00023,625A345EB41F,2,8001,Direct Administrative Costs,99,
US-GOV-1-7200AA19F00023,347185C043BA,3,33110,Trade policy and administrative management,1,
US-GOV-1-7200AA19F00023,347185C043BA,3,5002,Trade and Investment,99,
US-GOV-1-7200AA19F00023,855918C06F67,3,33110,Trade policy and administrative management,1,
US-GOV-1-7200AA19F00023,855918C06F67,3,5002,Trade and Investment,99,
US-GOV-1-7200AA19F00023,4EF571B2B81C,3,33110,Trade policy and administrative management,1,
US-GOV-1-7200AA19F00023,4EF571B2B81C,3,5002,Trade and Investment,99,
US-GOV-1-7200AA19F00023,E43EE40C9C0E,3,15150,Democratic participation and civil society,1,
US-GOV-1-7200AA19F00023,E43EE40C9C0E,3,2002,Good Governance,99,
US-GOV-1-7200AA19F00023,B6F14F26A3B9,3,43010,Multisector aid,1,
US-GOV-1-7200AA19F00023,B6F14F26A3B9,3,8001,Direct Administrative Costs,99,
US-GOV-1-7200AA19F00023,E892EF2682EF,3,15150,Democratic participation and civil society,1,
US-GOV-1-7200AA19F00023,E892EF2682EF,3,2002,Good Governance,99,
US-GOV-1-7200AA19F00023,E6E72ABB0703,3,23110,Energy policy and administrative management,1,
US-GOV-1-7200AA19F00023,E6E72ABB0703,3,5004,Infrastructure,99,
US-GOV-1-7200AA20P00017,232519E2685B,2,15150,Democratic participation and civil society,1,
US-GOV-1-7200AA20P00017,232519E2685B,2,2002,Good Governance,99,
US-GOV-1-7200AA20P00017,01C524A5A4E6,3,15150,Democratic participation and civil society,1,
US-GOV-1-7200AA20P00017,01C524A5A4E6,3,2002,Good Governance,99,
US-GOV-1-7200AA21CA00017,D774F6417B69,2,41010,Environmental policy and administrative management,1,
US-GOV-1-7200AA21CA00017,D774F6417B69,2,5001,Macroeconomic Foundation for Growth,99,
US-GOV-1-7200AA21CA00017,C4DE2BAC2750,2,41030,Bio-diversity,1,
US-GOV-1-7200AA21CA00017,C4DE2BAC2750,2,5001,Macroeconomic Foundation for Growth,99,
US-GOV-1-7200AA21CA00017,E25430DE9B71,2,23110,Energy policy and administrative management,1,
US-GOV-1-7200AA21CA00017,E25430DE9B71,2,5004,Infrastructure,99,
US-GOV-1-7200AA21CA00017,89A3CB1EC3FD,3,23110,Energy policy and administrative management,1,
US-GOV-1-7200AA21CA00017,89A3CB1EC3FD,3,5004,Infrastructure,99,
US-GOV-1-7200AA21CA00017,26237003D191,3,23110,Energy policy and administrative management,1,
US-GOV-1-7200AA21CA00017,26237003D191,3,5004,Infrastructure,99,
US-GOV-1-7200AA21CA00017,EBA90990019B,3,41010,Environmental policy and administrative management,1,
US-GOV-1-7200AA21CA00017,EBA90990019B,3,5001,Macroeconomic Foundation for Growth,99,
US-GOV-1-7200AA21CA00017,D17CB56E6159,3,23110,Energy policy and administrative management,1,
US-GOV-1-7200AA21CA00017,D17CB56E6159,3,5004,Infrastructure,99,
US-GOV-1-7200AA21CA00017,27A881E68466,2,23210,"Energy generation, renewable sources - multiple technologies",1,
US-GOV-1-7200AA21CA00017,27A881E68466,2,5001,Macroeconomic Foundation for Growth,99,
US-GOV-1-7200AA21CA00017,3B394FF363DE,2,41010,Environmental policy and administrative management,1,
US-GOV-1-7200AA21CA00017,3B394FF363DE,2,5001,Macroeconomic Foundation for Growth,99,
US-GOV-1-7200AA21CA00017,DC320F567F87,3,41030,Bio-diversity,1,
US-GOV-1-7200AA21CA00017,DC320F567F87,3,5001,Macroeconomic Foundation for Growth,99,
US-GOV-1-7200AA21CA00017,E142D134A54F,3,41030,Bio-diversity,1,
US-GOV-1-7200AA21CA00017,E142D134A54F,3,5001,Macroeconomic Foundation for Growth,99,
US-GOV-1-7200AA21CA00017,546CD99C99FF,3,41030,Bio-diversity,1,
US-GOV-1-7200AA21CA00017,546CD99C99FF,3,5001,Macroeconomic Foundation for Growth,99,
US-GOV-1-7200AA21CA00017,091359B5205A,3,41010,Environmental policy and administrative management,1,
US-GOV-1-7200AA21CA00017,091359B5205A,3,5001,Macroeconomic Foundation for Growth,99,
US-GOV-1-7200AA21CA00017,9C4750A8D443,3,41030,Bio-diversity,1,
US-GOV-1-7200AA21CA00017,9C4750A8D443,3,5001,Macroeconomic Foundation for Growth,99,
US-GOV-1-7200AA21CA00017,E9FDCD39614E,3,41010,Environmental policy and administrative management,1,
US-GOV-1-7200AA21CA00017,E9FDCD39614E,3,5001,Macroeconomic Foundation for Growth,99,
US-GOV-1-7200AA21CA00017,6E5B4FD29092,3,41010,Environmental policy and administrative management,1,
US-GOV-1-7200AA21CA00017,6E5B4FD29092,3,5001,Macroeconomic Foundation for Growth,99,
US-GOV-1-7200AA21CA00017,6A8BB2FC1527,2,23210,"Energy generation, renewable sources - multiple technologies",1,
US-GOV-1-7200AA21CA00017,6A8BB2FC1527,2,5001,Macroeconomic Foundation for Growth,99,
US-GOV-1-7200AA21CA00017,00D0C773B7E5,2,41010,Environmental policy and administrative management,1,
US-GOV-1-7200AA21CA00017,00D0C773B7E5,2,5001,Macroeconomic Foundation for Growth,99,
US-GOV-1-7200AA21CA00017,1E2C547BEB50,3,41010,Environmental policy and administrative management,1,
US-GOV-1-7200AA21CA00017,1E2C547BEB50,3,5001,Macroeconomic Foundation for Growth,99,
US-GOV-1-7200AA21CA00017,07C03A27C6D8,3,41010,Environmental policy and administrative management,1,
US-GOV-1-7200AA21CA00017,07C03A27C6D8,3,5001,Macroeconomic Foundation for Growth,99,
US-GOV-1-7200AA21CA00017,07C4543834B8,2,23110,Energy policy and administrative management,1,
US-GOV-1-7200AA21CA00017,07C4543834B8,2,5004,Infrastructure,99,
US-GOV-1-7200AA21CA00017,574336CD81DE,3,41010,Environmental policy and administrative management,1,
US-GOV-1-7200AA21CA00017,574336CD81DE,3,5001,Macroeconomic Foundation for Growth,99,
US-GOV-1-7200AA21CA00017,A23786180A1C,3,23210,"Energy generation, renewable sources - multiple technologies",1,
US-GOV-1-7200AA21CA00017,A23786180A1C,3,5001,Macroeconomic Foundation for Growth,99,
US-GOV-1-7200AA21CA00017,BE8565D08949,2,23210,"Energy generation, renewable sources - multiple technologies",1,
US-GOV-1-7200AA21CA00017,BE8565D08949,2,5001,Macroeconomic Foundation for Growth,99,
US-GOV-1-7200AA21CA00017,8A2A802335D3,3,41010,Environmental policy and administrative management,1,
US-GOV-1-7200AA21CA00017,8A2A802335D3,3,5001,Macroeconomic Foundation for Growth,99,
US-GOV-1-7200AA21CA00017,9C503E848C9C,2,23210,"Energy generation, renewable sources - multiple technologies",1,
US-GOV-1-7200AA21CA00017,9C503E848C9C,2,5001,Macroeconomic Foundation for Growth,99,
US-GOV-1-7200AA21CA00017,AE6236B1D459,2,41010,Environmental policy and administrative management,1,
US-GOV-1-7200AA21CA00017,AE6236B1D459,2,5001,Macroeconomic Foundation for Growth,99,
US-GOV-1-7200AA21CA00017,9289AF716C24,3,23110,Energy policy and administrative management,1,
US-GOV-1-7200AA21CA00017,9289AF716C24,3,5004,Infrastructure,99,
US-GOV-1-7200AA23F00011,DA5EC9C66015,2,13010,Population policy and administrative management,1,
US-GOV-1-7200AA23F00011,DA5EC9C66015,2,8001,Direct Administrative Costs,99,
US-GOV-1-7200AA23F00011,A733874EC04E,2,91010,Operating Expenses,1,
US-GOV-1-7200AA23F00011,A733874EC04E,2,8001,Direct Administrative Costs,99,
US-GOV-1-7200AA23F00011,EE5AE20A2804,2,91010,Operating Expenses,1,
US-GOV-1-7200AA23F00011,EE5AE20A2804,2,8001,Direct Administrative Costs,99,
US-GOV-1-7200AA23F00011,A9C8C62BCFA9,3,13010,Population policy and administrative management,1,
US-GOV-1-7200AA23F00011,A9C8C62BCFA9,3,8001,Direct Administrative Costs,99,
US-GOV-1-7200AA23F00011,5245BF423E08,3,91010,Operating Expenses,1,
US-GOV-1-7200AA23F00011,5245BF423E08,3,8001,Direct Administrative Costs,99,
US-GOV-1-7200AA23F00011,99A34490E7EB,3,13010,Population policy and administrative management,1,
US-GOV-1-7200AA23F00011,99A34490E7EB,3,8001,Direct Administrative Costs,99,
US-GOV-1-7200AA23F00011,30D2F28B9B6C,3,91010,Operating Expenses,1,
US-GOV-1-7200AA23F00011,30D2F28B9B6C,3,8001,Direct Administrative Costs,99,
US-GOV-1-7200AA23F00011,519D1C5D90FD,2,12250,Infectious disease control,1,
US-GOV-1-7200AA23F00011,519D1C5D90FD,2,8001,Direct Administrative Costs,99,
US-GOV-1-7200AA23F00011,B525877DF0B9,2,13010,Population policy and administrative management,1,
US-GOV-1-7200AA23F00011,B525877DF0B9,2,8001,Direct Administrative Costs,99,
US-GOV-1-7200AA23F00011,E48731F6560D,2,91010,Operating Expenses,1,
US-GOV-1-7200AA23F00011,E48731F6560D,2,8001,Direct Administrative Costs,99,
US-GOV-1-7200AA23F00011,1B9EB64B4004,3,91010,Operating Expenses,1,
US-GOV-1-7200AA23F00011,1B9EB64B4004,3,8001,Direct Administrative Costs,99,
US-GOV-1-7200AA23F00011,CE800F229329,3,91010,Operating Expenses,1,
US-GOV-1-7200AA23F00011,CE800F229329,3,8001,Direct Administrative Costs,99,
US-GOV-1-7200AA23F00011,583E8C38D394,3,91010,Operating Expenses,1,
US-GOV-1-7200AA23F00011,583E8C38D394,3,8001,Direct Administrative Costs,99,
US-GOV-1-7200AA23F00011,389ED978AD36,3,91010,Operating Expenses,1,
US-GOV-1-7200AA23F00011,389ED978AD36,3,8001,Direct Administrative Costs,99,
US-GOV-1-7200AA23F00011,DC0950978590,2,91010,Operating Expenses,1,
US-GOV-1-7200AA23F00011,DC0950978590,2,8001,Direct Administrative Costs,99,
US-GOV-1-7200AA23F00011,52EAC4D00956,3,91010,Operating Expenses,1,
US-GOV-1-7200AA23F00011,52EAC4D00956,3,8001,Direct Administrative Costs,99,
US-GOV-1-7200AA23F00011,B5CD14367C7D,2,13010,Population policy and administrative management,1,
US-GOV-1-7200AA23F00011,B5CD14367C7D,2,8001,Direct Administrative Costs,99,
US-GOV-1-7200AA23F00011,4F3D29EB6AC3,2,91010,Operating Expenses,1,
US-GOV-1-7200AA23F00011,4F3D29EB6AC3,2,8001,Direct Administrative Costs,99,
US-GOV-1-7200AA24GR00002,FE6A10B2673B,2,41010,Environmental policy and administrative management,1,
US-GOV-1-7200AA24GR00002,FE6A10B2673B,2,5001,Macroeconomic Foundation for Growth,99,
US-GOV-1-7200AA24GR00002,49DA771C5108,2,41010,Environmental policy and administrative management,1,
US-GOV-1-7200AA24GR00002,49DA771C5108,2,5001,Macroeconomic Foundation for Growth,99,
US-GOV-1-7200AA24P00041,E84D8C84082D,2,41010,Environmental policy and administrative management,1,
US-GOV-1-7200AA24P00041,E84D8C84082D,2,5001,Macroeconomic Foundation for Growth,99,
US-GOV-1-7200AA24P00041,FA6E70A29DEB,3,41010,Environmental policy and administrative management,1,
US-GOV-1-7200AA24P00041,FA6E70A29DEB,3,5001,Macroeconomic Foundation for Growth,99,
US-GOV-1-7200AA25N00002,A13581AA288F,2,23210,"Energy generation, renewable sources - multiple technologies",1,
US-GOV-1-7200AA25N00002,A13581AA288F,2,5001,Macroeconomic Foundation for Growth,99,
US-GOV-1-7200AA25N00002,EBD9FA73C8DD,2,41010,Environmental policy and administrative management,1,
US-GOV-1-7200AA25N00002,EBD9FA73C8DD,2,5001,Macroeconomic Foundation for Growth,99,
US-GOV-1-7200AA25N00002,FDCC619F6BA3,2,41010,Environmental policy and administrative management,1,
US-GOV-1-7200AA25N00002,FDCC619F6BA3,2,5001,Macroeconomic Foundation for Growth,99,
US-GOV-1-720201350267,C689910E80E5,2,73010,Immediate post-emergency reconstruction and rehabilitation,1,
US-GOV-1-720201350267,C689910E80E5,2,7001,"Protection, Assistance and Solutions",99,
US-GOV-1-720201350269,874B2DB64838,2,73010,Immediate post-emergency reconstruction and rehabilitation,1,
US-GOV-1-720201350269,874B2DB64838,2,7001,"Protection, Assistance and Solutions",99,
US-GOV-1-720201350402,A886AFC6188F,3,15110,Public sector policy and administrative management,1,
US-GOV-1-720201350402,A886AFC6188F,3,1001,Counter-Terrorism,99,
US-GOV-1-720201350403,2895ACDD02A2,2,15110,Public sector policy and administrative management,1,
US-GOV-1-720201350403,2895ACDD02A2,2,2004,Civil Society,99,
US-GOV-1-720201350429,02FA12FC3ADA,3,14030,Basic drinking water supply and basic sanitation,1,
US-GOV-1-720201350429,02FA12FC3ADA,3,3008,Water Supply and Sanitation,99,
US-GOV-1-720201350429,49E3E0E304F1,3,41030,Bio-diversity,1,
US-GOV-1-720201350429,49E3E0E304F1,3,6002,Natural Resources and Biodiversity,99,
US-GOV-1-720201350429,C3FFAE87C3AA,3,41030,Bio-diversity,1,
US-GOV-1-720201350429,C3FFAE87C3AA,3,6002,Natural Resources and Biodiversity,99,
US-GOV-1-720201350429,6A93692F31B4,3,41030,Bio-diversity,1,
US-GOV-1-720201350429,6A93692F31B4,3,6002,Natural Resources and Biodiversity,99,
US-GOV-1-720201350429,7B9648A81056,3,41030,Bio-diversity,1,
US-GOV-1-720201350429,7B9648A81056,3,6002,Natural Resources and Biodiversity,99,
US-GOV-1-720201350435,789C99DB463A,3,91010,Operating Expenses,1,
US-GOV-1-720201350435,789C99DB463A,3,8001,Direct Administrative Costs,99,
US-GOV-1-720201350435,40D55A13BF7A,3,91010,Operating Expenses,1,
US-GOV-1-720201350435,40D55A13BF7A,3,8001,Direct Administrative Costs,99,
US-GOV-1-720201350588,A25B13873800,3,91010,Operating Expenses,1,
US-GOV-1-720201350588,A25B13873800,3,8001,Direct Administrative Costs,99,
US-GOV-1-720201350588,1979180EF2EC,3,91010,Operating Expenses,1,
US-GOV-1-720201350588,1979180EF2EC,3,8001,Direct Administrative Costs,99,
US-GOV-1-720201350588,0355EC864B2D,3,91010,Operating Expenses,1,
US-GOV-1-720201350588,0355EC864B2D,3,8001,Direct Administrative Costs,99,
US-GOV-1-720201350588,CB2A70BE8817,3,91010,Operating Expenses,1,
US-GOV-1-720201350588,CB2A70BE8817,3,8001,Direct Administrative Costs,99,
US-GOV-1-720201351534,C239526AB945,3,72010,Material relief assistance and services,1,
US-GOV-1-720201351534,C239526AB945,3,7001,"Protection, Assistance and Solutions",99,
US-GOV-1-720201450429,807590B5E317,3,41030,Bio-diversity,1,
US-GOV-1-720201450429,807590B5E317,3,6002,Natural Resources and Biodiversity,99,
US-GOV-1-720201450587,4498AC1C22E3,3,15152,Legislatures and political parties,1,
US-GOV-1-720201450587,4498AC1C22E3,3,2002,Good Governance,99,
US-GOV-1-720201450587,DD9C48710319,3,15113,Anti-corruption organisations and institutions,1,
US-GOV-1-720201450587,DD9C48710319,3,2002,Good Governance,99,
US-GOV-1-720201450587,ED692BF89F04,3,15152,Legislatures and political parties,1,
US-GOV-1-720201450587,ED692BF89F04,3,2002,Good Governance,99,
US-GOV-1-720201450587,2CCC0ED4C10A,3,15113,Anti-corruption organisations and institutions,1,
US-GOV-1-720201450587,2CCC0ED4C10A,3,2002,Good Governance,99,
US-GOV-1-720201450587,B0406724339B,2,15110,Public sector policy and administrative management,1,
US-GOV-1-720201450587,B0406724339B,2,2002,Good Governance,99,
US-GOV-1-720201450587,A79D1F2BF745,2,15150,Democratic participation and civil society,1,
US-GOV-1-720201450587,A79D1F2BF745,2,2004,Civil Society,99,
US-GOV-1-720201450588,C51DF684DD5C,3,91010,Operating Expenses,1,
US-GOV-1-720201450588,C51DF684DD5C,3,8001,Direct Administrative Costs,99,
US-GOV-1-720201550270,54658D597AB8,2,15110,Public sector policy and administrative management,1,
US-GOV-1-720201550270,54658D597AB8,2,2002,Good Governance,99,
US-GOV-1-720201550411,27796F318137,2,15150,Democratic participation and civil society,1,
US-GOV-1-720201550411,27796F318137,2,2004,Civil Society,99,
US-GOV-1-720201550435,E8C9B44F449D,2,91010,Operating Expenses,1,
US-GOV-1-720201550435,E8C9B44F449D,2,8001,Direct Administrative Costs,99,
US-GOV-1-720201550498,0024E48CE29F,2,41010,Environmental policy and administrative management,1,
US-GOV-1-720201550498,0024E48CE29F,2,6003,Clean Productive Environment,99,
US-GOV-1-720201550587,90A8C4DA5145,3,15150,Democratic participation and civil society,1,
US-GOV-1-720201550587,90A8C4DA5145,3,2004,Civil Society,99,
US-GOV-1-720201550587,5B9C96DD7458,3,15150,Democratic participation and civil society,1,
US-GOV-1-720201550587,5B9C96DD7458,3,2004,Civil Society,99,
US-GOV-1-720201550587,B59A8AD470B9,3,15110,Public sector policy and administrative management,1,
US-GOV-1-720201550587,B59A8AD470B9,3,2002,Good Governance,99,
US-GOV-1-720201550587,E581FEC0A3C8,3,15113,Anti-corruption organisations and institutions,1,
US-GOV-1-720201550587,E581FEC0A3C8,3,2002,Good Governance,99,
US-GOV-1-720201550587,066413BA7274,3,15152,Legislatures and political parties,1,
US-GOV-1-720201550587,066413BA7274,3,2002,Good Governance,99,
US-GOV-1-720201550587,6979F0EB84D0,3,15150,Democratic participation and civil society,1,
US-GOV-1-720201550587,6979F0EB84D0,3,2004,Civil Society,99,
US-GOV-1-720201550587,63777FB87CEC,3,15110,Public sector policy and administrative management,1,
US-GOV-1-720201550587,63777FB87CEC,3,2002,Good Governance,99,
US-GOV-1-720201550587,0B59C4C5CD45,3,15110,Public sector policy and administrative management,1,
US-GOV-1-720201550587,0B59C4C5CD45,3,2002,Good Governance,99,
US-GOV-1-720201550587,6E8918F9A46C,3,15150,Democratic participation and civil society,1,
US-GOV-1-720201550587,6E8918F9A46C,3,2004,Civil Society,99,
US-GOV-1-720201555028,CD8A79CAEC21,2,43010,Multisector aid,1,
US-GOV-1-720201555028,CD8A79CAEC21,2,4005,Social Assistance,99,
US-GOV-1-720201555051,1A1915D4E7E0,2,41010,Environmental policy and administrative management,1,
US-GOV-1-720201555051,1A1915D4E7E0,2,6003,Clean Productive Environment,99,
US-GOV-1-720201650587,A6D8F7BC1A41,3,15150,Democratic participation and civil society,1,
US-GOV-1-720201650587,A6D8F7BC1A41,3,2004,Civil Society,99,
US-GOV-1-720201650587,6D7168B35890,3,15150,Democratic participation and civil society,1,
US-GOV-1-720201650587,6D7168B35890,3,2004,Civil Society,99,
US-GOV-1-720201758483,4DAA65312A4A,2,31110,Agricultural policy and administrative management,1,
US-GOV-1-720201758483,4DAA65312A4A,2,5005,Agriculture,99,
US-GOV-1-720201850266,8295142643B6,3,14030,Basic drinking water supply and basic sanitation,1,
US-GOV-1-720201850266,8295142643B6,3,3008,Water Supply and Sanitation,99,
US-GOV-1-720201858483,A455A08B0897,3,31110,Agricultural policy and administrative management,1,
US-GOV-1-720201858483,A455A08B0897,3,5005,Agriculture,99,
US-GOV-1-720201858483,DE3CFAC48EA2,2,31110,Agricultural policy and administrative management,1,
US-GOV-1-720201858483,DE3CFAC48EA2,2,5005,Agriculture,99,
US-GOV-1-720201860688,B7033FE8889A,2,13020,Reproductive health care,1,
US-GOV-1-720201860688,B7033FE8889A,2,3006,Maternal and Child Health,99,
US-GOV-1-720201860688,668D4913AF39,2,13030,Family planning,1,
US-GOV-1-720201860688,668D4913AF39,2,3007,Family Planning and Reproductive Health,99,
US-GOV-1-720201860688,39FF646B73C1,2,15150,Democratic participation and civil society,1,
US-GOV-1-720201860688,39FF646B73C1,2,2004,Civil Society,99,
US-GOV-1-720201954926,FDC3D2044109,2,33110,Trade policy and administrative management,1,
US-GOV-1-720201954926,FDC3D2044109,2,5002,Trade and Investment,99,
US-GOV-1-720201954926,EFBDA8B8760F,2,15150,Democratic participation and civil society,1,
US-GOV-1-720201954926,EFBDA8B8760F,2,2004,Civil Society,99,
US-GOV-1-720201958483,C8B7BACEC0E3,3,31110,Agricultural policy and administrative management,1,
US-GOV-1-720201958483,C8B7BACEC0E3,3,5005,Agriculture,99,
US-GOV-1-720201958483,749BB666179E,3,31110,Agricultural policy and administrative management,1,
US-GOV-1-720201958483,749BB666179E,3,5005,Agriculture,99,
US-GOV-1-720201958483,6D717DBC315B,3,31110,Agricultural policy and administrative management,1,
US-GOV-1-720201958483,6D717DBC315B,3,5005,Agriculture,99,
US-GOV-1-720201960850,21122FFC1322,3,13020,Reproductive health care,1,
US-GOV-1-720201960850,21122FFC1322,3,3006,Maternal and Child Health,99,
US-GOV-1-720201960850,B6C1DB58C086,3,15150,Democratic participation and civil society,1,
US-GOV-1-720201960850,B6C1DB58C086,3,2004,Civil Society,99,
US-GOV-1-720201960850,40AAFCFFC286,3,15150,Democratic participation and civil society,1,
US-GOV-1-720201960850,40AAFCFFC286,3,2004,Civil Society,99,
US-GOV-1-720201960850,0228923D7ADA,3,15150,Democratic participation and civil society,1,
US-GOV-1-720201960850,0228923D7ADA,3,2004,Civil Society,99,
US-GOV-1-720201960850,821E5851A5CC,3,15150,Democratic participation and civil society,1,
US-GOV-1-720201960850,821E5851A5CC,3,2004,Civil Society,99,
US-GOV-1-720201960850,852AB92ADD33,2,15150,Democratic participation and civil society,1,
US-GOV-1-720201960850,852AB92ADD33,2,2004,Civil Society,99,
US-GOV-1-720201960850,00422E2C43C1,2,23110,Energy policy and administrative management,1,
US-GOV-1-720201960850,00422E2C43C1,2,5004,Infrastructure,99,
US-GOV-1-720201960850,325D1CB04FEC,2,41010,Environmental policy and administrative management,1,
US-GOV-1-720201960850,325D1CB04FEC,2,6002,Natural Resources and Biodiversity,99,
US-GOV-1-720201960850,92228BBA26DF,2,41010,Environmental policy and administrative management,1,
US-GOV-1-720201960850,92228BBA26DF,2,6003,Clean Productive Environment,99,
US-GOV-1-720201962309,5B4E8B36F2D0,2,91010,Operating Expenses,1,
US-GOV-1-720201962309,5B4E8B36F2D0,2,8001,Direct Administrative Costs,99,
US-GOV-1-720202050284,AE6D0A52E02C,2,14030,Basic drinking water supply and basic sanitation,1,
US-GOV-1-720202050284,AE6D0A52E02C,2,3008,Water Supply and Sanitation,99,
US-GOV-1-720202059146,6CC5F0957D58,3,31110,Agricultural policy and administrative management,1,
US-GOV-1-720202059146,6CC5F0957D58,3,5005,Agriculture,99,
US-GOV-1-720202059146,107AFFA62655,3,31110,Agricultural policy and administrative management,1,
US-GOV-1-720202059146,107AFFA62655,3,5005,Agriculture,99,
US-GOV-1-720202159602,09E4314C3DFC,3,31110,Agricultural policy and administrative management,1,
US-GOV-1-720202159602,09E4314C3DFC,3,5005,Agriculture,99,
US-GOV-1-720202159602,4849DF911C85,3,31110,Agricultural policy and administrative management,1,
US-GOV-1-720202159602,4849DF911C85,3,5005,Agriculture,99,
US-GOV-1-720202159602,3DF6E60864CA,3,31110,Agricultural policy and administrative management,1,
US-GOV-1-720202159602,3DF6E60864CA,3,5005,Agriculture,99,
US-GOV-1-720202163948,973AE52944CA,3,91010,Operating Expenses,1,
US-GOV-1-720202163948,973AE52944CA,3,8001,Direct Administrative Costs,99,
US-GOV-1-720202163948,1AFD88F66DFE,3,91010,Operating Expenses,1,
US-GOV-1-720202163948,1AFD88F66DFE,3,8001,Direct Administrative Costs,99,
US-GOV-1-720202250571,FA77CA35D91B,3,91010,Operating Expenses,1,
US-GOV-1-720202250571,FA77CA35D91B,3,8001,Direct Administrative Costs,99,
US-GOV-1-720202363844,64B9A9AFB009,3,91010,Operating Expenses,1,
US-GOV-1-720202363844,64B9A9AFB009,3,8001,Direct Administrative Costs,99,
US-GOV-1-720ASA21H00001,D4869080F1CE,2,15160,Human rights,1,
US-GOV-1-720ASA21H00001,D4869080F1CE,2,2001,Rule of Law and Human Rights,99,
US-GOV-1-720ASA21H00001,3977181634BA,3,15160,Human rights,1,
US-GOV-1-720ASA21H00001,3977181634BA,3,2001,Rule of Law and Human Rights,99,
US-GOV-1-720ASA21H00001,6E5379E96392,3,15160,Human rights,1,
US-GOV-1-720ASA21H00001,6E5379E96392,3,2001,Rule of Law and Human Rights,99,
US-GOV-1-720ASA21H00001,601536AB8D29,3,15160,Human rights,1,
US-GOV-1-720ASA21H00001,601536AB8D29,3,2001,Rule of Law and Human Rights,99,
US-GOV-1-720ASA21H00001,2D4336F41CA7,3,15160,Human rights,1,
US-GOV-1-720ASA21H00001,2D4336F41CA7,3,2001,Rule of Law and Human Rights,99,
US-GOV-1-720ASA21H00001,53583E17275F,3,15160,Human rights,1,
US-GOV-1-720ASA21H00001,53583E17275F,3,2001,Rule of Law and Human Rights,99,
US-GOV-1-720ASA21H00001,214937E65CD4,3,15160,Human rights,1,
US-GOV-1-720ASA21H00001,214937E65CD4,3,2001,Rule of Law and Human Rights,99,
US-GOV-1-720ASA21H00001,19A90B625B7E,3,15160,Human rights,1,
US-GOV-1-720ASA21H00001,19A90B625B7E,3,2001,Rule of Law and Human Rights,99,
US-GOV-1-720ASA21H00001,F12AAF57E6BF,3,15160,Human rights,1,
US-GOV-1-720ASA21H00001,F12AAF57E6BF,3,2001,Rule of Law and Human Rights,99,
US-GOV-1-720ASA21H00001,B74DDE66BD8E,3,15160,Human rights,1,
US-GOV-1-720ASA21H00001,B74DDE66BD8E,3,2001,Rule of Law and Human Rights,99,
US-GOV-1-720ASA21H00001,8FE456C568E3,3,15160,Human rights,1,
US-GOV-1-720ASA21H00001,8FE456C568E3,3,2001,Rule of Law and Human Rights,99,
US-GOV-1-720BHA22IO00187,30751E8F83C1,2,72050,Relief co-ordination; protection and support services,1,
US-GOV-1-720BHA22IO00187,30751E8F83C1,2,7001,"Protection, Assistance and Solutions",99,
US-GOV-1-720BHA22IO00187,D954BB8A6DB5,3,72050,Relief co-ordination; protection and support services,1,
US-GOV-1-720BHA22IO00187,D954BB8A6DB5,3,7001,"Protection, Assistance and Solutions",99,
US-GOV-1-720BHA22IO00187,783609D4788F,3,72050,Relief co-ordination; protection and support services,1,
US-GOV-1-720BHA22IO00187,783609D4788F,3,7001,"Protection, Assistance and Solutions",99,
US-GOV-1-720BHA22IO00187,B141D5072D4F,3,72050,Relief co-ordination; protection and support services,1,
US-GOV-1-720BHA22IO00187,B141D5072D4F,3,7001,"Protection, Assistance and Solutions",99,
US-GOV-1-720BHA22IO00187,EC86E41FE6EB,3,72050,Relief co-ordination; protection and support services,1,
US-GOV-1-720BHA22IO00187,EC86E41FE6EB,3,7001,"Protection, Assistance and Solutions",99,
US-GOV-1-720BHA22IO00187,71D26A0B37B0,3,72050,Relief co-ordination; protection and support services,1,
US-GOV-1-720BHA22IO00187,71D26A0B37B0,3,7001,"Protection, Assistance and Solutions",99,
US-GOV-1-720BHA22IO00187,83EF7A9F599C,3,72050,Relief co-ordination; protection and support services,1,
US-GOV-1-720BHA22IO00187,83EF7A9F599C,3,7001,"Protection, Assistance and Solutions",99,
US-GOV-1-720BHA22IO00187,555ADAB7B835,3,72050,Relief co-ordination; protection and support services,1,
US-GOV-1-720BHA22IO00187,555ADAB7B835,3,7001,"Protection, Assistance and Solutions",99,
US-GOV-1-720BHA22IO00187,B5E8DAA2BF43,3,72050,Relief co-ordination; protection and support services,1,
US-GOV-1-720BHA22IO00187,B5E8DAA2BF43,3,7001,"Protection, Assistance and Solutions",99,
US-GOV-1-720BHA22IO00187,FDB9BCA39F50,3,72050,Relief co-ordination; protection and support services,1,
US-GOV-1-720BHA22IO00187,FDB9BCA39F50,3,7001,"Protection, Assistance and Solutions",99,
US-GOV-1-720BHA22IO00187,8E491A40DB4C,3,72050,Relief co-ordination; protection and support services,1,
US-GOV-1-720BHA22IO00187,8E491A40DB4C,3,7001,"Protection, Assistance and Solutions",99,
US-GOV-1-720BHA22IO00187,E6D1BBDC10E4,3,72050,Relief co-ordination; protection and support services,1,
US-GOV-1-720BHA22IO00187,E6D1BBDC10E4,3,7001,"Protection, Assistance and Solutions",99,
US-GOV-1-720BHA22IO00187,4BFD60C663AC,3,72050,Relief co-ordination; protection and support services,1,
US-GOV-1-720BHA22IO00187,4BFD60C663AC,3,7001,"Protection, Assistance and Solutions",99,
US-GOV-1-720BHA22IO00187,7D0FBDAAFB77,3,72050,Relief co-ordination; protection and support services,1,
US-GOV-1-720BHA22IO00187,7D0FBDAAFB77,3,7001,"Protection, Assistance and Solutions",99,
US-GOV-1-720BHA22IO00187,1644012D7E9F,3,72050,Relief co-ordination; protection and support services,1,
US-GOV-1-720BHA22IO00187,1644012D7E9F,3,7001,"Protection, Assistance and Solutions",99,
US-GOV-1-720BHA22IO00187,7D96B6CDB827,2,74020,Multi-hazard response preparedness,1,
US-GOV-1-720BHA22IO00187,7D96B6CDB827,2,7002,Disaster Readiness,99,
US-GOV-1-720BHA22IO00187,40334F7722E6,3,72050,Relief co-ordination; protection and support services,1,
US-GOV-1-720BHA22IO00187,40334F7722E6,3,7001,"Protection, Assistance and Solutions",99,
US-GOV-1-720BHA22IO00187,DB7239948209,3,72050,Relief co-ordination; protection and support services,1,
US-GOV-1-720BHA22IO00187,DB7239948209,3,7001,"Protection, Assistance and Solutions",99,
US-GOV-1-720BHA22IO00187,434B89E2ED54,3,72050,Relief co-ordination; protection and support services,1,
US-GOV-1-720BHA22IO00187,434B89E2ED54,3,7001,"Protection, Assistance and Solutions",99,
US-GOV-1-720BHA22IO00187,9A79EC354401,3,72050,Relief co-ordination; protection and support services,1,
US-GOV-1-720BHA22IO00187,9A79EC354401,3,7001,"Protection, Assistance and Solutions",99,
US-GOV-1-720BHA24CA00003,4E507E655351,2,74020,Multi-hazard response preparedness,1,
US-GOV-1-720BHA24CA00003,4E507E655351,2,7002,Disaster Readiness,99,
US-GOV-1-720BHA24CA00003,22EE7174D426,3,74020,Multi-hazard response preparedness,1,
US-GOV-1-720BHA24CA00003,22EE7174D426,3,7002,Disaster Readiness,99,
US-GOV-1-720BHA24CA00003,7F01C0D5A23D,3,74020,Multi-hazard response preparedness,1,
US-GOV-1-720BHA24CA00003,7F01C0D5A23D,3,7002,Disaster Readiness,99,
US-GOV-1-720BHA24IO00029,6AC339C0346C,2,74020,Multi-hazard response preparedness,1,
US-GOV-1-720BHA24IO00029,6AC339C0346C,2,7002,Disaster Readiness,99,
US-GOV-1-720BHA24IO00029,5D29EB94E4E1,3,74020,Multi-hazard response preparedness,1,
US-GOV-1-720BHA24IO00029,5D29EB94E4E1,3,7002,Disaster Readiness,99,
US-GOV-1-720BHA24IO00029,9409D6C87B17,3,74020,Multi-hazard response preparedness,1,
US-GOV-1-720BHA24IO00029,9409D6C87B17,3,7002,Disaster Readiness,99,
US-GOV-1-720FDA18IO00057,127F1D6C0292,2,74020,Multi-hazard response preparedness,1,
US-GOV-1-720FDA18IO00057,127F1D6C0292,2,7002,Disaster Readiness,99,
US-GOV-1-720FDA18IO00057,93120A8EE714,3,74020,Multi-hazard response preparedness,1,
US-GOV-1-720FDA18IO00057,93120A8EE714,3,7002,Disaster Readiness,99,
US-GOV-1-720FDA18IO00057,B0D654195C47,3,74020,Multi-hazard response preparedness,1,
US-GOV-1-720FDA18IO00057,B0D654195C47,3,7002,Disaster Readiness,99,
US-GOV-1-720FDA18IO00057,66A149E8D0B7,3,74020,Multi-hazard response preparedness,1,
US-GOV-1-720FDA18IO00057,66A149E8D0B7,3,7002,Disaster Readiness,99,
US-GOV-1-720FDA18IO00057,E9EC08F6D6C1,3,74020,Multi-hazard response preparedness,1,
US-GOV-1-720FDA18IO00057,E9EC08F6D6C1,3,7002,Disaster Readiness,99,
US-GOV-1-720FDA18IO00057,E9155399FA54,3,74020,Multi-hazard response preparedness,1,
US-GOV-1-720FDA18IO00057,E9155399FA54,3,7002,Disaster Readiness,99,
US-GOV-1-720FDA18IO00057,81348F565C7F,3,74020,Multi-hazard response preparedness,1,
US-GOV-1-720FDA18IO00057,81348F565C7F,3,7002,Disaster Readiness,99,
US-GOV-1-720FDA18IO00057,07BA7A8A9D15,3,74020,Multi-hazard response preparedness,1,
US-GOV-1-720FDA18IO00057,07BA7A8A9D15,3,7002,Disaster Readiness,99,
US-GOV-1-720FDA18IO00057,F3B727069AA7,2,72050,Relief co-ordination; protection and support services,1,
US-GOV-1-720FDA18IO00057,F3B727069AA7,2,7001,"Protection, Assistance and Solutions",99,
US-GOV-1-720FDA18IO00057,3191D471B12A,2,74020,Multi-hazard response preparedness,1,
US-GOV-1-720FDA18IO00057,3191D471B12A,2,7002,Disaster Readiness,99,
US-GOV-1-720FDA18IO00057,D1E64E52ABCF,3,74020,Multi-hazard response preparedness,1,
US-GOV-1-720FDA18IO00057,D1E64E52ABCF,3,7002,Disaster Readiness,99,
US-GOV-1-720FDA18IO00057,749A2443F887,3,74020,Multi-hazard response preparedness,1,
US-GOV-1-720FDA18IO00057,749A2443F887,3,7002,Disaster Readiness,99,
US-GOV-1-720FDA18IO00057,BCA8620A8B02,3,72050,Relief co-ordination; protection and support services,1,
US-GOV-1-720FDA18IO00057,BCA8620A8B02,3,7001,"Protection, Assistance and Solutions",99,
US-GOV-1-720FDA18IO00057,0A0329AE950E,3,72050,Relief co-ordination; protection and support services,1,
US-GOV-1-720FDA18IO00057,0A0329AE950E,3,7001,"Protection, Assistance and Solutions",99,
US-GOV-1-720FDA18IO00057,DF0F204472A6,3,72050,Relief co-ordination; protection and support services,1,
US-GOV-1-720FDA18IO00057,DF0F204472A6,3,7001,"Protection, Assistance and Solutions",99,
US-GOV-1-720FDA18IO00057,A344C8A7CE5A,3,72050,Relief co-ordination; protection and support services,1,
US-GOV-1-720FDA18IO00057,A344C8A7CE5A,3,7001,"Protection, Assistance and Solutions",99,
US-GOV-1-720FDA18IO00057,089BB18319D2,2,74020,Multi-hazard response preparedness,1,
US-GOV-1-720FDA18IO00057,089BB18319D2,2,7002,Disaster Readiness,99,
US-GOV-1-720FDA18IO00057,27FB3FBE8C49,3,72050,Relief co-ordination; protection and support services,1,
US-GOV-1-720FDA18IO00057,27FB3FBE8C49,3,7001,"Protection, Assistance and Solutions",99,
US-GOV-1-720FDA18IO00057,8C12CA50902A,3,74020,Multi-hazard response preparedness,1,
US-GOV-1-720FDA18IO00057,8C12CA50902A,3,7002,Disaster Readiness,99,
US-GOV-1-720FDA18IO00057,C8B4BCEB6BA0,3,74020,Multi-hazard response preparedness,1,
US-GOV-1-720FDA18IO00057,C8B4BCEB6BA0,3,7002,Disaster Readiness,99,
US-GOV-1-720FDA18IO00057,186B16F2A375,3,74020,Multi-hazard response preparedness,1,
US-GOV-1-720FDA18IO00057,186B16F2A375,3,7002,Disaster Readiness,99,
US-GOV-1-720FDA18IO00057,9FBD5E540A55,2,74020,Multi-hazard response preparedness,1,
US-GOV-1-720FDA18IO00057,9FBD5E540A55,2,7002,Disaster Readiness,99,
US-GOV-1-720FDA18IO00057,A7A6EB1C0C33,3,74020,Multi-hazard response preparedness,1,
US-GOV-1-720FDA18IO00057,A7A6EB1C0C33,3,7002,Disaster Readiness,99,
US-GOV-1-720FDA18IO00057,75F4C9B99073,3,72050,Relief co-ordination; protection and support services,1,
US-GOV-1-720FDA18IO00057,75F4C9B99073,3,7001,"Protection, Assistance and Solutions",99,
US-GOV-1-720FDA18IO00057,5D17C27C2C64,3,74020,Multi-hazard response preparedness,1,
US-GOV-1-720FDA18IO00057,5D17C27C2C64,3,7002,Disaster Readiness,99,
US-GOV-1-720FDA18IO00057,2B66C44FF0DE,3,74020,Multi-hazard response preparedness,1,
US-GOV-1-720FDA18IO00057,2B66C44FF0DE,3,7002,Disaster Readiness,99,
US-GOV-1-720FDA18IO00102,F849D5529BC6,2,74020,Multi-hazard response preparedness,1,
US-GOV-1-720FDA18IO00102,F849D5529BC6,2,7002,Disaster Readiness,99,
US-GOV-1-720FDA18IO00102,DC74FE047B02,3,74020,Multi-hazard response preparedness,1,
US-GOV-1-720FDA18IO00102,DC74FE047B02,3,7002,Disaster Readiness,99,
US-GOV-1-720FDA18IO00102,56162A50CEF2,3,74020,Multi-hazard response preparedness,1,
US-GOV-1-720FDA18IO00102,56162A50CEF2,3,7002,Disaster Readiness,99,
US-GOV-1-720FDA18IO00102,6D2BBD262184,3,74020,Multi-hazard response preparedness,1,
US-GOV-1-720FDA18IO00102,6D2BBD262184,3,7002,Disaster Readiness,99,
US-GOV-1-720FDA18IO00102,07936632C264,3,74020,Multi-hazard response preparedness,1,
US-GOV-1-720FDA18IO00102,07936632C264,3,7002,Disaster Readiness,99,
US-GOV-1-720FDA19GR00018,F37FE0B1E3E2,2,74020,Multi-hazard response preparedness,1,
US-GOV-1-720FDA19GR00018,F37FE0B1E3E2,2,7002,Disaster Readiness,99,
US-GOV-1-720FDA19GR00018,62686873D03E,3,74020,Multi-hazard response preparedness,1,
US-GOV-1-720FDA19GR00018,62686873D03E,3,7002,Disaster Readiness,99,
US-GOV-1-720FDA19GR00018,6FB3397DC47F,3,74020,Multi-hazard response preparedness,1,
US-GOV-1-720FDA19GR00018,6FB3397DC47F,3,7002,Disaster Readiness,99,
US-GOV-1-720FDA19GR00018,772660E72F2F,3,74020,Multi-hazard response preparedness,1,
US-GOV-1-720FDA19GR00018,772660E72F2F,3,7002,Disaster Readiness,99,
US-GOV-1-720FDA19GR00018,F108AB6703A0,3,74020,Multi-hazard response preparedness,1,
US-GOV-1-720FDA19GR00018,F108AB6703A0,3,7002,Disaster Readiness,99,
US-GOV-1-720FDA19GR00018,4C75079D9BC4,3,74020,Multi-hazard response preparedness,1,
US-GOV-1-720FDA19GR00018,4C75079D9BC4,3,7002,Disaster Readiness,99,
US-GOV-1-720FDA19GR00018,A8263F6B6B95,3,74020,Multi-hazard response preparedness,1,
US-GOV-1-720FDA19GR00018,A8263F6B6B95,3,7002,Disaster Readiness,99,
US-GOV-1-720FDA19GR00018,F934AF6A9641,3,74020,Multi-hazard response preparedness,1,
US-GOV-1-720FDA19GR00018,F934AF6A9641,3,7002,Disaster Readiness,99,
US-GOV-1-720FDA19GR00018,30D340D4C379,3,74020,Multi-hazard response preparedness,1,
US-GOV-1-720FDA19GR00018,30D340D4C379,3,7002,Disaster Readiness,99,
US-GOV-1-720FDA19GR00018,F2CCCAFFF99A,3,74020,Multi-hazard response preparedness,1,
US-GOV-1-720FDA19GR00018,F2CCCAFFF99A,3,7002,Disaster Readiness,99,
US-GOV-1-720FDA19GR00018,05219E96CC9B,3,74020,Multi-hazard response preparedness,1,
US-GOV-1-720FDA19GR00018,05219E96CC9B,3,7002,Disaster Readiness,99,
US-GOV-1-720FDA19GR00018,C7E49A96CF2A,3,74020,Multi-hazard response preparedness,1,
US-GOV-1-720FDA19GR00018,C7E49A96CF2A,3,7002,Disaster Readiness,99,
US-GOV-1-720FDA19GR00018,124677F82B05,3,74020,Multi-hazard response preparedness,1,
US-GOV-1-720FDA19GR00018,124677F82B05,3,7002,Disaster Readiness,99,
US-GOV-1-720FDA19IO00092,CE05350DAB79,2,91010,Operating Expenses,1,
US-GOV-1-720FDA19IO00092,CE05350DAB79,2,8001,Direct Administrative Costs,99,
US-GOV-1-720FDA19IO00092,ECEB7075AFD0,3,91010,Operating Expenses,1,
US-GOV-1-720FDA19IO00092,ECEB7075AFD0,3,8001,Direct Administrative Costs,99,
US-GOV-1-720FDA19IO00092,EF33703E3EF5,3,91010,Operating Expenses,1,
US-GOV-1-720FDA19IO00092,EF33703E3EF5,3,8001,Direct Administrative Costs,99,
US-GOV-1-720FDA19IO00092,69FDC3B837E5,3,91010,Operating Expenses,1,
US-GOV-1-720FDA19IO00092,69FDC3B837E5,3,8001,Direct Administrative Costs,99,
US-GOV-1-720FDA19IO00092,F7EB89852C98,3,91010,Operating Expenses,1,
US-GOV-1-720FDA19IO00092,F7EB89852C98,3,8001,Direct Administrative Costs,99,
US-GOV-1-720FDA19IO00092,D181CC625D35,3,91010,Operating Expenses,1,
US-GOV-1-720FDA19IO00092,D181CC625D35,3,8001,Direct Administrative Costs,99,
US-GOV-1-720FDA19IO00092,A610DE2991BE,3,91010,Operating Expenses,1,
US-GOV-1-720FDA19IO00092,A610DE2991BE,3,8001,Direct Administrative Costs,99,
US-GOV-1-720FDA19IO00092,E22254C0BBE0,2,91010,Operating Expenses,1,
US-GOV-1-720FDA19IO00092,E22254C0BBE0,2,8001,Direct Administrative Costs,99,
US-GOV-1-720FDA19IO00092,E22254C0BBE0,2,6,,10,
US-GOV-1-720FDA19IO00092,C3640E14B645,3,91010,Operating Expenses,1,
US-GOV-1-720FDA19IO00092,C3640E14B645,3,8001,Direct Administrative Costs,99,
US-GOV-1-720FDA19IO00092,5BD54CDFDD9A,3,91010,Operating Expenses,1,
US-GOV-1-720FDA19IO00092,5BD54CDFDD9A,3,8001,Direct Administrative Costs,99,
US-GOV-1-720FDA19IO00092,27617DF1E282,3,91010,Operating Expenses,1,
US-GOV-1-720FDA19IO00092,27617DF1E282,3,8001,Direct Administrative Costs,99,
US-GOV-1-720FDA19IO00092,8C3EF970CE81,3,91010,Operating Expenses,1,
US-GOV-1-720FDA19IO00092,8C3EF970CE81,3,8001,Direct Administrative Costs,99,
US-GOV-1-720FDA19IO00092,933D8E92FF57,3,91010,Operating Expenses,1,
US-GOV-1-720FDA19IO00092,933D8E92FF57,3,8001,Direct Administrative Costs,99,
US-GOV-1-720FDA19IO00092,24927C7A037E,3,91010,Operating Expenses,1,
US-GOV-1-720FDA19IO00092,24927C7A037E,3,8001,Direct Administrative Costs,99,
US-GOV-1-720FDA19IO00092,8F8E84331EAD,3,91010,Operating Expenses,1,
US-GOV-1-720FDA19IO00092,8F8E84331EAD,3,8001,Direct Administrative Costs,99,
US-GOV-1-720FDA19IO00092,97469870729C,3,91010,Operating Expenses,1,
US-GOV-1-720FDA19IO00092,97469870729C,3,8001,Direct Administrative Costs,99,
US-GOV-1-720FDA19IO00092,FE1646A16814,3,91010,Operating Expenses,1,
US-GOV-1-720FDA19IO00092,FE1646A16814,3,8001,Direct Administrative Costs,99,
US-GOV-1-720FDA19IO00092,3A57AF118EC8,3,91010,Operating Expenses,1,
US-GOV-1-720FDA19IO00092,3A57AF118EC8,3,8001,Direct Administrative Costs,99,
US-GOV-1-720FDA19IO00092,E7F3BC982296,3,91010,Operating Expenses,1,
US-GOV-1-720FDA19IO00092,E7F3BC982296,3,8001,Direct Administrative Costs,99,
US-GOV-1-720FDA19IO00092,7D6FB9DDDA15,3,91010,Operating Expenses,1,
US-GOV-1-720FDA19IO00092,7D6FB9DDDA15,3,8001,Direct Administrative Costs,99,
US-GOV-1-720FDA19IO00092,615AA4F561A3,3,91010,Operating Expenses,1,
US-GOV-1-720FDA19IO00092,615AA4F561A3,3,8001,Direct Administrative Costs,99,
US-GOV-1-720FDA19IO00092,4636DC3D1E1C,3,91010,Operating Expenses,1,
US-GOV-1-720FDA19IO00092,4636DC3D1E1C,3,8001,Direct Administrative Costs,99,
US-GOV-1-720FDA19IO00092,5ED1039533B6,3,91010,Operating Expenses,1,
US-GOV-1-720FDA19IO00092,5ED1039533B6,3,8001,Direct Administrative Costs,99,
US-GOV-1-720FDA19IO00092,5EAD984AE95F,3,91010,Operating Expenses,1,
US-GOV-1-720FDA19IO00092,5EAD984AE95F,3,8001,Direct Administrative Costs,99,
US-GOV-1-720FDA19IO00092,D77969C21099,3,91010,Operating Expenses,1,
US-GOV-1-720FDA19IO00092,D77969C21099,3,8001,Direct Administrative Costs,99,
US-GOV-1-720FDA19IO00092,FBB23846827C,3,91010,Operating Expenses,1,
US-GOV-1-720FDA19IO00092,FBB23846827C,3,8001,Direct Administrative Costs,99,
US-GOV-1-720FDA19IO00092,B14D3E16B734,3,91010,Operating Expenses,1,
US-GOV-1-720FDA19IO00092,B14D3E16B734,3,8001,Direct Administrative Costs,99,
US-GOV-1-720FDA19IO00092,93981DFDABC7,3,91010,Operating Expenses,1,
US-GOV-1-720FDA19IO00092,93981DFDABC7,3,8001,Direct Administrative Costs,99,
US-GOV-1-720FDA19IO00092,1654D8E2BC72,2,91010,Operating Expenses,1,
US-GOV-1-720FDA19IO00092,1654D8E2BC72,2,8001,Direct Administrative Costs,99,
US-GOV-1-720FDA19IO00099,F550CAE25D89,2,74020,Multi-hazard response preparedness,1,
US-GOV-1-720FDA19IO00099,F550CAE25D89,2,7002,Disaster Readiness,99,
US-GOV-1-720FDA19IO00099,2B42F3132FBF,3,74020,Multi-hazard response preparedness,1,
US-GOV-1-720FDA19IO00099,2B42F3132FBF,3,7002,Disaster Readiness,99,
US-GOV-1-720FDA19IO00099,C20A25AE39C1,3,74020,Multi-hazard response preparedness,1,
US-GOV-1-720FDA19IO00099,C20A25AE39C1,3,7002,Disaster Readiness,99,
US-GOV-1-720FDA19IO00099,1E23890E5430,3,74020,Multi-hazard response preparedness,1,
US-GOV-1-720FDA19IO00099,1E23890E5430,3,7002,Disaster Readiness,99,
US-GOV-1-720FDA19IO00099,862DC72A9979,3,74020,Multi-hazard response preparedness,1,
US-GOV-1-720FDA19IO00099,862DC72A9979,3,7002,Disaster Readiness,99,
US-GOV-1-720FDA19IO00099,A5536D3F0947,3,74020,Multi-hazard response preparedness,1,
US-GOV-1-720FDA19IO00099,A5536D3F0947,3,7002,Disaster Readiness,99,
US-GOV-1-720FDA19IO00099,FCAD3F9285A5,3,74020,Multi-hazard response preparedness,1,
US-GOV-1-720FDA19IO00099,FCAD3F9285A5,3,7002,Disaster Readiness,99,
US-GOV-1-720FDA19IO00099,C7D0FF3D1232,3,74020,Multi-hazard response preparedness,1,
US-GOV-1-720FDA19IO00099,C7D0FF3D1232,3,7002,Disaster Readiness,99,
US-GOV-1-720FDA19IO00099,217391E478B8,3,74020,Multi-hazard response preparedness,1,
US-GOV-1-720FDA19IO00099,217391E478B8,3,7002,Disaster Readiness,99,
US-GOV-1-720FDA19IO00099,15D84CFD41B8,3,74020,Multi-hazard response preparedness,1,
US-GOV-1-720FDA19IO00099,15D84CFD41B8,3,7002,Disaster Readiness,99,
US-GOV-1-720FDA19IO00099,6A318B3151C8,3,74020,Multi-hazard response preparedness,1,
US-GOV-1-720FDA19IO00099,6A318B3151C8,3,7002,Disaster Readiness,99,
US-GOV-1-720FDA19IO00099,D9F07759AADD,3,74020,Multi-hazard response preparedness,1,
US-GOV-1-720FDA19IO00099,D9F07759AADD,3,7002,Disaster Readiness,99,
US-GOV-1-720FDA19IO00099,8C84F037F3C1,3,74020,Multi-hazard response preparedness,1,
US-GOV-1-720FDA19IO00099,8C84F037F3C1,3,7002,Disaster Readiness,99,
US-GOV-1-720FDA19IO00099,92FC62DD833B,3,74020,Multi-hazard response preparedness,1,
US-GOV-1-720FDA19IO00099,92FC62DD833B,3,7002,Disaster Readiness,99,
US-GOV-1-720FDA19IO00099,DF4026C13371,3,74020,Multi-hazard response preparedness,1,
US-GOV-1-720FDA19IO00099,DF4026C13371,3,7002,Disaster Readiness,99,
US-GOV-1-720FDA19IO00099,07818242D2DA,3,74020,Multi-hazard response preparedness,1,
US-GOV-1-720FDA19IO00099,07818242D2DA,3,7002,Disaster Readiness,99,
US-GOV-1-720FDA19IO00099,380A2D051952,3,74020,Multi-hazard response preparedness,1,
US-GOV-1-720FDA19IO00099,380A2D051952,3,7002,Disaster Readiness,99,
US-GOV-1-720FDA19IO00099,8D47D1D686F0,3,74020,Multi-hazard response preparedness,1,
US-GOV-1-720FDA19IO00099,8D47D1D686F0,3,7002,Disaster Readiness,99,
US-GOV-1-720FDA19IO00099,19A4DA697CBA,3,74020,Multi-hazard response preparedness,1,
US-GOV-1-720FDA19IO00099,19A4DA697CBA,3,7002,Disaster Readiness,99,
US-GOV-1-720FDA19IO00099,239F561B9076,3,74020,Multi-hazard response preparedness,1,
US-GOV-1-720FDA19IO00099,239F561B9076,3,7002,Disaster Readiness,99,
US-GOV-1-720FDA19IO00099,4A9D596C3B73,2,74020,Multi-hazard response preparedness,1,
US-GOV-1-720FDA19IO00099,4A9D596C3B73,2,7002,Disaster Readiness,99,
US-GOV-1-720FDA19IO00099,7A2D3316ED7C,2,74020,Multi-hazard response preparedness,1,
US-GOV-1-720FDA19IO00099,7A2D3316ED7C,2,7002,Disaster Readiness,99,
US-GOV-1-720FDA19IO00099,7A2D3316ED7C,3,74020,Multi-hazard response preparedness,1,
US-GOV-1-720FDA19IO00099,7A2D3316ED7C,3,7002,Disaster Readiness,99,
US-GOV-1-720FDA20GR00075,7730EC78FCA7,2,74020,Multi-hazard response preparedness,1,
US-GOV-1-720FDA20GR00075,7730EC78FCA7,2,7002,Disaster Readiness,99,
US-GOV-1-720FDA20GR00075,A8FC6596168C,3,74020,Multi-hazard response preparedness,1,
US-GOV-1-720FDA20GR00075,A8FC6596168C,3,7002,Disaster Readiness,99,
US-GOV-1-720FDA20GR00075,87A68A58B827,3,74020,Multi-hazard response preparedness,1,
US-GOV-1-720FDA20GR00075,87A68A58B827,3,7002,Disaster Readiness,99,
US-GOV-1-720FDA20GR00075,3019C1C6ECA7,3,74020,Multi-hazard response preparedness,1,
US-GOV-1-720FDA20GR00075,3019C1C6ECA7,3,7002,Disaster Readiness,99,
US-GOV-1-720FDA20GR00075,5452248458AC,3,74020,Multi-hazard response preparedness,1,
US-GOV-1-720FDA20GR00075,5452248458AC,3,7002,Disaster Readiness,99,
US-GOV-1-720FDA20GR00075,028E3A22FA2A,3,74020,Multi-hazard response preparedness,1,
US-GOV-1-720FDA20GR00075,028E3A22FA2A,3,7002,Disaster Readiness,99,
US-GOV-1-720FDA20GR00075,BB79D2CFC284,3,74020,Multi-hazard response preparedness,1,
US-GOV-1-720FDA20GR00075,BB79D2CFC284,3,7002,Disaster Readiness,99,
US-GOV-1-720FDA20GR00075,C8C46A74FBAE,3,74020,Multi-hazard response preparedness,1,
US-GOV-1-720FDA20GR00075,C8C46A74FBAE,3,7002,Disaster Readiness,99,
US-GOV-1-99,DB1C116E8810,2,72010,Material relief assistance and services,1,
US-GOV-1-99,DB1C116E8810,2,7001,"Protection, Assistance and Solutions",99,
US-GOV-1-AEP-G-00-99-00064,46B2D5B5A31D,2,15110,Public sector policy and administrative management,1,
US-GOV-1-AEP-G-00-99-00064,46B2D5B5A31D,2,2002,Good Governance,99,
US-GOV-1-AEP0085I02300100,225C44F9A2BD,2,43010,Multisector aid,1,
US-GOV-1-AEP0085I02300100,225C44F9A2BD,2,4005,Social Assistance,99,
US-GOV-1-AID-386-A-14-00018,DFA40D9159A7,2,41030,Bio-diversity,1,
US-GOV-1-AID-386-A-14-00018,DFA40D9159A7,2,6002,Natural Resources and Biodiversity,99,
US-GOV-1-AID-386-A-14-00018,DEF261EA3B37,3,41030,Bio-diversity,1,
US-GOV-1-AID-386-A-14-00018,DEF261EA3B37,3,6002,Natural Resources and Biodiversity,99,
US-GOV-1-AID-386-A-14-00018,AA9F8A32159C,3,41030,Bio-diversity,1,
US-GOV-1-AID-386-A-14-00018,AA9F8A32159C,3,6002,Natural Resources and Biodiversity,99,
US-GOV-1-AID-386-A-14-00018,6EAA9D3D3A6E,3,41030,Bio-diversity,1,
US-GOV-1-AID-386-A-14-00018,6EAA9D3D3A6E,3,6002,Natural Resources and Biodiversity,99,
US-GOV-1-AID-386-A-14-00018,8EB5F17C73E2,3,41030,Bio-diversity,1,
US-GOV-1-AID-386-A-14-00018,8EB5F17C73E2,3,6002,Natural Resources and Biodiversity,99,
US-GOV-1-AID-386-A-14-00018,531F0492FD97,3,41030,Bio-diversity,1,
US-GOV-1-AID-386-A-14-00018,531F0492FD97,3,6002,Natural Resources and Biodiversity,99,
US-GOV-1-AID-386-A-14-00018,42EE4E37D77F,3,41030,Bio-diversity,1,
US-GOV-1-AID-386-A-14-00018,42EE4E37D77F,3,6002,Natural Resources and Biodiversity,99,
US-GOV-1-AID-386-A-14-00018,47C0912C0E6A,3,41030,Bio-diversity,1,
US-GOV-1-AID-386-A-14-00018,47C0912C0E6A,3,6002,Natural Resources and Biodiversity,99,
US-GOV-1-AID-386-A-14-00018,07F6A642CE1C,3,41030,Bio-diversity,1,
US-GOV-1-AID-386-A-14-00018,07F6A642CE1C,3,6002,Natural Resources and Biodiversity,99,
US-GOV-1-AID-386-A-14-00018,858009C950A7,3,41030,Bio-diversity,1,
US-GOV-1-AID-386-A-14-00018,858009C950A7,3,6002,Natural Resources and Biodiversity,99,
US-GOV-1-AID-386-A-14-00018,80BDD5657EE0,3,41030,Bio-diversity,1,
US-GOV-1-AID-386-A-14-00018,80BDD5657EE0,3,6002,Natural Resources and Biodiversity,99,
US-GOV-1-AID-386-A-14-00018,0A4AB500EA1C,3,41030,Bio-diversity,1,
US-GOV-1-AID-386-A-14-00018,0A4AB500EA1C,3,6002,Natural Resources and Biodiversity,99,
US-GOV-1-AID-386-A-14-00018,4813AB55AA47,3,41030,Bio-diversity,1,
US-GOV-1-AID-386-A-14-00018,4813AB55AA47,3,6002,Natural Resources and Biodiversity,99,
US-GOV-1-AID-386-A-14-00018,D0EC0F03FDFA,2,41030,Bio-diversity,1,
US-GOV-1-AID-386-A-14-00018,D0EC0F03FDFA,2,6002,Natural Resources and Biodiversity,99,
US-GOV-1-AID-386-A-14-00018,B1C154364F07,3,41030,Bio-diversity,1,
US-GOV-1-AID-386-A-14-00018,B1C154364F07,3,6002,Natural Resources and Biodiversity,99,
US-GOV-1-AID-386-A-14-00018,E76147D38AB1,3,41030,Bio-diversity,1,
US-GOV-1-AID-386-A-14-00018,E76147D38AB1,3,6002,Natural Resources and Biodiversity,99,
US-GOV-1-AID-386-A-14-00018,F7172C2FE212,3,41030,Bio-diversity,1,
US-GOV-1-AID-386-A-14-00018,F7172C2FE212,3,6002,Natural Resources and Biodiversity,99,
US-GOV-1-AID-386-A-14-00018,56BF1D8135F8,3,41030,Bio-diversity,1,
US-GOV-1-AID-386-A-14-00018,56BF1D8135F8,3,6002,Natural Resources and Biodiversity,99,
US-GOV-1-AID-386-A-14-00018,979B2598CEA5,3,41030,Bio-diversity,1,
US-GOV-1-AID-386-A-14-00018,979B2598CEA5,3,6002,Natural Resources and Biodiversity,99,
US-GOV-1-AID-386-A-14-00018,3EF38F8E5511,3,41030,Bio-diversity,1,
US-GOV-1-AID-386-A-14-00018,3EF38F8E5511,3,6002,Natural Resources and Biodiversity,99,
US-GOV-1-AID-386-A-14-00018,424EA9CE78A5,3,41030,Bio-diversity,1,
US-GOV-1-AID-386-A-14-00018,424EA9CE78A5,3,6002,Natural Resources and Biodiversity,99,
US-GOV-1-AID-386-A-14-00018,A3C3F8602803,3,41030,Bio-diversity,1,
US-GOV-1-AID-386-A-14-00018,A3C3F8602803,3,6002,Natural Resources and Biodiversity,99,
US-GOV-1-AID-386-A-14-00018,EEFEB5F06FA3,2,41030,Bio-diversity,1,
US-GOV-1-AID-386-A-14-00018,EEFEB5F06FA3,2,6002,Natural Resources and Biodiversity,99,
US-GOV-1-AID-486-A-17-00002,468D9BB20564,2,13040,STD control including HIV/AIDS,1,
US-GOV-1-AID-486-A-17-00002,468D9BB20564,2,3001,HIV/AIDS,99,
US-GOV-1-AID-486-A-17-00002,9AC45044373C,3,13040,STD control including HIV/AIDS,1,
US-GOV-1-AID-486-A-17-00002,9AC45044373C,3,3001,HIV/AIDS,99,
US-GOV-1-AID-486-A-17-00002,1371752826F3,3,13040,STD control including HIV/AIDS,1,
US-GOV-1-AID-486-A-17-00002,1371752826F3,3,3001,HIV/AIDS,99,
US-GOV-1-AID-486-A-17-00002,838CF6786735,3,13040,STD control including HIV/AIDS,1,
US-GOV-1-AID-486-A-17-00002,838CF6786735,3,3001,HIV/AIDS,99,
US-GOV-1-AID-486-A-17-00002,86D6879E03BC,3,13040,STD control including HIV/AIDS,1,
US-GOV-1-AID-486-A-17-00002,86D6879E03BC,3,3001,HIV/AIDS,99,
US-GOV-1-AID-486-A-17-00002,4BE94163DA40,3,13040,STD control including HIV/AIDS,1,
US-GOV-1-AID-486-A-17-00002,4BE94163DA40,3,3001,HIV/AIDS,99,
US-GOV-1-AID-486-A-17-00002,73779BE9563C,2,13040,STD control including HIV/AIDS,1,
US-GOV-1-AID-486-A-17-00002,73779BE9563C,2,3001,HIV/AIDS,99,
US-GOV-1-AID-486-A-17-00002,C02B721EC427,3,13040,STD control including HIV/AIDS,1,
US-GOV-1-AID-486-A-17-00002,C02B721EC427,3,3001,HIV/AIDS,99,
US-GOV-1-AID-486-A-17-00002,9462206E54C8,3,13040,STD control including HIV/AIDS,1,
US-GOV-1-AID-486-A-17-00002,9462206E54C8,3,3001,HIV/AIDS,99,
US-GOV-1-AID-486-A-17-00002,BA09CD4396CB,3,13040,STD control including HIV/AIDS,1,
US-GOV-1-AID-486-A-17-00002,BA09CD4396CB,3,3001,HIV/AIDS,99,
US-GOV-1-AID-486-A-17-00002,B2FFABCFF802,3,13040,STD control including HIV/AIDS,1,
US-GOV-1-AID-486-A-17-00002,B2FFABCFF802,3,3001,HIV/AIDS,99,
US-GOV-1-AID-486-A-17-00002,D46B2C81D862,2,13040,STD control including HIV/AIDS,1,
US-GOV-1-AID-486-A-17-00002,D46B2C81D862,2,3001,HIV/AIDS,99,
US-GOV-1-AID-486-A-17-00002,2F02DF5469DC,3,13040,STD control including HIV/AIDS,1,
US-GOV-1-AID-486-A-17-00002,2F02DF5469DC,3,3001,HIV/AIDS,99,
US-GOV-1-AID-486-A-17-00002,FE5E09B147D3,3,13040,STD control including HIV/AIDS,1,
US-GOV-1-AID-486-A-17-00002,FE5E09B147D3,3,3001,HIV/AIDS,99,
US-GOV-1-AID-486-A-17-00002,F94ED5A1B4F2,3,13040,STD control including HIV/AIDS,1,
US-GOV-1-AID-486-A-17-00002,F94ED5A1B4F2,3,3001,HIV/AIDS,99,
US-GOV-1-AID-486-A-17-00002,A782AFEB9646,3,13040,STD control including HIV/AIDS,1,
US-GOV-1-AID-486-A-17-00002,A782AFEB9646,3,3001,HIV/AIDS,99,
US-GOV-1-AID-486-A-17-00002,0A2316D61969,3,13040,STD control including HIV/AIDS,1,
US-GOV-1-AID-486-A-17-00002,0A2316D61969,3,3001,HIV/AIDS,99,
US-GOV-1-AID-486-A-17-00002,3AE3C3009057,3,13040,STD control including HIV/AIDS,1,
US-GOV-1-AID-486-A-17-00002,3AE3C3009057,3,3001,HIV/AIDS,99,
US-GOV-1-AID-486-A-17-00002,CF0C7F9BEC2B,3,13040,STD control including HIV/AIDS,1,
US-GOV-1-AID-486-A-17-00002,CF0C7F9BEC2B,3,3001,HIV/AIDS,99,
US-GOV-1-AID-486-A-17-00002,C0F93D137FC8,3,13040,STD control including HIV/AIDS,1,
US-GOV-1-AID-486-A-17-00002,C0F93D137FC8,3,3001,HIV/AIDS,99,
US-GOV-1-AID-486-A-17-00002,1122C28BE045,3,13040,STD control including HIV/AIDS,1,
US-GOV-1-AID-486-A-17-00002,1122C28BE045,3,3001,HIV/AIDS,99,
US-GOV-1-AID-486-A-17-00002,EC2E700EA179,3,13040,STD control including HIV/AIDS,1,
US-GOV-1-AID-486-A-17-00002,EC2E700EA179,3,3001,HIV/AIDS,99,
US-GOV-1-AID-486-A-17-00002,388A5E4F0394,3,13040,STD control including HIV/AIDS,1,
US-GOV-1-AID-486-A-17-00002,388A5E4F0394,3,3001,HIV/AIDS,99,
US-GOV-1-AID-486-A-17-00002,C945FA41FA19,3,13040,STD control including HIV/AIDS,1,
US-GOV-1-AID-486-A-17-00002,C945FA41FA19,3,3001,HIV/AIDS,99,
US-GOV-1-AID-486-A-17-00002,1E062E2F0161,3,13040,STD control including HIV/AIDS,1,
US-GOV-1-AID-486-A-17-00002,1E062E2F0161,3,3001,HIV/AIDS,99,
US-GOV-1-AID-486-A-17-00002,8ED034941A95,3,13040,STD control including HIV/AIDS,1,
US-GOV-1-AID-486-A-17-00002,8ED034941A95,3,3001,HIV/AIDS,99,
US-GOV-1-AID-486-A-17-00002,4B673DCE6C98,3,13040,STD control including HIV/AIDS,1,
US-GOV-1-AID-486-A-17-00002,4B673DCE6C98,3,3001,HIV/AIDS,99,
US-GOV-1-AID-486-A-17-00002,16A5E0764EDA,2,13040,STD control including HIV/AIDS,1,
US-GOV-1-AID-486-A-17-00002,16A5E0764EDA,2,3001,HIV/AIDS,99,
US-GOV-1-AID-ASIA-G-14-00001,39CC27F928BA,2,41030,Bio-diversity,1,
US-GOV-1-AID-ASIA-G-14-00001,39CC27F928BA,2,6002,Natural Resources and Biodiversity,99,
US-GOV-1-AID-ASIA-G-14-00001,39CC27F928BA,3,41030,Bio-diversity,1,
US-GOV-1-AID-ASIA-G-14-00001,39CC27F928BA,3,6002,Natural Resources and Biodiversity,99,
US-GOV-1-AID-ASIA-G-14-00001,169798BCAA63,2,41030,Bio-diversity,1,
US-GOV-1-AID-ASIA-G-14-00001,169798BCAA63,2,6002,Natural Resources and Biodiversity,99,
US-GOV-1-AID-ASIA-G-14-00001,B6C5177FEB4B,3,41030,Bio-diversity,1,
US-GOV-1-AID-ASIA-G-14-00001,B6C5177FEB4B,3,6002,Natural Resources and Biodiversity,99,
US-GOV-1-AID-ASIA-G-14-00001,CCEFDDDC333E,3,41030,Bio-diversity,1,
US-GOV-1-AID-ASIA-G-14-00001,CCEFDDDC333E,3,6002,Natural Resources and Biodiversity,99,
US-GOV-1-AID-ASIA-G-14-00001,F53928E56735,2,41030,Bio-diversity,1,
US-GOV-1-AID-ASIA-G-14-00001,F53928E56735,2,6003,Clean Productive Environment,99,
US-GOV-1-AID-DFD-I-04-05-00221,514B377FB442,2,41020,Biosphere protection,1,
US-GOV-1-AID-DFD-I-04-05-00221,514B377FB442,2,6003,Clean Productive Environment,99,
US-GOV-1-AID-DFD-I-04-05-00221,514B377FB442,3,41020,Biosphere protection,1,
US-GOV-1-AID-DFD-I-04-05-00221,514B377FB442,3,6003,Clean Productive Environment,99,
US-GOV-1-AID-OAA-A-11-00045,EB85F1D9B6CC,3,41020,Biosphere protection,1,
US-GOV-1-AID-OAA-A-11-00045,EB85F1D9B6CC,3,6003,Clean Productive Environment,99,
US-GOV-1-AID-OAA-A-11-00045,D03D1FBFB4F0,3,41020,Biosphere protection,1,
US-GOV-1-AID-OAA-A-11-00045,D03D1FBFB4F0,3,6003,Clean Productive Environment,99,
US-GOV-1-AID-OAA-A-11-00045,55D395C9580D,3,41020,Biosphere protection,1,
US-GOV-1-AID-OAA-A-11-00045,55D395C9580D,3,6003,Clean Productive Environment,99,
US-GOV-1-AID-OAA-A-11-00045,60D168921552,3,41020,Biosphere protection,1,
US-GOV-1-AID-OAA-A-11-00045,60D168921552,3,6003,Clean Productive Environment,99,
US-GOV-1-AID-OAA-A-11-00045,A3016457984F,3,41020,Biosphere protection,1,
US-GOV-1-AID-OAA-A-11-00045,A3016457984F,3,6003,Clean Productive Environment,99,
US-GOV-1-AID-OAA-A-11-00045,897E92C6DC9A,3,41020,Biosphere protection,1,
US-GOV-1-AID-OAA-A-11-00045,897E92C6DC9A,3,6003,Clean Productive Environment,99,
US-GOV-1-AID-OAA-A-11-00045,041F57914E1C,3,41020,Biosphere protection,1,
US-GOV-1-AID-OAA-A-11-00045,041F57914E1C,3,6003,Clean Productive Environment,99,
US-GOV-1-AID-OAA-A-11-00045,7A512250B921,3,41020,Biosphere protection,1,
US-GOV-1-AID-OAA-A-11-00045,7A512250B921,3,6003,Clean Productive Environment,99,
US-GOV-1-AID-OAA-A-11-00045,081A530A05C0,3,41020,Biosphere protection,1,
US-GOV-1-AID-OAA-A-11-00045,081A530A05C0,3,6003,Clean Productive Environment,99,
US-GOV-1-AID-OAA-A-11-00045,2C4C49E318E2,3,41020,Biosphere protection,1,
US-GOV-1-AID-OAA-A-11-00045,2C4C49E318E2,3,6003,Clean Productive Environment,99,
US-GOV-1-AID-OAA-A-11-00045,35D94D66D23D,3,41020,Biosphere protection,1,
US-GOV-1-AID-OAA-A-11-00045,35D94D66D23D,3,6003,Clean Productive Environment,99,
US-GOV-1-AID-OAA-A-11-00045,8C4F8EAAB4F5,3,41020,Biosphere protection,1,
US-GOV-1-AID-OAA-A-11-00045,8C4F8EAAB4F5,3,6003,Clean Productive Environment,99,
US-GOV-1-AID-OAA-A-11-00045,D3011B58CF71,3,41020,Biosphere protection,1,
US-GOV-1-AID-OAA-A-11-00045,D3011B58CF71,3,6003,Clean Productive Environment,99,
US-GOV-1-AID-OAA-A-11-00045,34DCAF0A372D,3,41020,Biosphere protection,1,
US-GOV-1-AID-OAA-A-11-00045,34DCAF0A372D,3,6003,Clean Productive Environment,99,
US-GOV-1-AID-OAA-A-11-00045,C784F9D174D3,3,41020,Biosphere protection,1,
US-GOV-1-AID-OAA-A-11-00045,C784F9D174D3,3,6003,Clean Productive Environment,99,
US-GOV-1-AID-OAA-A-11-00045,1EC46F1B7FCB,3,41020,Biosphere protection,1,
US-GOV-1-AID-OAA-A-11-00045,1EC46F1B7FCB,3,6003,Clean Productive Environment,99,
US-GOV-1-AID-OAA-A-11-00045,544CBFC67E69,3,41020,Biosphere protection,1,
US-GOV-1-AID-OAA-A-11-00045,544CBFC67E69,3,6003,Clean Productive Environment,99,
US-GOV-1-AID-OAA-A-11-00045,ACF69F687304,3,41020,Biosphere protection,1,
US-GOV-1-AID-OAA-A-11-00045,ACF69F687304,3,6003,Clean Productive Environment,99,
US-GOV-1-AID-OAA-A-11-00045,FA4AAA729F3E,3,41020,Biosphere protection,1,
US-GOV-1-AID-OAA-A-11-00045,FA4AAA729F3E,3,6003,Clean Productive Environment,99,
US-GOV-1-AID-OAA-A-11-00045,038BF3459227,3,41020,Biosphere protection,1,
US-GOV-1-AID-OAA-A-11-00045,038BF3459227,3,6003,Clean Productive Environment,99,
US-GOV-1-AID-OAA-A-11-00045,A9571116F5C6,3,41020,Biosphere protection,1,
US-GOV-1-AID-OAA-A-11-00045,A9571116F5C6,3,6003,Clean Productive Environment,99,
US-GOV-1-AID-OAA-A-11-00045,13AF0A4223D8,3,41020,Biosphere protection,1,
US-GOV-1-AID-OAA-A-11-00045,13AF0A4223D8,3,6003,Clean Productive Environment,99,
US-GOV-1-AID-OAA-A-11-00045,72E5731B38BD,3,41020,Biosphere protection,1,
US-GOV-1-AID-OAA-A-11-00045,72E5731B38BD,3,6003,Clean Productive Environment,99,
US-GOV-1-AID-OAA-A-11-00045,B61705F913B6,3,41020,Biosphere protection,1,
US-GOV-1-AID-OAA-A-11-00045,B61705F913B6,3,6003,Clean Productive Environment,99,
US-GOV-1-AID-OAA-A-11-00045,8C832213934B,3,41020,Biosphere protection,1,
US-GOV-1-AID-OAA-A-11-00045,8C832213934B,3,6003,Clean Productive Environment,99,
US-GOV-1-AID-OAA-A-11-00045,E144A273F771,3,41020,Biosphere protection,1,
US-GOV-1-AID-OAA-A-11-00045,E144A273F771,3,6003,Clean Productive Environment,99,
US-GOV-1-AID-OAA-A-11-00045,BB1DDA6197E5,2,41020,Biosphere protection,1,
US-GOV-1-AID-OAA-A-11-00045,BB1DDA6197E5,2,6003,Clean Productive Environment,99,
US-GOV-1-AID-OAA-A-11-00045,856A727119AA,3,41020,Biosphere protection,1,
US-GOV-1-AID-OAA-A-11-00045,856A727119AA,3,6003,Clean Productive Environment,99,
US-GOV-1-AID-OAA-A-11-00045,CDF1D33241B7,3,41020,Biosphere protection,1,
US-GOV-1-AID-OAA-A-11-00045,CDF1D33241B7,3,6003,Clean Productive Environment,99,
US-GOV-1-AID-OAA-A-11-00045,685F5EC2F33B,3,41020,Biosphere protection,1,
US-GOV-1-AID-OAA-A-11-00045,685F5EC2F33B,3,6003,Clean Productive Environment,99,
US-GOV-1-AID-OAA-A-11-00045,4A39F3435B67,2,41020,Biosphere protection,1,
US-GOV-1-AID-OAA-A-11-00045,4A39F3435B67,2,6003,Clean Productive Environment,99,
US-GOV-1-AID-OAA-A-11-00045,975103FBB7CF,3,41020,Biosphere protection,1,
US-GOV-1-AID-OAA-A-11-00045,975103FBB7CF,3,6003,Clean Productive Environment,99,
US-GOV-1-AID-OAA-A-11-00045,7ABE4E741E55,3,41020,Biosphere protection,1,
US-GOV-1-AID-OAA-A-11-00045,7ABE4E741E55,3,6003,Clean Productive Environment,99,
US-GOV-1-AID-OAA-A-11-00045,A8A4481D50D7,3,41020,Biosphere protection,1,
US-GOV-1-AID-OAA-A-11-00045,A8A4481D50D7,3,6003,Clean Productive Environment,99,
US-GOV-1-AID-OAA-A-11-00045,FCF97C0006BC,3,41020,Biosphere protection,1,
US-GOV-1-AID-OAA-A-11-00045,FCF97C0006BC,3,6003,Clean Productive Environment,99,
US-GOV-1-AID-OAA-A-11-00045,736F9609495F,3,41020,Biosphere protection,1,
US-GOV-1-AID-OAA-A-11-00045,736F9609495F,3,6003,Clean Productive Environment,99,
US-GOV-1-AID-OAA-A-11-00045,561A5EF00F5D,3,41020,Biosphere protection,1,
US-GOV-1-AID-OAA-A-11-00045,561A5EF00F5D,3,8001,Direct Administrative Costs,99,
US-GOV-1-AID-OAA-A-11-00045,937973336B51,3,41020,Biosphere protection,1,
US-GOV-1-AID-OAA-A-11-00045,937973336B51,3,8001,Direct Administrative Costs,99,
US-GOV-1-AID-OAA-A-11-00045,F7C27D9EE197,3,41020,Biosphere protection,1,
US-GOV-1-AID-OAA-A-11-00045,F7C27D9EE197,3,8001,Direct Administrative Costs,99,
US-GOV-1-AID-OAA-A-11-00045,2DE8958FAA43,3,41020,Biosphere protection,1,
US-GOV-1-AID-OAA-A-11-00045,2DE8958FAA43,3,8001,Direct Administrative Costs,99,
US-GOV-1-AID-OAA-A-11-00045,A0A0F93200DD,3,41020,Biosphere protection,1,
US-GOV-1-AID-OAA-A-11-00045,A0A0F93200DD,3,8001,Direct Administrative Costs,99,
US-GOV-1-AID-OAA-A-11-00045,77AE885D8B19,3,41020,Biosphere protection,1,
US-GOV-1-AID-OAA-A-11-00045,77AE885D8B19,3,8001,Direct Administrative Costs,99,
US-GOV-1-AID-OAA-A-11-00045,B6E00B244DAF,3,41020,Biosphere protection,1,
US-GOV-1-AID-OAA-A-11-00045,B6E00B244DAF,3,8001,Direct Administrative Costs,99,
US-GOV-1-AID-OAA-A-11-00045,4DD409E85DA4,3,41020,Biosphere protection,1,
US-GOV-1-AID-OAA-A-11-00045,4DD409E85DA4,3,6003,Clean Productive Environment,99,
US-GOV-1-AID-OAA-A-11-00045,A517FDAE4705,2,41020,Biosphere protection,1,
US-GOV-1-AID-OAA-A-11-00045,A517FDAE4705,2,6003,Clean Productive Environment,99,
US-GOV-1-AID-OAA-BC-11-00001,5485B2E347BF,3,11220,Primary education,1,
US-GOV-1-AID-OAA-BC-11-00001,5485B2E347BF,3,8001,Direct Administrative Costs,99,
US-GOV-1-AID-OAA-BC-11-00001,961F75F6B5FF,3,11220,Primary education,1,
US-GOV-1-AID-OAA-BC-11-00001,961F75F6B5FF,3,8001,Direct Administrative Costs,99,
US-GOV-1-AID-OAA-BC-11-00001,A2EBE15092A8,3,11220,Primary education,1,
US-GOV-1-AID-OAA-BC-11-00001,A2EBE15092A8,3,8001,Direct Administrative Costs,99,
US-GOV-1-AID-OAA-BC-11-00001,3537C43E63BF,3,11220,Primary education,1,
US-GOV-1-AID-OAA-BC-11-00001,3537C43E63BF,3,4001,Basic Education,99,
US-GOV-1-AID-OAA-BC-11-00001,6CA72DAB434E,3,11220,Primary education,1,
US-GOV-1-AID-OAA-BC-11-00001,6CA72DAB434E,3,4001,Basic Education,99,
US-GOV-1-AID-OAA-BC-11-00001,3AA87B3260AF,3,11220,Primary education,1,
US-GOV-1-AID-OAA-BC-11-00001,3AA87B3260AF,3,4001,Basic Education,99,
US-GOV-1-AID-OAA-BC-11-00001,4D08C7BA0EE3,3,11220,Primary education,1,
US-GOV-1-AID-OAA-BC-11-00001,4D08C7BA0EE3,3,4001,Basic Education,99,
US-GOV-1-AID-OAA-BC-11-00001,05CA2E118D0D,3,11220,Primary education,1,
US-GOV-1-AID-OAA-BC-11-00001,05CA2E118D0D,3,4001,Basic Education,99,
US-GOV-1-AID-OAA-BC-11-00001,60AC01E203DD,3,11220,Primary education,1,
US-GOV-1-AID-OAA-BC-11-00001,60AC01E203DD,3,8001,Direct Administrative Costs,99,
US-GOV-1-AID-OAA-BC-11-00001,414843E3F631,3,11220,Primary education,1,
US-GOV-1-AID-OAA-BC-11-00001,414843E3F631,3,4001,Basic Education,99,
US-GOV-1-AID-OAA-BC-11-00001,74F33FD31692,3,11220,Primary education,1,
US-GOV-1-AID-OAA-BC-11-00001,74F33FD31692,3,4001,Basic Education,99,
US-GOV-1-AID-OAA-BC-11-00001,6BA15C2D42F2,3,11220,Primary education,1,
US-GOV-1-AID-OAA-BC-11-00001,6BA15C2D42F2,3,4001,Basic Education,99,
US-GOV-1-AID-OAA-BC-11-00001,DDFC626A3966,3,11220,Primary education,1,
US-GOV-1-AID-OAA-BC-11-00001,DDFC626A3966,3,4001,Basic Education,99,
US-GOV-1-AID-OAA-BC-11-00001,52C4A9B7A169,3,11220,Primary education,1,
US-GOV-1-AID-OAA-BC-11-00001,52C4A9B7A169,3,4001,Basic Education,99,
US-GOV-1-AID-OAA-BC-11-00001,1AA14547E1AC,3,11220,Primary education,1,
US-GOV-1-AID-OAA-BC-11-00001,1AA14547E1AC,3,4001,Basic Education,99,
US-GOV-1-AID-OAA-BC-11-00001,08DF3CCF56CE,3,11220,Primary education,1,
US-GOV-1-AID-OAA-BC-11-00001,08DF3CCF56CE,3,4001,Basic Education,99,
US-GOV-1-AID-OAA-BC-11-00001,7EB85B42F490,2,11220,Primary education,1,
US-GOV-1-AID-OAA-BC-11-00001,7EB85B42F490,2,4001,Basic Education,99,
US-GOV-1-AID-OAA-BC-11-00001,921615E23658,3,11420,Higher education,1,
US-GOV-1-AID-OAA-BC-11-00001,921615E23658,3,4002,Higher Education,99,
US-GOV-1-AID-OAA-BC-11-00001,B07A893A3CB8,3,11420,Higher education,1,
US-GOV-1-AID-OAA-BC-11-00001,B07A893A3CB8,3,4002,Higher Education,99,
US-GOV-1-AID-OAA-BC-11-00001,C4345B44CF0B,3,11420,Higher education,1,
US-GOV-1-AID-OAA-BC-11-00001,C4345B44CF0B,3,4002,Higher Education,99,
US-GOV-1-AID-OAA-BC-11-00001,AFA04887C6E2,3,11420,Higher education,1,
US-GOV-1-AID-OAA-BC-11-00001,AFA04887C6E2,3,4002,Higher Education,99,
US-GOV-1-AID-OAA-BC-11-00001,830A9565BC00,3,11420,Higher education,1,
US-GOV-1-AID-OAA-BC-11-00001,830A9565BC00,3,4002,Higher Education,99,
US-GOV-1-AID-OAA-BC-11-00001,BE88195F61E7,3,11420,Higher education,1,
US-GOV-1-AID-OAA-BC-11-00001,BE88195F61E7,3,4002,Higher Education,99,
US-GOV-1-AID-OAA-BC-11-00001,0999FBEEFE21,3,11220,Primary education,1,
US-GOV-1-AID-OAA-BC-11-00001,0999FBEEFE21,3,4001,Basic Education,99,
US-GOV-1-AID-OAA-BC-11-00001,24334BA3FD87,3,11220,Primary education,1,
US-GOV-1-AID-OAA-BC-11-00001,24334BA3FD87,3,4001,Basic Education,99,
US-GOV-1-AID-OAA-BC-11-00001,D0BC103DFF3C,3,11220,Primary education,1,
US-GOV-1-AID-OAA-BC-11-00001,D0BC103DFF3C,3,4001,Basic Education,99,
US-GOV-1-AID-OAA-BC-11-00001,28C5CD7608B1,3,11220,Primary education,1,
US-GOV-1-AID-OAA-BC-11-00001,28C5CD7608B1,3,4001,Basic Education,99,
US-GOV-1-AID-OAA-BC-11-00001,86C100764772,3,11220,Primary education,1,
US-GOV-1-AID-OAA-BC-11-00001,86C100764772,3,4001,Basic Education,99,
US-GOV-1-AID-OAA-BC-11-00001,2E4F3C39F788,2,11220,Primary education,1,
US-GOV-1-AID-OAA-BC-11-00001,2E4F3C39F788,2,4001,Basic Education,99,
US-GOV-1-AID-OAA-BC-11-00001,FA13A8DC1880,2,11220,Primary education,1,
US-GOV-1-AID-OAA-BC-11-00001,FA13A8DC1880,2,4001,Basic Education,99,
US-GOV-1-AID-OAA-BC-11-00001,BAED77C244E3,2,11420,Higher education,1,
US-GOV-1-AID-OAA-BC-11-00001,BAED77C244E3,2,4002,Higher Education,99,
US-GOV-1-AID-OAA-BC-11-00001,A4A4EE9511C7,3,11420,Higher education,1,
US-GOV-1-AID-OAA-BC-11-00001,A4A4EE9511C7,3,4002,Higher Education,99,
US-GOV-1-AID-OAA-BC-11-00001,782EF7281D56,3,11220,Primary education,1,
US-GOV-1-AID-OAA-BC-11-00001,782EF7281D56,3,4001,Basic Education,99,
US-GOV-1-AID-OAA-BC-11-00001,A0EBED3DC44B,3,11220,Primary education,1,
US-GOV-1-AID-OAA-BC-11-00001,A0EBED3DC44B,3,4001,Basic Education,99,
US-GOV-1-AID-OAA-BC-11-00001,DD8D480CFFCD,3,11220,Primary education,1,
US-GOV-1-AID-OAA-BC-11-00001,DD8D480CFFCD,3,4001,Basic Education,99,
US-GOV-1-AID-OAA-BC-11-00001,D8C8C5C6397B,3,11220,Primary education,1,
US-GOV-1-AID-OAA-BC-11-00001,D8C8C5C6397B,3,4001,Basic Education,99,
US-GOV-1-AID-OAA-BC-11-00001,99D0261408D9,3,11220,Primary education,1,
US-GOV-1-AID-OAA-BC-11-00001,99D0261408D9,3,4001,Basic Education,99,
US-GOV-1-AID-OAA-BC-11-00001,F2494AC9EC4E,3,11420,Higher education,1,
US-GOV-1-AID-OAA-BC-11-00001,F2494AC9EC4E,3,4002,Higher Education,99,
US-GOV-1-AID-OAA-BC-11-00001,DF6EC6AF2434,3,11420,Higher education,1,
US-GOV-1-AID-OAA-BC-11-00001,DF6EC6AF2434,3,4002,Higher Education,99,
US-GOV-1-AID-OAA-BC-11-00001,501D06ED8B41,2,11420,Higher education,1,
US-GOV-1-AID-OAA-BC-11-00001,501D06ED8B41,2,4002,Higher Education,99,
US-GOV-1-AID-OAA-BC-11-00001,8C6D95385190,2,11220,Primary education,1,
US-GOV-1-AID-OAA-BC-11-00001,8C6D95385190,2,4001,Basic Education,99,
US-GOV-1-AID-OAA-BC-11-00001,CA1E66247F78,2,11420,Higher education,1,
US-GOV-1-AID-OAA-BC-11-00001,CA1E66247F78,2,4002,Higher Education,99,
US-GOV-1-AID-OAA-BC-11-00001,9B32B32F4B82,3,11420,Higher education,1,
US-GOV-1-AID-OAA-BC-11-00001,9B32B32F4B82,3,4002,Higher Education,99,
US-GOV-1-AID-OAA-BC-11-00001,7E0F2678B9E1,3,11420,Higher education,1,
US-GOV-1-AID-OAA-BC-11-00001,7E0F2678B9E1,3,4002,Higher Education,99,
US-GOV-1-AID-OAA-BC-11-00001,7A332E3EC946,3,11420,Higher education,1,
US-GOV-1-AID-OAA-BC-11-00001,7A332E3EC946,3,4002,Higher Education,99,
US-GOV-1-AID-OAA-BC-11-00001,579A7CF5524B,3,11220,Primary education,1,
US-GOV-1-AID-OAA-BC-11-00001,579A7CF5524B,3,4001,Basic Education,99,
US-GOV-1-AID-OAA-BC-11-00001,BE10EA371CF8,3,11220,Primary education,1,
US-GOV-1-AID-OAA-BC-11-00001,BE10EA371CF8,3,4001,Basic Education,99,
US-GOV-1-AID-OAA-BC-11-00001,62ABF1DEB443,3,11420,Higher education,1,
US-GOV-1-AID-OAA-BC-11-00001,62ABF1DEB443,3,4002,Higher Education,99,
US-GOV-1-AID-OAA-BC-11-00001,C584B251AC5D,2,11220,Primary education,1,
US-GOV-1-AID-OAA-BC-11-00001,C584B251AC5D,2,4001,Basic Education,99,
US-GOV-1-AID-OAA-BC-11-00001,F5238A3B09F8,2,11420,Higher education,1,
US-GOV-1-AID-OAA-BC-11-00001,F5238A3B09F8,2,4002,Higher Education,99,
US-GOV-1-AID-OAA-LA-12-00003,BFD89EC45E24,3,41020,Biosphere protection,1,
US-GOV-1-AID-OAA-LA-12-00003,BFD89EC45E24,3,6003,Clean Productive Environment,99,
US-GOV-1-AID-OAA-LA-12-00003,2ED1B65E69B8,3,41020,Biosphere protection,1,
US-GOV-1-AID-OAA-LA-12-00003,2ED1B65E69B8,3,6003,Clean Productive Environment,99,
US-GOV-1-AID-OAA-LA-12-00003,3D51DD03FBD5,3,41020,Biosphere protection,1,
US-GOV-1-AID-OAA-LA-12-00003,3D51DD03FBD5,3,6003,Clean Productive Environment,99,
US-GOV-1-AID-OAA-LA-12-00003,CA870C24341C,3,41020,Biosphere protection,1,
US-GOV-1-AID-OAA-LA-12-00003,CA870C24341C,3,6003,Clean Productive Environment,99,
US-GOV-1-AID-OAA-LA-12-00003,E5151168C785,3,41020,Biosphere protection,1,
US-GOV-1-AID-OAA-LA-12-00003,E5151168C785,3,6003,Clean Productive Environment,99,
US-GOV-1-AID-OAA-LA-12-00003,06A6965572C7,3,41020,Biosphere protection,1,
US-GOV-1-AID-OAA-LA-12-00003,06A6965572C7,3,6003,Clean Productive Environment,99,
US-GOV-1-AID-OAA-LA-12-00003,495AF6F70B23,3,41020,Biosphere protection,1,
US-GOV-1-AID-OAA-LA-12-00003,495AF6F70B23,3,6003,Clean Productive Environment,99,
US-GOV-1-AID-OAA-LA-12-00003,2DB6CE67760E,3,41020,Biosphere protection,1,
US-GOV-1-AID-OAA-LA-12-00003,2DB6CE67760E,3,6003,Clean Productive Environment,99,
US-GOV-1-AID-OAA-LA-12-00003,2263B98353E0,3,41020,Biosphere protection,1,
US-GOV-1-AID-OAA-LA-12-00003,2263B98353E0,3,6003,Clean Productive Environment,99,
US-GOV-1-AID-OAA-LA-12-00003,94F6EFE00FDF,3,41020,Biosphere protection,1,
US-GOV-1-AID-OAA-LA-12-00003,94F6EFE00FDF,3,6003,Clean Productive Environment,99,
US-GOV-1-AID-OAA-LA-12-00003,58D6E24ED725,3,41020,Biosphere protection,1,
US-GOV-1-AID-OAA-LA-12-00003,58D6E24ED725,3,6003,Clean Productive Environment,99,
US-GOV-1-AID-OAA-LA-12-00003,30EE039F08FF,3,41020,Biosphere protection,1,
US-GOV-1-AID-OAA-LA-12-00003,30EE039F08FF,3,6003,Clean Productive Environment,99,
US-GOV-1-AID-OAA-LA-12-00003,1590987EF5B2,3,41030,Bio-diversity,1,
US-GOV-1-AID-OAA-LA-12-00003,1590987EF5B2,3,6002,Natural Resources and Biodiversity,99,
US-GOV-1-AID-OAA-LA-12-00003,2609FA204D65,3,41030,Bio-diversity,1,
US-GOV-1-AID-OAA-LA-12-00003,2609FA204D65,3,6002,Natural Resources and Biodiversity,99,
US-GOV-1-AID-OAA-LA-12-00003,33CD1507E3C5,3,41020,Biosphere protection,1,
US-GOV-1-AID-OAA-LA-12-00003,33CD1507E3C5,3,6003,Clean Productive Environment,99,
US-GOV-1-AID-OAA-LA-12-00003,42F9DE1DAFEA,3,41030,Bio-diversity,1,
US-GOV-1-AID-OAA-LA-12-00003,42F9DE1DAFEA,3,6002,Natural Resources and Biodiversity,99,
US-GOV-1-AID-OAA-LA-12-00003,68111B770EFA,3,41020,Biosphere protection,1,
US-GOV-1-AID-OAA-LA-12-00003,68111B770EFA,3,6003,Clean Productive Environment,99,
US-GOV-1-AID-OAA-LA-12-00003,05B097A805C6,3,41030,Bio-diversity,1,
US-GOV-1-AID-OAA-LA-12-00003,05B097A805C6,3,6002,Natural Resources and Biodiversity,99,
US-GOV-1-AID-OAA-LA-12-00003,659C0BAB72EF,3,41020,Biosphere protection,1,
US-GOV-1-AID-OAA-LA-12-00003,659C0BAB72EF,3,6003,Clean Productive Environment,99,
US-GOV-1-AID-OAA-LA-12-00003,7D9F1DE50A0B,3,41030,Bio-diversity,1,
US-GOV-1-AID-OAA-LA-12-00003,7D9F1DE50A0B,3,6002,Natural Resources and Biodiversity,99,
US-GOV-1-AID-OAA-LA-12-00003,FE06209C8D34,3,41020,Biosphere protection,1,
US-GOV-1-AID-OAA-LA-12-00003,FE06209C8D34,3,6003,Clean Productive Environment,99,
US-GOV-1-AID-OAA-LA-12-00003,CA2FB8E5D56D,3,41030,Bio-diversity,1,
US-GOV-1-AID-OAA-LA-12-00003,CA2FB8E5D56D,3,6002,Natural Resources and Biodiversity,99,
US-GOV-1-AID-OAA-LA-12-00003,85B305A4F3FC,3,41020,Biosphere protection,1,
US-GOV-1-AID-OAA-LA-12-00003,85B305A4F3FC,3,6003,Clean Productive Environment,99,
US-GOV-1-AID-OAA-LA-12-00003,5C946D1431B0,3,41020,Biosphere protection,1,
US-GOV-1-AID-OAA-LA-12-00003,5C946D1431B0,3,6003,Clean Productive Environment,99,
US-GOV-1-AID-OAA-LA-12-00003,CA0176553905,3,41020,Biosphere protection,1,
US-GOV-1-AID-OAA-LA-12-00003,CA0176553905,3,6003,Clean Productive Environment,99,
US-GOV-1-AID-OAA-LA-12-00003,C5F6BC776000,3,41030,Bio-diversity,1,
US-GOV-1-AID-OAA-LA-12-00003,C5F6BC776000,3,6002,Natural Resources and Biodiversity,99,
US-GOV-1-AID-OAA-LA-12-00003,7B6AA9C676DE,3,41020,Biosphere protection,1,
US-GOV-1-AID-OAA-LA-12-00003,7B6AA9C676DE,3,6003,Clean Productive Environment,99,
US-GOV-1-AID-OAA-LA-12-00003,B314C51A441C,3,41030,Bio-diversity,1,
US-GOV-1-AID-OAA-LA-12-00003,B314C51A441C,3,6002,Natural Resources and Biodiversity,99,
US-GOV-1-AID-OAA-LA-12-00003,455435915A87,3,41020,Biosphere protection,1,
US-GOV-1-AID-OAA-LA-12-00003,455435915A87,3,6003,Clean Productive Environment,99,
US-GOV-1-AID-OAA-LA-12-00003,5A78473D8E87,3,41030,Bio-diversity,1,
US-GOV-1-AID-OAA-LA-12-00003,5A78473D8E87,3,6002,Natural Resources and Biodiversity,99,
US-GOV-1-AID-OAA-LA-12-00003,ED3539241D52,2,41020,Biosphere protection,1,
US-GOV-1-AID-OAA-LA-12-00003,ED3539241D52,2,6003,Clean Productive Environment,99,
US-GOV-1-AID-OAA-LA-12-00003,49CC2DC6E101,3,41020,Biosphere protection,1,
US-GOV-1-AID-OAA-LA-12-00003,49CC2DC6E101,3,6003,Clean Productive Environment,99,
US-GOV-1-AID-OAA-LA-12-00003,5C8067030C2F,3,41020,Biosphere protection,1,
US-GOV-1-AID-OAA-LA-12-00003,5C8067030C2F,3,6003,Clean Productive Environment,99,
US-GOV-1-AID-OAA-LA-12-00003,4480EA1F6F45,3,41020,Biosphere protection,1,
US-GOV-1-AID-OAA-LA-12-00003,4480EA1F6F45,3,6003,Clean Productive Environment,99,
US-GOV-1-AID-OAA-LA-12-00003,CB6B2778FB52,3,41020,Biosphere protection,1,
US-GOV-1-AID-OAA-LA-12-00003,CB6B2778FB52,3,6003,Clean Productive Environment,99,
US-GOV-1-AID-OAA-LA-12-00003,47D09F207503,3,41020,Biosphere protection,1,
US-GOV-1-AID-OAA-LA-12-00003,47D09F207503,3,6003,Clean Productive Environment,99,
US-GOV-1-AID-OAA-LA-12-00003,8331349D7943,2,41030,Bio-diversity,1,
US-GOV-1-AID-OAA-LA-12-00003,8331349D7943,2,6002,Natural Resources and Biodiversity,99,
US-GOV-1-AID-OAA-LA-12-00003,E5C79008F2F4,3,41030,Bio-diversity,1,
US-GOV-1-AID-OAA-LA-12-00003,E5C79008F2F4,3,6002,Natural Resources and Biodiversity,99,
US-GOV-1-AID-OAA-LA-12-00003,771E186316A9,3,41030,Bio-diversity,1,
US-GOV-1-AID-OAA-LA-12-00003,771E186316A9,3,6002,Natural Resources and Biodiversity,99,
US-GOV-1-AID-OAA-TO-10-00010,F0FD87224B66,3,11220,Primary education,1,
US-GOV-1-AID-OAA-TO-10-00010,F0FD87224B66,3,4001,Basic Education,99,
US-GOV-1-AID-OAA-TO-10-00010,4F433B65978A,3,11220,Primary education,1,
US-GOV-1-AID-OAA-TO-10-00010,4F433B65978A,3,4001,Basic Education,99,
US-GOV-1-AID-OAA-TO-10-00010,872640629634,3,11220,Primary education,1,
US-GOV-1-AID-OAA-TO-10-00010,872640629634,3,4001,Basic Education,99,
US-GOV-1-AID-OAA-TO-10-00010,88A6CC6E03D3,3,11220,Primary education,1,
US-GOV-1-AID-OAA-TO-10-00010,88A6CC6E03D3,3,4001,Basic Education,99,
US-GOV-1-AID-OAA-TO-10-00010,B45F9D11DEC5,3,11220,Primary education,1,
US-GOV-1-AID-OAA-TO-10-00010,B45F9D11DEC5,3,4001,Basic Education,99,
US-GOV-1-AID-OAA-TO-10-00010,F4E6473F10A0,3,11220,Primary education,1,
US-GOV-1-AID-OAA-TO-10-00010,F4E6473F10A0,3,4001,Basic Education,99,
US-GOV-1-AID-OAA-TO-10-00010,6A01AD63C801,3,11220,Primary education,1,
US-GOV-1-AID-OAA-TO-10-00010,6A01AD63C801,3,4001,Basic Education,99,
US-GOV-1-AID-OAA-TO-10-00010,708ECB1EF69F,3,11220,Primary education,1,
US-GOV-1-AID-OAA-TO-10-00010,708ECB1EF69F,3,4001,Basic Education,99,
US-GOV-1-AID-OAA-TO-10-00010,39048356F5D7,3,11220,Primary education,1,
US-GOV-1-AID-OAA-TO-10-00010,39048356F5D7,3,4001,Basic Education,99,
US-GOV-1-AID-OAA-TO-10-00010,E3CAC8249238,3,11220,Primary education,1,
US-GOV-1-AID-OAA-TO-10-00010,E3CAC8249238,3,4001,Basic Education,99,
US-GOV-1-AID-OAA-TO-10-00010,9C3063F2D1CF,3,11220,Primary education,1,
US-GOV-1-AID-OAA-TO-10-00010,9C3063F2D1CF,3,4001,Basic Education,99,
US-GOV-1-AID-OAA-TO-10-00010,F5206850BD77,3,11220,Primary education,1,
US-GOV-1-AID-OAA-TO-10-00010,F5206850BD77,3,4001,Basic Education,99,
US-GOV-1-AID-OAA-TO-10-00010,9FE7165070A2,3,11220,Primary education,1,
US-GOV-1-AID-OAA-TO-10-00010,9FE7165070A2,3,4001,Basic Education,99,
US-GOV-1-AID-OAA-TO-10-00010,528DE37A051B,3,11220,Primary education,1,
US-GOV-1-AID-OAA-TO-10-00010,528DE37A051B,3,4001,Basic Education,99,
US-GOV-1-AID-OAA-TO-10-00010,AF60EEF73E2C,3,11220,Primary education,1,
US-GOV-1-AID-OAA-TO-10-00010,AF60EEF73E2C,3,4001,Basic Education,99,
US-GOV-1-AID-OAA-TO-10-00010,21692FD62DC7,3,11220,Primary education,1,
US-GOV-1-AID-OAA-TO-10-00010,21692FD62DC7,3,4001,Basic Education,99,
US-GOV-1-AID-OAA-TO-10-00010,453EEF3735F0,3,11220,Primary education,1,
US-GOV-1-AID-OAA-TO-10-00010,453EEF3735F0,3,4001,Basic Education,99,
US-GOV-1-AID-OAA-TO-10-00010,F1254A14014A,2,11220,Primary education,1,
US-GOV-1-AID-OAA-TO-10-00010,F1254A14014A,2,4001,Basic Education,99,
US-GOV-1-AID-OAA-TO-11-00058,14CB6DE26FBA,3,41020,Biosphere protection,1,
US-GOV-1-AID-OAA-TO-11-00058,14CB6DE26FBA,3,6003,Clean Productive Environment,99,
US-GOV-1-AID-OAA-TO-11-00058,D279286F3856,3,41020,Biosphere protection,1,
US-GOV-1-AID-OAA-TO-11-00058,D279286F3856,3,6003,Clean Productive Environment,99,
US-GOV-1-AID-OAA-TO-11-00058,25F01D262B8B,3,41020,Biosphere protection,1,
US-GOV-1-AID-OAA-TO-11-00058,25F01D262B8B,3,6003,Clean Productive Environment,99,
US-GOV-1-AID-OAA-TO-11-00058,5697C18C35F4,3,41020,Biosphere protection,1,
US-GOV-1-AID-OAA-TO-11-00058,5697C18C35F4,3,6003,Clean Productive Environment,99,
US-GOV-1-AID-OAA-TO-11-00058,940D25100646,3,41020,Biosphere protection,1,
US-GOV-1-AID-OAA-TO-11-00058,940D25100646,3,6003,Clean Productive Environment,99,
US-GOV-1-AID-OAA-TO-11-00058,7C1EDB71BA4F,3,41020,Biosphere protection,1,
US-GOV-1-AID-OAA-TO-11-00058,7C1EDB71BA4F,3,6003,Clean Productive Environment,99,
US-GOV-1-AID-OAA-TO-11-00058,A234B66BDC1C,3,41020,Biosphere protection,1,
US-GOV-1-AID-OAA-TO-11-00058,A234B66BDC1C,3,6003,Clean Productive Environment,99,
US-GOV-1-AID-OAA-TO-11-00058,9B9C83191DF4,3,41020,Biosphere protection,1,
US-GOV-1-AID-OAA-TO-11-00058,9B9C83191DF4,3,6003,Clean Productive Environment,99,
US-GOV-1-AID-OAA-TO-11-00058,D95765FD5B52,3,41020,Biosphere protection,1,
US-GOV-1-AID-OAA-TO-11-00058,D95765FD5B52,3,6003,Clean Productive Environment,99,
US-GOV-1-AID-OAA-TO-11-00058,0A05B2E9B69D,3,41020,Biosphere protection,1,
US-GOV-1-AID-OAA-TO-11-00058,0A05B2E9B69D,3,6003,Clean Productive Environment,99,
US-GOV-1-AID-OAA-TO-11-00058,0F6810F4ED98,3,41020,Biosphere protection,1,
US-GOV-1-AID-OAA-TO-11-00058,0F6810F4ED98,3,8001,Direct Administrative Costs,99,
US-GOV-1-AID-OAA-TO-11-00058,FBD8B88A303C,3,41020,Biosphere protection,1,
US-GOV-1-AID-OAA-TO-11-00058,FBD8B88A303C,3,6003,Clean Productive Environment,99,
US-GOV-1-AID-OAA-TO-11-00058,F508E6A376E2,3,41020,Biosphere protection,1,
US-GOV-1-AID-OAA-TO-11-00058,F508E6A376E2,3,6003,Clean Productive Environment,99,
US-GOV-1-AID-OAA-TO-11-00058,019E10ABB504,2,41020,Biosphere protection,1,
US-GOV-1-AID-OAA-TO-11-00058,019E10ABB504,2,6003,Clean Productive Environment,99,
US-GOV-1-AID-OAA-TO-11-00058,86636BA6EEB0,2,41020,Biosphere protection,1,
US-GOV-1-AID-OAA-TO-11-00058,86636BA6EEB0,2,6003,Clean Productive Environment,99,
US-GOV-1-AID-OAA-TO-11-00058,B8D7719ABF8B,2,41020,Biosphere protection,1,
US-GOV-1-AID-OAA-TO-11-00058,B8D7719ABF8B,2,8001,Direct Administrative Costs,99,
US-GOV-1-AID-OAA-TO-13-00009,C5CE37428265,2,91010,Operating Expenses,1,
US-GOV-1-AID-OAA-TO-13-00009,C5CE37428265,2,8001,Direct Administrative Costs,99,
US-GOV-1-AID-OAA-TO-13-00009,C42988540C23,3,91010,Operating Expenses,1,
US-GOV-1-AID-OAA-TO-13-00009,C42988540C23,3,8001,Direct Administrative Costs,99,
US-GOV-1-AID-OAA-TO-13-00009,DD5BECDABFEF,2,91010,Operating Expenses,1,
US-GOV-1-AID-OAA-TO-13-00009,DD5BECDABFEF,2,8001,Direct Administrative Costs,99,
US-GOV-1-AID-OAA-TO-17-00028,C6D2B0ED7154,2,15130,Legal and judicial development,1,
US-GOV-1-AID-OAA-TO-17-00028,C6D2B0ED7154,2,2001,Rule of Law and Human Rights,99,
US-GOV-1-AID-OAA-TO-17-00028,E0E14B095F71,2,15152,Legislatures and political parties,1,
US-GOV-1-AID-OAA-TO-17-00028,E0E14B095F71,2,2002,Good Governance,99,
US-GOV-1-AID-OAA-TO-17-00028,C68C3E35182E,2,15110,Public sector policy and administrative management,1,
US-GOV-1-AID-OAA-TO-17-00028,C68C3E35182E,2,2003,Political Competition and Consensus-Building,99,
US-GOV-1-AID-OAA-TO-17-00028,FF4CC99E56E6,2,15150,Democratic participation and civil society,1,
US-GOV-1-AID-OAA-TO-17-00028,FF4CC99E56E6,2,2004,Civil Society,99,
US-GOV-1-AID-OAA-TO-17-00028,9B4890263C20,3,15150,Democratic participation and civil society,1,
US-GOV-1-AID-OAA-TO-17-00028,9B4890263C20,3,2004,Civil Society,99,
US-GOV-1-AID-OAA-TO-17-00028,51311086718A,3,15150,Democratic participation and civil society,1,
US-GOV-1-AID-OAA-TO-17-00028,51311086718A,3,2004,Civil Society,99,
US-GOV-1-AID-OAA-TO-17-00028,4411E4548E82,3,15152,Legislatures and political parties,1,
US-GOV-1-AID-OAA-TO-17-00028,4411E4548E82,3,2002,Good Governance,99,
US-GOV-1-AID-OAA-TO-17-00028,835D1C270193,3,15110,Public sector policy and administrative management,1,
US-GOV-1-AID-OAA-TO-17-00028,835D1C270193,3,2003,Political Competition and Consensus-Building,99,
US-GOV-1-AID-OAA-TO-17-00028,B22A37E04D87,3,15150,Democratic participation and civil society,1,
US-GOV-1-AID-OAA-TO-17-00028,B22A37E04D87,3,2004,Civil Society,99,
US-GOV-1-AID-OAA-TO-17-00028,BC84507A0108,3,15152,Legislatures and political parties,1,
US-GOV-1-AID-OAA-TO-17-00028,BC84507A0108,3,2002,Good Governance,99,
US-GOV-1-AID-OAA-TO-17-00028,299A90AEB8FE,3,15110,Public sector policy and administrative management,1,
US-GOV-1-AID-OAA-TO-17-00028,299A90AEB8FE,3,2003,Political Competition and Consensus-Building,99,
US-GOV-1-AID-OAA-TO-17-00028,9708C4501C8F,3,15130,Legal and judicial development,1,
US-GOV-1-AID-OAA-TO-17-00028,9708C4501C8F,3,2001,Rule of Law and Human Rights,99,
US-GOV-1-AID-OAA-TO-17-00028,F00430022CDA,3,15152,Legislatures and political parties,1,
US-GOV-1-AID-OAA-TO-17-00028,F00430022CDA,3,2002,Good Governance,99,
US-GOV-1-AID-OAA-TO-17-00028,F34F0F18AA7D,3,15130,Legal and judicial development,1,
US-GOV-1-AID-OAA-TO-17-00028,F34F0F18AA7D,3,2001,Rule of Law and Human Rights,99,
US-GOV-1-AID-OAA-TO-17-00028,B27B6E6F87E8,3,15152,Legislatures and political parties,1,
US-GOV-1-AID-OAA-TO-17-00028,B27B6E6F87E8,3,2002,Good Governance,99,
US-GOV-1-AID-OAA-TO-17-00028,114015D58D1B,3,15150,Democratic participation and civil society,1,
US-GOV-1-AID-OAA-TO-17-00028,114015D58D1B,3,2004,Civil Society,99,
US-GOV-1-AID-OAA-TO-17-00028,7B02256B6D18,3,15152,Legislatures and political parties,1,
US-GOV-1-AID-OAA-TO-17-00028,7B02256B6D18,3,2002,Good Governance,99,
US-GOV-1-AID-OAA-TO-17-00028,DCB472D3F765,3,15152,Legislatures and political parties,1,
US-GOV-1-AID-OAA-TO-17-00028,DCB472D3F765,3,2002,Good Governance,99,
US-GOV-1-AID-OFDA-IO-17-00046,FB0FDD9102FE,2,74020,Multi-hazard response preparedness,1,
US-GOV-1-AID-OFDA-IO-17-00046,FB0FDD9102FE,2,7002,Disaster Readiness,99,
US-GOV-1-AID-OFDA-IO-17-00046,515798676F46,3,74020,Multi-hazard response preparedness,1,
US-GOV-1-AID-OFDA-IO-17-00046,515798676F46,3,7002,Disaster Readiness,99,
US-GOV-1-ANE-G-00-06-00003-00,EBA2B29AD6F1,2,43010,Multisector aid,1,
US-GOV-1-ANE-G-00-06-00003-00,EBA2B29AD6F1,2,4005,Social Assistance,99,
US-GOV-1-ANE-G-SS-87-00050,CD8E5432FF54,2,43010,Multisector aid,1,
US-GOV-1-ANE-G-SS-87-00050,CD8E5432FF54,2,4005,Social Assistance,99,
US-GOV-1-ANE-P-00-04-00006-02,C431F331423D,2,43010,Multisector aid,1,
US-GOV-1-ANE-P-00-04-00006-02,C431F331423D,2,4005,Social Assistance,99,
US-GOV-1-ANE-P-00-05-00002-01,49908572710E,2,72010,Material relief assistance and services,1,
US-GOV-1-ANE-P-00-05-00002-01,49908572710E,2,7001,"Protection, Assistance and Solutions",99,
US-GOV-1-ANE-P-00-05-00002-01,A1580397CB4A,2,73010,Immediate post-emergency reconstruction and rehabilitation,1,
US-GOV-1-ANE-P-00-05-00002-01,A1580397CB4A,2,7001,"Protection, Assistance and Solutions",99,
US-GOV-1-DAN5116Q01911500,7A71B8A06315,2,31110,Agricultural policy and administrative management,1,
US-GOV-1-DAN5116Q01911500,7A71B8A06315,2,5005,Agriculture,99,
US-GOV-1-DFD-A-00-06-00150-01,AE8BFA116C47,2,74020,Multi-hazard response preparedness,1,
US-GOV-1-DFD-A-00-06-00150-01,AE8BFA116C47,2,7002,Disaster Readiness,99,
US-GOV-1-DFD-A-00-06-00150-01,AE8BFA116C47,3,74020,Multi-hazard response preparedness,1,
US-GOV-1-DFD-A-00-06-00150-01,AE8BFA116C47,3,7002,Disaster Readiness,99,
US-GOV-1-DFD-A-00-06-00151-02,A0B2DF115ACB,3,74020,Multi-hazard response preparedness,1,
US-GOV-1-DFD-A-00-06-00151-02,A0B2DF115ACB,3,7002,Disaster Readiness,99,
US-GOV-1-DFD-A-00-06-00151-02,7C2BEFA833EB,2,74020,Multi-hazard response preparedness,1,
US-GOV-1-DFD-A-00-06-00151-02,7C2BEFA833EB,2,7002,Disaster Readiness,99,
US-GOV-1-DFD-A-00-06-00151-02,7C2BEFA833EB,3,74020,Multi-hazard response preparedness,1,
US-GOV-1-DFD-A-00-06-00151-02,7C2BEFA833EB,3,7002,Disaster Readiness,99,
US-GOV-1-DFD-G-00-05-00211-00,4834BB2409C8,2,72010,Material relief assistance and services,1,
US-GOV-1-DFD-G-00-05-00211-00,4834BB2409C8,2,7001,"Protection, Assistance and Solutions",99,
US-GOV-1-DFD-G-00-09-00026-00,09C0CEA9DAD9,2,74020,Multi-hazard response preparedness,1,
US-GOV-1-DFD-G-00-09-00026-00,09C0CEA9DAD9,2,7002,Disaster Readiness,99,
US-GOV-1-DFD-G-00-09-00026-00,770C764CB225,3,74020,Multi-hazard response preparedness,1,
US-GOV-1-DFD-G-00-09-00026-00,770C764CB225,3,7002,Disaster Readiness,99,
US-GOV-1-DFD-G-00-09-00026-00,F878EA3D5506,2,74020,Multi-hazard response preparedness,1,
US-GOV-1-DFD-G-00-09-00026-00,F878EA3D5506,2,7002,Disaster Readiness,99,
US-GOV-1-DFD-I-05-05-00245-00,5A70EA6731AD,2,11220,Primary education,1,
US-GOV-1-DFD-I-05-05-00245-00,5A70EA6731AD,2,4001,Basic Education,99,
US-GOV-1-ENV-G-00-99-00005,CC62425CF3DB,2,43010,Multisector aid,1,
US-GOV-1-ENV-G-00-99-00005,CC62425CF3DB,2,4005,Social Assistance,99,
US-GOV-1-ENV-G-00-99-00005,40E241AC7DB0,2,41010,Environmental policy and administrative management,1,
US-GOV-1-ENV-G-00-99-00005,40E241AC7DB0,2,6003,Clean Productive Environment,99,
US-GOV-1-ENV-G-00-99-00005,FBD2010C640D,2,41010,Environmental policy and administrative management,1,
US-GOV-1-ENV-G-00-99-00005,FBD2010C640D,2,6003,Clean Productive Environment,99,
US-GOV-1-ENV-P-00-97-00002,1241D36D6FD4,2,43010,Multisector aid,1,
US-GOV-1-ENV-P-00-97-00002,1241D36D6FD4,2,4005,Social Assistance,99,
US-GOV-1-ENV-P-00-98-00001,E488EAF520F3,2,41010,Environmental policy and administrative management,1,
US-GOV-1-ENV-P-00-98-00001,E488EAF520F3,2,6003,Clean Productive Environment,99,
US-GOV-1-ENV-P-00-98-00002,5456CFF35741,2,43010,Multisector aid,1,
US-GOV-1-ENV-P-00-98-00002,5456CFF35741,2,4005,Social Assistance,99,
US-GOV-1-ENV-P-00-98-00002,4F7C24F4F8BB,2,41010,Environmental policy and administrative management,1,
US-GOV-1-ENV-P-00-98-00002,4F7C24F4F8BB,2,6003,Clean Productive Environment,99,
US-GOV-1-FDA-P-00-03-00018-01,FFA8DAF588C0,2,72010,Material relief assistance and services,1,
US-GOV-1-FDA-P-00-03-00018-01,FFA8DAF588C0,2,7001,"Protection, Assistance and Solutions",99,
US-GOV-1-GPO-M-00-05-00043-13,4C17928F6E55,3,13040,STD control including HIV/AIDS,1,
US-GOV-1-GPO-M-00-05-00043-13,4C17928F6E55,3,3001,HIV/AIDS,99,
US-GOV-1-GPO-M-00-05-00043-13,AF63677AF7DF,2,13040,STD control including HIV/AIDS,1,
US-GOV-1-GPO-M-00-05-00043-13,AF63677AF7DF,2,3001,HIV/AIDS,99,
US-GOV-1-HNE-G-00-95-00076,7BA30E72FE61,2,43010,Multisector aid,1,
US-GOV-1-HNE-G-00-95-00076,7BA30E72FE61,2,4005,Social Assistance,99,
US-GOV-1-HNE0014A00402900,BF25F962F750,2,43010,Multisector aid,1,
US-GOV-1-HNE0014A00402900,BF25F962F750,2,4005,Social Assistance,99,
US-GOV-1-HNE0159C00307900,78A6AF9E96A2,2,43010,Multisector aid,1,
US-GOV-1-HNE0159C00307900,78A6AF9E96A2,2,4005,Social Assistance,99,
US-GOV-1-LAG-I-02-99-00019,3FF87DCB80CD,2,41010,Environmental policy and administrative management,1,
US-GOV-1-LAG-I-02-99-00019,3FF87DCB80CD,2,6003,Clean Productive Environment,99,
US-GOV-1-LAG-I-08-99-00017-06,ADE326C79CC7,2,43010,Multisector aid,1,
US-GOV-1-LAG-I-08-99-00017-06,ADE326C79CC7,2,4005,Social Assistance,99,
US-GOV-1-LAG-I-11-99-00013-02,C64C11B768CC,2,43010,Multisector aid,1,
US-GOV-1-LAG-I-11-99-00013-02,C64C11B768CC,2,4005,Social Assistance,99,
US-GOV-1-PCE-I-32-98-00016-00,F6AAE52CBD05,2,43010,Multisector aid,1,
US-GOV-1-PCE-I-32-98-00016-00,F6AAE52CBD05,2,4005,Social Assistance,99,
US-GOV-1-RAN-A-00-06-00040-00,602D619EAA58,2,43010,Multisector aid,1,
US-GOV-1-RAN-A-00-06-00040-00,602D619EAA58,2,4005,Social Assistance,99,
US-GOV-1-RAN-M-00-06-00046-00,64D17290B382,2,43010,Multisector aid,1,
US-GOV-1-RAN-M-00-06-00046-00,64D17290B382,2,4005,Social Assistance,99,
